id,gid,role,role_score,cluster_id,priority_score,evidence,in_deg,out_deg,in_kzt,out_kzt,pagerank,pass_through,depth,is_seed,truncated_by_depth,in_cycle,rapid_transit,structuring_risk,turnaround_hours
100000000343175100,100000000343175100,coordinator,1.0,24,0.293,"High betweenness (0.0011) bridging 39 counterparties across clusters. Volume: 4,178,751 KZT.",8,31,178712.0,4000039.0,0.000713258197938405,22.382598818210305,0,True,False,False,True,False,0.0
100000000456947100,100000000456947100,terminal,0.5,63,0.1,Genuine endpoint (depth 0): received 0 KZT from 0 payers with 0 outgoing transfers.,0,0,0.0,0.0,0.0002855692942172909,,0,True,False,False,False,False,
100000000580561100,100000000580561100,peripheral,0.3,55,0.1434,"Peripheral flow node with 5 active links (27,980 KZT in, 1,488,077 KZT out).",2,3,27980.0,1488077.0,0.0008349888856684654,53.183595425303785,0,True,False,True,False,False,-192.0
100000001415126100,100000001415126100,terminal,0.5,5,0.1138,"Genuine endpoint (depth 0): received 27,000 KZT from 1 payers with 0 outgoing transfers.",1,0,27000.0,0.0,0.0004096189054308049,0.0,0,True,False,False,False,False,
100000001429930100,100000001429930100,terminal,0.5,11,0.1112,"Genuine endpoint (depth 0): received 26,000 KZT from 1 payers with 0 outgoing transfers.",1,0,26000.0,0.0,0.00035079789147407785,0.0,0,True,False,False,False,False,
100000001616816100,100000001616816100,transit,0.927,6,0.2424,"Receives from 5 payers (176,195 KZT), passes through 103% (181,326 KZT) to 3 accounts. Rapid turnaround (24h).",5,3,176195.0,181326.0,0.002434657190684458,1.0291211441868384,0,True,False,True,True,True,24.0
100000001732159100,100000001732159100,peripheral,0.3,16,0.1563,"Peripheral flow node with 6 active links (2,378,100 KZT in, 1,505,966 KZT out).",2,4,2378100.0,1505966.0,0.0010950567872996843,0.633264370716118,0,True,False,True,True,False,0.0
100000002527114100,100000002527114100,coordinator,1.0,32,0.2889,"High betweenness (0.0002) bridging 114 counterparties across clusters. Volume: 3,418,249 KZT; return cycle detected.",3,111,129000.0,3289249.0,0.0008111056953132628,25.49805426356589,0,True,False,True,False,False,-72.0
100000002916006100,100000002916006100,peripheral,0.3,5,0.1009,"Peripheral flow node with 1 active links (0 KZT in, 32,000 KZT out).",0,1,0.0,32000.0,0.0002855692942172909,,0,True,False,False,False,False,
100000003016635100,100000003016635100,coordinator,1.0,2,0.6329,"High betweenness (0.0072) bridging 81 counterparties across clusters. Volume: 10,001,062 KZT; return cycle detected.",8,73,586981.0,9414081.0,0.0011896363343877673,16.038135817002594,0,True,False,True,False,False,-24.0
100000003200071100,100000003200071100,peripheral,0.3,35,0.1009,"Peripheral flow node with 1 active links (0 KZT in, 30,000 KZT out).",0,1,0.0,30000.0,0.0002855692942172909,,0,True,False,False,False,False,
100000003265658100,100000003265658100,terminal,0.5,64,0.1,Genuine endpoint (depth 0): received 0 KZT from 0 payers with 0 outgoing transfers.,0,0,0.0,0.0,0.0002855692942172909,,0,True,False,False,False,False,
100000003349739100,100000003349739100,terminal,0.5,65,0.1,Genuine endpoint (depth 0): received 0 KZT from 0 payers with 0 outgoing transfers.,0,0,0.0,0.0,0.0002855692942172909,,0,True,False,False,False,False,
100000003684369100,100000003684369100,coordinator,1.0,12,0.597,"High betweenness (0.0023) bridging 86 counterparties across clusters. Volume: 12,437,091 KZT; return cycle detected.",24,62,3848436.0,8588655.0,0.0020202912084868667,2.2317260830113845,0,True,False,True,False,False,72.0
100000003770083100,100000003770083100,terminal,0.5,66,0.1,Genuine endpoint (depth 0): received 0 KZT from 0 payers with 0 outgoing transfers.,0,0,0.0,0.0,0.0002855692942172909,,0,True,False,False,False,False,
100000003975102100,100000003975102100,peripheral,0.3,2,0.1129,"Peripheral flow node with 3 active links (25,650 KZT in, 88,500 KZT out).",1,2,25650.0,88500.0,0.0003454652180169808,3.4502923976608186,0,True,False,False,False,False,-360.0
100000003977183100,100000003977183100,peripheral,0.3,6,0.1222,"Peripheral flow node with 6 active links (123,800 KZT in, 766,000 KZT out).",2,4,123800.0,766000.0,0.000331460381699444,6.187399030694669,0,True,False,True,False,False,-144.0
100000004007116100,100000004007116100,peripheral,0.3,39,0.1434,"Peripheral flow node with 7 active links (764,704 KZT in, 148,000 KZT out).",3,4,764704.0,148000.0,0.000627776957324843,0.19353893794200108,0,True,False,True,False,False,216.0
100000004019124100,100000004019124100,terminal,1.0,2,0.1652,"Genuine endpoint (depth 0): received 193,000 KZT from 3 payers with 0 outgoing transfers.",3,0,193000.0,0.0,0.0012028680902033705,0.0,0,True,False,False,False,False,
100000004021459100,100000004021459100,terminal,0.5,67,0.1,Genuine endpoint (depth 0): received 0 KZT from 0 payers with 0 outgoing transfers.,0,0,0.0,0.0,0.0002855692942172909,,0,True,False,False,False,False,
100000004041163100,100000004041163100,peripheral,0.3,2,0.1897,"Peripheral flow node with 3 active links (50,000 KZT in, 866,000 KZT out).",1,2,50000.0,866000.0,0.0020847480556725217,17.32,0,True,False,True,False,False,-336.0
100000004174835100,100000004174835100,terminal,0.5,68,0.1,Genuine endpoint (depth 0): received 0 KZT from 0 payers with 0 outgoing transfers.,0,0,0.0,0.0,0.0002855692942172909,,0,True,False,False,False,False,
100000004193835100,100000004193835100,peripheral,0.3,2,0.1175,"Peripheral flow node with 2 active links (47,000 KZT in, 5,000 KZT out).",1,1,47000.0,5000.0,0.0004699301396955852,0.10638297872340426,0,True,False,False,True,False,0.0
100000004269433100,100000004269433100,peripheral,0.3,2,0.1009,"Peripheral flow node with 1 active links (0 KZT in, 1,372,000 KZT out).",0,1,0.0,1372000.0,0.0002855692942172909,,0,True,False,False,False,False,
100000004358004100,100000004358004100,peripheral,0.3,14,0.1095,"Peripheral flow node with 11 active links (0 KZT in, 980,850 KZT out).",0,11,0.0,980850.0,0.0002855692942172909,,0,True,False,False,False,False,
100000004388983100,100000004388983100,peripheral,0.3,49,0.1017,"Peripheral flow node with 2 active links (0 KZT in, 450,816 KZT out).",0,2,0.0,450816.0,0.0002855692942172909,,0,True,False,False,False,False,
100000004714705100,100000004714705100,peripheral,0.3,5,0.1009,"Peripheral flow node with 1 active links (0 KZT in, 36,550 KZT out).",0,1,0.0,36550.0,0.0002855692942172909,,0,True,False,False,False,False,
100000004723755100,100000004723755100,peripheral,0.3,12,0.1009,"Peripheral flow node with 1 active links (0 KZT in, 95,000 KZT out).",0,1,0.0,95000.0,0.0002855692942172909,,0,True,False,False,False,True,
100000004813068100,100000004813068100,peripheral,0.3,23,0.1026,"Peripheral flow node with 3 active links (0 KZT in, 297,000 KZT out).",0,3,0.0,297000.0,0.0002855692942172909,,0,True,False,False,False,True,
100000004971871100,100000004971871100,peripheral,0.3,47,0.1292,"Peripheral flow node with 2 active links (25,400 KZT in, 5,650 KZT out).",1,1,25400.0,5650.0,0.0007430293125206683,0.22244094488188976,0,True,False,True,False,True,72.0
100000005017150100,100000005017150100,terminal,0.5,69,0.1,Genuine endpoint (depth 0): received 0 KZT from 0 payers with 0 outgoing transfers.,0,0,0.0,0.0,0.0002855692942172909,,0,True,False,False,False,False,
100000005087431100,100000005087431100,terminal,0.5,70,0.1,Genuine endpoint (depth 0): received 0 KZT from 0 payers with 0 outgoing transfers.,0,0,0.0,0.0,0.0002855692942172909,,0,True,False,False,False,False,
100000005235389100,100000005235389100,terminal,0.5,71,0.1,Genuine endpoint (depth 0): received 0 KZT from 0 payers with 0 outgoing transfers.,0,0,0.0,0.0,0.0002855692942172909,,0,True,False,False,False,False,
100000005264990100,100000005264990100,peripheral,0.3,5,0.1165,"Peripheral flow node with 3 active links (17,070 KZT in, 122,000 KZT out).",1,2,17070.0,122000.0,0.00036399621508450143,7.147041593438781,0,True,False,False,False,False,-168.0
100000005370580100,100000005370580100,terminal,0.5,11,0.111,"Genuine endpoint (depth 0): received 24,075 KZT from 1 payers with 0 outgoing transfers.",1,0,24075.0,0.0,0.00034596846648487345,0.0,0,True,False,False,False,False,
100000005382566100,100000005382566100,peripheral,0.3,2,0.241,"Peripheral flow node with 8 active links (393,066 KZT in, 50,000 KZT out).",7,1,393066.0,50000.0,0.002113262052157115,0.12720510041570626,0,True,False,True,False,False,240.0
100000005386383100,100000005386383100,peripheral,0.3,2,0.1291,"Peripheral flow node with 3 active links (37,500 KZT in, 29,000 KZT out).",2,1,37500.0,29000.0,0.0005243332756978218,0.7733333333333333,0,True,False,False,False,False,-144.0
100000005392290100,100000005392290100,peripheral,0.3,50,0.1009,"Peripheral flow node with 1 active links (0 KZT in, 81,465 KZT out).",0,1,0.0,81465.0,0.0002855692942172909,,0,True,False,False,False,False,
100000005395727100,100000005395727100,terminal,0.5,2,0.1121,"Genuine endpoint (depth 0): received 17,000 KZT from 1 payers with 0 outgoing transfers.",1,0,17000.0,0.0,0.0003712067299561801,0.0,0,True,False,False,False,False,
100000005409680100,100000005409680100,terminal,0.667,5,0.1319,"Genuine endpoint (depth 0): received 55,060 KZT from 2 payers with 0 outgoing transfers.",2,0,55060.0,0.0,0.000633528818793162,0.0,0,True,False,False,False,False,
100000005417257100,100000005417257100,peripheral,0.3,5,0.1017,"Peripheral flow node with 2 active links (0 KZT in, 106,000 KZT out).",0,2,0.0,106000.0,0.0002855692942172909,,0,True,False,False,False,False,
100000005454368100,100000005454368100,terminal,0.667,2,0.1214,"Genuine endpoint (depth 0): received 48,600 KZT from 2 payers with 0 outgoing transfers.",2,0,48600.0,0.0,0.00039419296320819405,0.0,0,True,False,False,False,False,
100000005480435100,100000005480435100,terminal,0.5,72,0.1,Genuine endpoint (depth 0): received 0 KZT from 0 payers with 0 outgoing transfers.,0,0,0.0,0.0,0.0002855692942172909,,0,True,False,False,False,False,
100000005485830100,100000005485830100,peripheral,0.3,36,0.1043,"Peripheral flow node with 5 active links (0 KZT in, 275,885 KZT out).",0,5,0.0,275885.0,0.0002855692942172909,,0,True,False,False,False,False,
100000005493505100,100000005493505100,terminal,1.0,11,0.1395,"Genuine endpoint (depth 0): received 62,020 KZT from 3 payers with 0 outgoing transfers.",3,0,62020.0,0.0,0.0006174200765778783,0.0,0,True,False,False,False,False,
100000005495722100,100000005495722100,terminal,0.5,73,0.1,Genuine endpoint (depth 0): received 0 KZT from 0 payers with 0 outgoing transfers.,0,0,0.0,0.0,0.0002855692942172909,,0,True,False,False,False,False,
100000005498992100,100000005498992100,distributor,0.533,6,0.1138,"Distributes 2,262,868 KZT outward to 16 distinct recipient accounts across the network.",0,16,0.0,2262868.0,0.0002855692942172909,,0,True,False,False,False,False,
100000005519347100,100000005519347100,peripheral,0.3,2,0.1295,"Peripheral flow node with 3 active links (73,100 KZT in, 99,000 KZT out).",2,1,73100.0,99000.0,0.0005567200012967697,1.3543091655266757,0,True,False,False,False,False,240.0
100000005523088100,100000005523088100,terminal,0.5,2,0.1712,"Genuine endpoint (depth 0): received 700,000 KZT from 1 payers with 0 outgoing transfers.",1,0,700000.0,0.0,0.0017206377268585411,0.0,0,True,False,False,False,False,
100000005543136100,100000005543136100,peripheral,0.3,11,0.1009,"Peripheral flow node with 1 active links (0 KZT in, 10,000 KZT out).",0,1,0.0,10000.0,0.0002855692942172909,,0,True,False,False,False,False,
100000005550592100,100000005550592100,terminal,0.5,74,0.1,Genuine endpoint (depth 0): received 0 KZT from 0 payers with 0 outgoing transfers.,0,0,0.0,0.0,0.0002855692942172909,,0,True,False,False,False,False,
100000005560900100,100000005560900100,terminal,0.5,75,0.1,Genuine endpoint (depth 0): received 0 KZT from 0 payers with 0 outgoing transfers.,0,0,0.0,0.0,0.0002855692942172909,,0,True,False,False,False,False,
100000005568407100,100000005568407100,terminal,0.5,76,0.1,Genuine endpoint (depth 0): received 0 KZT from 0 payers with 0 outgoing transfers.,0,0,0.0,0.0,0.0002855692942172909,,0,True,False,False,False,False,
100000005668605100,100000005668605100,terminal,1.0,5,0.1492,"Genuine endpoint (depth 0): received 94,500 KZT from 3 payers with 0 outgoing transfers.",3,0,94500.0,0.0,0.0008383018688148934,0.0,0,True,False,False,False,False,
100000005744674100,100000005744674100,peripheral,0.3,2,0.1009,"Peripheral flow node with 1 active links (0 KZT in, 50,066 KZT out).",0,1,0.0,50066.0,0.0002855692942172909,,0,True,False,False,False,False,
100000006232815100,100000006232815100,peripheral,0.3,59,0.1246,"Peripheral flow node with 6 active links (160,000 KZT in, 296,500 KZT out).",1,5,160000.0,296500.0,0.0005566536352336269,1.853125,0,True,False,True,False,False,-240.0
100000006249740100,100000006249740100,peripheral,0.3,51,0.1026,"Peripheral flow node with 3 active links (0 KZT in, 93,007 KZT out).",0,3,0.0,93007.0,0.0002855692942172909,,0,True,False,False,False,False,
100000006831291100,100000006831291100,peripheral,0.3,52,0.1009,"Peripheral flow node with 1 active links (0 KZT in, 15,000 KZT out).",0,1,0.0,15000.0,0.0002855692942172909,,0,True,False,False,False,True,
100000006866783100,100000006866783100,coordinator,1.0,0,0.6064,"High betweenness (0.0060) bridging 80 counterparties across clusters. Volume: 4,786,849 KZT; return cycle detected.",13,67,838812.0,3948037.0,0.0008703719471294018,4.706700667133994,0,True,False,True,True,False,0.0
100000007018630100,100000007018630100,peripheral,0.3,58,0.1009,"Peripheral flow node with 1 active links (0 KZT in, 200,000 KZT out).",0,1,0.0,200000.0,0.0002855692942172909,,0,True,False,False,False,False,
100000007747786100,100000007747786100,distributor,1.0,6,0.1267,"Distributes 4,238,009 KZT outward to 31 distinct recipient accounts across the network.",0,31,0.0,4238009.4,0.0002855692942172909,,0,True,False,False,False,False,
100000007982728100,100000007982728100,peripheral,0.3,6,0.1069,"Peripheral flow node with 8 active links (0 KZT in, 1,804,384 KZT out).",0,8,0.0,1804384.0,0.0002855692942172909,,0,True,False,False,False,False,
100000008117324100,100000008117324100,terminal,0.5,77,0.1,Genuine endpoint (depth 0): received 0 KZT from 0 payers with 0 outgoing transfers.,0,0,0.0,0.0,0.0002855692942172909,,0,True,False,False,False,False,
100000008205000100,100000008205000100,terminal,0.5,78,0.1,Genuine endpoint (depth 0): received 0 KZT from 0 payers with 0 outgoing transfers.,0,0,0.0,0.0,0.0002855692942172909,,0,True,False,False,False,False,
100000008314203100,100000008314203100,transit,0.64,16,0.1279,"Receives from 2 payers (382,076 KZT), passes through 86% (327,000 KZT) to 2 accounts.",2,2,382076.0,327000.0,0.0005029908624026965,0.8558506684533967,0,True,False,True,False,False,-120.0
100000008418835100,100000008418835100,coordinator,1.0,2,0.155,"High betweenness (0.0003) bridging 5 counterparties across clusters. Volume: 1,558,179 KZT.",1,4,1372000.0,186179.0,0.0005285862410602083,0.13569897959183674,0,True,False,False,False,False,264.0
100000008513251100,100000008513251100,terminal,0.5,79,0.1,Genuine endpoint (depth 0): received 0 KZT from 0 payers with 0 outgoing transfers.,0,0,0.0,0.0,0.0002855692942172909,,0,True,False,False,False,False,
100000008516839100,100000008516839100,terminal,1.0,5,0.1593,"Genuine endpoint (depth 0): received 155,000 KZT from 3 payers with 0 outgoing transfers.",3,0,155000.0,0.0,0.0010695838614429962,0.0,0,True,False,False,False,False,
100000008522127100,100000008522127100,peripheral,0.3,19,0.1009,"Peripheral flow node with 1 active links (0 KZT in, 145,000 KZT out).",0,1,0.0,145000.0,0.0002855692942172909,,0,True,False,False,False,False,
100000008571433100,100000008571433100,peripheral,0.3,57,0.1771,"Peripheral flow node with 4 active links (350,000 KZT in, 1,434,000 KZT out).",2,2,350000.0,1434000.0,0.0016264807087207904,4.097142857142857,0,True,False,True,True,False,24.0
100000008575624100,100000008575624100,peripheral,0.3,45,0.1026,"Peripheral flow node with 3 active links (0 KZT in, 89,500 KZT out).",0,3,0.0,89500.0,0.0002855692942172909,,0,True,False,False,False,False,
100000008601794100,100000008601794100,peripheral,0.3,42,0.2087,"Peripheral flow node with 3 active links (494,400 KZT in, 871,400 KZT out).",2,1,494400.0,871400.0,0.002367779758018107,1.7625404530744337,0,True,False,True,False,False,-312.0
100000008637537100,100000008637537100,peripheral,0.3,16,0.1544,"Peripheral flow node with 6 active links (619,890 KZT in, 2,351,495 KZT out).",3,3,619890.0,2351495.0,0.0008287331534345293,3.793406894771653,0,True,False,True,True,False,0.0
100000008650785100,100000008650785100,peripheral,0.3,2,0.1336,"Peripheral flow node with 4 active links (92,000 KZT in, 120,120 KZT out).",2,2,92000.0,120120.0,0.0006125210138081811,1.3056521739130436,0,True,False,False,True,False,24.0
100000008654653100,100000008654653100,peripheral,0.3,2,0.1009,"Peripheral flow node with 1 active links (0 KZT in, 54,000 KZT out).",0,1,0.0,54000.0,0.0002855692942172909,,0,True,False,False,False,False,
100000008659445100,100000008659445100,peripheral,0.3,43,0.2221,"Peripheral flow node with 7 active links (138,490 KZT in, 875,150 KZT out).",3,4,138490.0,875150.0,0.0024238038911821246,6.319228825185934,0,True,False,True,False,False,168.0
100000008669037100,100000008669037100,terminal,0.5,80,0.1,Genuine endpoint (depth 0): received 0 KZT from 0 payers with 0 outgoing transfers.,0,0,0.0,0.0,0.0002855692942172909,,0,True,False,False,False,False,
100000008673001100,100000008673001100,terminal,0.5,5,0.1164,"Genuine endpoint (depth 0): received 80,000 KZT from 1 payers with 0 outgoing transfers.",1,0,80000.0,0.0,0.0004689783107025115,0.0,0,True,False,False,False,False,
100000008680731100,100000008680731100,distributor,0.9,13,0.1233,"Distributes 1,464,354 KZT outward to 27 distinct recipient accounts across the network.",0,27,0.0,1464354.0,0.0002855692942172909,,0,True,False,False,False,False,
100000008701222100,100000008701222100,terminal,0.5,81,0.1,Genuine endpoint (depth 0): received 0 KZT from 0 payers with 0 outgoing transfers.,0,0,0.0,0.0,0.0002855692942172909,,0,True,False,False,False,False,
100000008738325100,100000008738325100,peripheral,0.3,5,0.1198,"Peripheral flow node with 2 active links (36,550 KZT in, 54,000 KZT out).",1,1,36550.0,54000.0,0.0005285862410602083,1.4774281805745555,0,True,False,False,False,False,-48.0
100000003134937100,100000003134937100,terminal,0.5,2,0.0084,"Genuine endpoint (depth 1): received 10,286 KZT from 1 payers with 0 outgoing transfers.",1,0,10286.0,0.0,0.000286675224915866,0.0,1,False,False,False,False,False,
100000005074393100,100000005074393100,coordinator,1.0,11,0.093,"High betweenness (0.0002) bridging 10 counterparties across clusters. Volume: 1,248,526 KZT; return cycle detected.",4,6,563026.0,685500.0,0.0010600834163353942,1.2175281425724567,1,False,False,True,False,False,-72.0
100000001924185100,100000001924185100,terminal,0.667,24,0.0177,"Genuine endpoint (depth 1): received 151,000 KZT from 2 payers with 0 outgoing transfers.",2,0,151000.0,0.0,0.0003102198760278653,0.0,1,False,False,False,False,False,
100000004070318100,100000004070318100,coordinator,1.0,16,0.1515,"High betweenness (0.0021) bridging 23 counterparties across clusters. Volume: 759,107 KZT; return cycle detected.",4,19,207246.55,551860.0,0.00031412234761755547,2.662818753798314,1,False,False,True,False,False,-24.0
100000005807278100,100000005807278100,terminal,0.5,36,0.0087,"Genuine endpoint (depth 1): received 8,385 KZT from 1 payers with 0 outgoing transfers.",1,0,8385.0,0.0,0.0002929553322377627,0.0,1,False,False,False,False,False,
100000003377795100,100000003377795100,terminal,0.5,6,0.0084,"Genuine endpoint (depth 1): received 7,000 KZT from 1 payers with 0 outgoing transfers.",1,0,7000.0,0.0,0.00028597068988854644,0.0,1,False,False,False,False,False,
100000004330371100,100000004330371100,peripheral,0.3,2,0.0738,"Peripheral flow node with 4 active links (264,171 KZT in, 90,681 KZT out).",2,2,264171.0,90681.0,0.00125427193015661,0.3432662934235779,1,False,False,True,True,False,0.0
100000008165763100,100000008165763100,coordinator,1.0,12,0.2075,"High betweenness (0.0003) bridging 32 counterparties across clusters. Volume: 2,433,673 KZT.",15,17,1165815.0,1267858.0,0.0009102399259160802,1.087529324978663,1,False,False,False,False,False,-48.0
100000001684867100,100000001684867100,terminal,0.5,2,0.0085,"Genuine endpoint (depth 1): received 30,550 KZT from 1 payers with 0 outgoing transfers.",1,0,30550.0,0.0,0.00028885397075253017,0.0,1,False,False,False,False,False,
100000003900547100,100000003900547100,terminal,0.5,2,0.0084,"Genuine endpoint (depth 1): received 23,700 KZT from 1 payers with 0 outgoing transfers.",1,0,23700.0,0.0,0.00028811747208587257,0.0,1,False,False,False,False,False,
100000006656003100,100000006656003100,peripheral,0.3,32,0.0094,"Peripheral flow node with 2 active links (20,000 KZT in, 9,000 KZT out).",1,1,20000.0,9000.0,0.0002897670599476741,0.45,1,False,False,True,True,False,0.0
100000008237827100,100000008237827100,terminal,0.5,12,0.0087,"Genuine endpoint (depth 1): received 40,001 KZT from 1 payers with 0 outgoing transfers.",1,0,40001.0,0.0,0.00029357895180421055,0.0,1,False,False,False,False,False,
100000003014659100,100000003014659100,terminal,0.5,24,0.0102,"Genuine endpoint (depth 1): received 280,000 KZT from 1 payers with 0 outgoing transfers.",1,0,280000.0,0.0,0.0003280369433880595,0.0,1,False,False,False,False,False,
100000007939160100,100000007939160100,peripheral,0.3,54,0.0267,"Peripheral flow node with 3 active links (795,000 KZT in, 14,300 KZT out).",1,2,795000.0,14300.0,0.0006653456234025181,0.017987421383647798,1,False,False,True,False,False,-264.0
100000007274584100,100000007274584100,terminal,0.5,12,0.0087,"Genuine endpoint (depth 1): received 38,000 KZT from 1 payers with 0 outgoing transfers.",1,0,38000.0,0.0,0.0002931782787002525,0.0,1,False,False,False,False,False,
100000001524952100,100000001524952100,terminal,0.5,0,0.0092,"Genuine endpoint (depth 1): received 103,807 KZT from 1 payers with 0 outgoing transfers.",1,0,103807.0,0.0,0.00030504892931036134,0.0,1,False,False,False,False,False,
100000003131693100,100000003131693100,terminal,0.5,12,0.0114,"Genuine endpoint (depth 1): received 353,277 KZT from 1 payers with 0 outgoing transfers.",1,0,353277.0,0.0,0.0003563082208274809,0.0,1,False,False,False,False,False,
100000008383405100,100000008383405100,terminal,0.5,23,0.0092,"Genuine endpoint (depth 1): received 25,000 KZT from 1 payers with 0 outgoing transfers.",1,0,25000.0,0.0,0.0003060252661737654,0.0,1,False,False,False,False,False,
100000008736173100,100000008736173100,terminal,0.5,32,0.0086,"Genuine endpoint (depth 1): received 31,060 KZT from 1 payers with 0 outgoing transfers.",1,0,31060.0,0.0,0.000292088424396576,0.0,1,False,False,False,False,False,
100000002861485100,100000002861485100,terminal,0.5,2,0.0085,"Genuine endpoint (depth 1): received 29,323 KZT from 1 payers with 0 outgoing transfers.",1,0,29323.0,0.0,0.00028872204610085294,0.0,1,False,False,False,False,False,
100000008745474100,100000008745474100,terminal,0.5,32,0.0087,"Genuine endpoint (depth 1): received 40,559 KZT from 1 payers with 0 outgoing transfers.",1,0,40559.0,0.0,0.0002940821532302215,0.0,1,False,False,False,False,False,
100000008691330100,100000008691330100,terminal,0.5,32,0.0085,"Genuine endpoint (depth 1): received 21,440 KZT from 1 payers with 0 outgoing transfers.",1,0,21440.0,0.0,0.0002900692990802617,0.0,1,False,False,False,False,False,
100000007639767100,100000007639767100,coordinator,1.0,5,0.1616,"High betweenness (0.0025) bridging 14 counterparties across clusters. Volume: 913,157 KZT; return cycle detected.",4,10,90913.0,822244.0,0.000301440039227222,9.044295095310902,1,False,False,True,False,False,-168.0
100000002921047100,100000002921047100,peripheral,0.3,6,0.0197,"Peripheral flow node with 3 active links (338,000 KZT in, 163,000 KZT out).",2,1,338000.0,163000.02,0.00031704809387447845,0.48224857988165676,1,False,False,False,False,False,408.0
100000004783447100,100000004783447100,terminal,0.5,32,0.0086,"Genuine endpoint (depth 1): received 26,200 KZT from 1 payers with 0 outgoing transfers.",1,0,26200.0,0.0,0.0002910683673240929,0.0,1,False,False,False,False,False,
100000008696919100,100000008696919100,terminal,0.5,32,0.0086,"Genuine endpoint (depth 1): received 31,945 KZT from 1 payers with 0 outgoing transfers.",1,0,31945.0,0.0,0.00029227417553014546,0.0,1,False,False,False,False,False,
100000008736940100,100000008736940100,peripheral,0.3,43,0.1208,"Peripheral flow node with 6 active links (451,090 KZT in, 182,100 KZT out).",3,3,451090.0,182100.0,0.002414156749076467,0.40368884258130305,1,False,False,True,True,False,0.0
100000005940652100,100000005940652100,terminal,0.5,16,0.0084,"Genuine endpoint (depth 1): received 8,395 KZT from 1 payers with 0 outgoing transfers.",1,0,8395.0,0.0,0.00028808836221548404,0.0,1,False,False,False,False,False,
100000004180097100,100000004180097100,coordinator,1.0,15,0.0745,"High betweenness (0.0003) bridging 6 counterparties across clusters. Volume: 152,654 KZT; return cycle detected.",3,3,104854.0,47800.0,0.0008565318930578582,0.4558719743643542,1,False,False,True,False,True,264.0
100000005539201100,100000005539201100,peripheral,0.3,2,0.011,"Peripheral flow node with 2 active links (45,504 KZT in, 25,000 KZT out).",1,1,45504.0,25000.0,0.0002904617957249677,0.5494022503516175,1,False,False,False,False,False,-96.0
100000005620225100,100000005620225100,terminal,0.667,0,0.0171,"Genuine endpoint (depth 1): received 49,846 KZT from 2 payers with 0 outgoing transfers.",2,0,49845.66,0.0,0.000296236243145001,0.0,1,False,False,False,False,False,
100000004388353100,100000004388353100,terminal,0.667,24,0.0191,"Genuine endpoint (depth 1): received 62,960 KZT from 2 payers with 0 outgoing transfers.",2,0,62960.0,0.0,0.00034075907407916386,0.0,1,False,False,False,False,False,
100000007442518100,100000007442518100,coordinator,1.0,25,0.0864,"High betweenness (0.0003) bridging 14 counterparties across clusters. Volume: 4,929,999 KZT; return cycle detected.",5,9,510000.0,4419999.0,0.0006487732246506228,8.666664705882352,1,False,False,True,False,False,264.0
100000000267734100,100000000267734100,peripheral,0.3,6,0.0339,"Peripheral flow node with 9 active links (180,000 KZT in, 282,000 KZT out).",2,7,180000.0,282000.0,0.0005373190777888428,1.5666666666666667,1,False,False,True,False,False,336.0
100000001987030100,100000001987030100,peripheral,0.3,6,0.0201,"Peripheral flow node with 3 active links (30,864 KZT in, 19,000 KZT out).",2,1,30864.0,19000.0,0.0002938727535543705,0.6156039398652151,1,False,False,False,False,False,312.0
100000002603478100,100000002603478100,terminal,0.5,13,0.0085,"Genuine endpoint (depth 1): received 23,500 KZT from 1 payers with 0 outgoing transfers.",1,0,23500.0,0.0,0.0002894692379814412,0.0,1,False,False,False,False,False,
100000001380054100,100000001380054100,peripheral,0.3,62,0.0382,"Peripheral flow node with 5 active links (127,050 KZT in, 360,000 KZT out).",2,3,127050.0,360000.0,0.0007164305424822365,2.833530106257379,1,False,False,True,True,False,0.0
100000002992171100,100000002992171100,terminal,0.5,32,0.0085,"Genuine endpoint (depth 1): received 14,627 KZT from 1 payers with 0 outgoing transfers.",1,0,14627.0,0.0,0.0002886393301842066,0.0,1,False,False,False,False,False,
100000002781227100,100000002781227100,transit,0.722,19,0.1138,"Receives from 2 payers (191,168 KZT), passes through 111% (212,420 KZT) to 3 accounts.",2,3,191167.62,212420.0,0.0023265921896669568,1.1111714421092862,1,False,False,True,False,True,264.0
100000008745643100,100000008745643100,terminal,0.5,32,0.0085,"Genuine endpoint (depth 1): received 20,313 KZT from 1 payers with 0 outgoing transfers.",1,0,20313.0,0.0,0.0002898327549813546,0.0,1,False,False,False,False,False,
100000002836736100,100000002836736100,terminal,0.667,6,0.0239,"Genuine endpoint (depth 1): received 509,000 KZT from 2 payers with 0 outgoing transfers.",2,0,509000.0,0.0,0.0004517900546889058,0.0,1,False,False,False,False,False,
100000004188160100,100000004188160100,coordinator,1.0,11,0.1349,"High betweenness (0.0025) bridging 7 counterparties across clusters. Volume: 221,708 KZT; return cycle detected.",2,5,87862.0,133846.0,0.0002968274021349181,1.5233661878855478,1,False,False,True,False,False,432.0
100000004841728100,100000004841728100,terminal,0.5,32,0.0088,"Genuine endpoint (depth 1): received 52,208 KZT from 1 payers with 0 outgoing transfers.",1,0,52208.0,0.0,0.0002965271418798832,0.0,1,False,False,False,False,False,
100000001554432100,100000001554432100,terminal,0.5,12,0.0088,"Genuine endpoint (depth 1): received 53,920 KZT from 1 payers with 0 outgoing transfers.",1,0,53920.0,0.0,0.00029636604272574585,0.0,1,False,False,False,False,False,
100000008768896100,100000008768896100,terminal,0.5,32,0.0088,"Genuine endpoint (depth 1): received 47,060 KZT from 1 payers with 0 outgoing transfers.",1,0,47060.0,0.0,0.0002954466369808825,0.0,1,False,False,False,False,False,
100000008232832100,100000008232832100,peripheral,0.3,16,0.0183,"Peripheral flow node with 2 active links (337,000 KZT in, 138,000 KZT out).",1,1,337000.0,138000.0,0.0004942271899045277,0.4094955489614243,1,False,False,False,False,False,-168.0
100000002864256100,100000002864256100,terminal,0.5,12,0.0095,"Genuine endpoint (depth 1): received 135,780 KZT from 1 payers with 0 outgoing transfers.",1,0,135780.0,0.0,0.0003127573971935152,0.0,1,False,False,False,False,False,
100000001929088100,100000001929088100,terminal,0.667,6,0.0181,"Genuine endpoint (depth 1): received 396,010 KZT from 2 payers with 0 outgoing transfers.",2,0,396010.0,0.0,0.0003175873990634125,0.0,1,False,False,False,False,False,
100000002794197100,100000002794197100,terminal,0.5,6,0.0084,"Genuine endpoint (depth 1): received 30,100 KZT from 1 payers with 0 outgoing transfers.",1,0,30100.0,0.0,0.0002872952956036898,0.0,1,False,False,False,False,False,
100000005669845100,100000005669845100,terminal,0.5,59,0.0097,"Genuine endpoint (depth 1): received 20,000 KZT from 1 payers with 0 outgoing transfers.",1,0,20000.0,0.0,0.0003175358448925586,0.0,1,False,False,False,False,False,
100000002211413100,100000002211413100,terminal,0.5,32,0.0087,"Genuine endpoint (depth 1): received 37,000 KZT from 1 payers with 0 outgoing transfers.",1,0,37000.0,0.0,0.00029333516081849983,0.0,1,False,False,False,False,False,
100000002784085100,100000002784085100,terminal,0.5,6,0.0093,"Genuine endpoint (depth 1): received 200,000 KZT from 1 payers with 0 outgoing transfers.",1,0,200000.0,0.0,0.00030704796171737643,0.0,1,False,False,False,False,False,
100000008782421100,100000008782421100,terminal,0.5,32,0.0088,"Genuine endpoint (depth 1): received 49,680 KZT from 1 payers with 0 outgoing transfers.",1,0,49680.0,0.0,0.00029599654429156275,0.0,1,False,False,False,False,False,
100000003739818100,100000003739818100,terminal,0.5,12,0.0088,"Genuine endpoint (depth 1): received 57,293 KZT from 1 payers with 0 outgoing transfers.",1,0,57293.0,0.0,0.00029704144021682556,0.0,1,False,False,False,False,False,
100000002214570100,100000002214570100,terminal,0.5,32,0.0086,"Genuine endpoint (depth 1): received 26,471 KZT from 1 payers with 0 outgoing transfers.",1,0,26471.0,0.0,0.0002911252470497396,0.0,1,False,False,False,False,False,
100000006443391100,100000006443391100,peripheral,0.3,6,0.1202,"Peripheral flow node with 5 active links (86,776 KZT in, 60,042 KZT out).",3,2,86775.93,60041.71000000001,0.0024195077535015437,0.6919166409394865,1,False,False,True,False,True,192.0
100000005473151100,100000005473151100,coordinator,1.0,17,0.0527,"High betweenness (0.0002) bridging 7 counterparties across clusters. Volume: 1,445,000 KZT; return cycle detected.",3,4,1220000.0,225000.0,0.00046826743371965174,0.18442622950819673,1,False,False,True,False,False,-96.0
100000005124479100,100000005124479100,peripheral,0.3,24,0.021,"Peripheral flow node with 4 active links (137,753 KZT in, 22,000 KZT out).",2,2,137753.0,22000.0,0.0003032300539809193,0.15970614070110994,1,False,False,False,False,False,-168.0
100000005527892100,100000005527892100,coordinator,1.0,19,0.0602,"High betweenness (0.0005) bridging 11 counterparties across clusters. Volume: 772,420 KZT.",3,8,220001.0,552419.0,0.00031243167214621076,2.510984040981632,1,False,False,False,False,False,96.0
100000008028628100,100000008028628100,terminal,0.5,32,0.0089,"Genuine endpoint (depth 1): received 57,224 KZT from 1 payers with 0 outgoing transfers.",1,0,57224.0,0.0,0.0002975799415250633,0.0,1,False,False,False,False,False,
100000001953577100,100000001953577100,terminal,0.5,32,0.0085,"Genuine endpoint (depth 1): received 15,600 KZT from 1 payers with 0 outgoing transfers.",1,0,15600.0,0.0,0.00028884355148698975,0.0,1,False,False,False,False,False,
100000008193577100,100000008193577100,peripheral,0.3,44,0.0628,"Peripheral flow node with 7 active links (154,300 KZT in, 480,180 KZT out).",2,5,154300.0,480180.0,0.0012389478209868787,3.1119896305897603,1,False,False,True,False,False,-336.0
100000008753193100,100000008753193100,terminal,0.5,32,0.0087,"Genuine endpoint (depth 1): received 35,225 KZT from 1 payers with 0 outgoing transfers.",1,0,35225.0,0.0,0.0002929626091099283,0.0,1,False,False,False,False,False,
100000008746025100,100000008746025100,terminal,0.5,32,0.0085,"Genuine endpoint (depth 1): received 22,000 KZT from 1 payers with 0 outgoing transfers.",1,0,22000.0,0.0,0.0002901868365207124,0.0,1,False,False,False,False,False,
100000002934441100,100000002934441100,terminal,0.667,0,0.0174,"Genuine endpoint (depth 1): received 60,846 KZT from 2 payers with 0 outgoing transfers.",2,0,60845.6,0.0,0.00030248130107500554,0.0,1,False,False,False,False,False,
100000003701161100,100000003701161100,coordinator,1.0,18,0.1195,"High betweenness (0.0002) bridging 7 counterparties across clusters. Volume: 1,876,103 KZT; return cycle detected.",4,3,1527103.0,349000.0,0.0016488161626324828,0.22853730232996727,1,False,False,True,True,False,48.0
100000006707582100,100000006707582100,coordinator,1.0,4,0.062,"High betweenness (0.0004) bridging 16 counterparties across clusters. Volume: 1,000,658 KZT; return cycle detected.",2,14,39520.0,961138.0,0.000538055648514295,24.320293522267207,1,False,False,True,False,False,-24.0
100000003239379100,100000003239379100,terminal,0.5,13,0.009,"Genuine endpoint (depth 1): received 92,500 KZT from 1 payers with 0 outgoing transfers.",1,0,92500.0,0.0,0.00030092013669320166,0.0,1,False,False,False,False,False,
100000000979923100,100000000979923100,terminal,0.5,24,0.009,"Genuine endpoint (depth 1): received 97,900 KZT from 1 payers with 0 outgoing transfers.",1,0,97900.0,0.0,0.0003004178044094989,0.0,1,False,False,False,False,False,
100000001111763100,100000001111763100,terminal,0.5,32,0.0085,"Genuine endpoint (depth 1): received 17,144 KZT from 1 payers with 0 outgoing transfers.",1,0,17144.0,0.0,0.0002891676190013754,0.0,1,False,False,False,False,False,
100000003865939100,100000003865939100,terminal,0.5,50,0.019,"Genuine endpoint (depth 1): received 81,465 KZT from 1 payers with 0 outgoing transfers.",1,0,81465.0,0.0,0.0005285862410602083,0.0,1,False,False,False,False,False,
100000002858835100,100000002858835100,terminal,0.5,32,0.0086,"Genuine endpoint (depth 1): received 24,400 KZT from 1 payers with 0 outgoing transfers.",1,0,24400.0,0.0,0.0002906905684083584,0.0,1,False,False,False,False,False,
100000003404627100,100000003404627100,terminal,1.0,16,0.0812,"Genuine endpoint (depth 1): received 877,700 KZT from 4 payers with 0 outgoing transfers.",4,0,877700.0,0.0,0.0013785777125656829,0.0,1,False,False,False,False,False,
100000008691027100,100000008691027100,terminal,0.5,32,0.0085,"Genuine endpoint (depth 1): received 17,534 KZT from 1 payers with 0 outgoing transfers.",1,0,17534.0,0.0,0.00028924947543311784,0.0,1,False,False,False,False,False,
100000004071080100,100000004071080100,consolidator,0.562,0,0.144,"Consolidates from 9 payers (238,600 KZT), forwards only 19% outward to 2 recipients; near-threshold structuring.",9,2,238600.0,46500.0,0.0013690045738923454,0.19488683989941324,1,False,False,True,True,True,24.0
100000002864680100,100000002864680100,terminal,0.5,13,0.0087,"Genuine endpoint (depth 1): received 55,932 KZT from 1 payers with 0 outgoing transfers.",1,0,55932.0,0.0,0.00029485149228607616,0.0,1,False,False,False,False,False,
100000001330685100,100000001330685100,peripheral,0.3,20,0.0333,"Peripheral flow node with 4 active links (2,435,923 KZT in, 100,500 KZT out).",3,1,2435923.0,100500.0,0.0004382160258847987,0.04125746175063826,1,False,False,False,False,False,-216.0
100000008745725100,100000008745725100,terminal,0.5,32,0.0088,"Genuine endpoint (depth 1): received 47,060 KZT from 1 payers with 0 outgoing transfers.",1,0,47060.0,0.0,0.0002954466369808825,0.0,1,False,False,False,False,False,
100000002621949100,100000002621949100,terminal,0.5,12,0.0098,"Genuine endpoint (depth 1): received 164,612 KZT from 1 payers with 0 outgoing transfers.",1,0,164612.0,0.0,0.00031853061405174546,0.0,1,False,False,False,False,False,
100000007908818100,100000007908818100,coordinator,1.0,12,0.0618,"High betweenness (0.0002) bridging 10 counterparties across clusters. Volume: 1,029,475 KZT.",4,6,727475.0,302000.0,0.0004753811920473765,0.4151345407058662,1,False,False,False,False,False,-336.0
100000008691495100,100000008691495100,terminal,0.5,32,0.0086,"Genuine endpoint (depth 1): received 27,000 KZT from 1 payers with 0 outgoing transfers.",1,0,27000.0,0.0,0.0002912362779533082,0.0,1,False,False,False,False,False,
100000003832231100,100000003832231100,terminal,0.5,12,0.0086,"Genuine endpoint (depth 1): received 35,000 KZT from 1 payers with 0 outgoing transfers.",1,0,35000.0,0.0,0.00029257756939896605,0.0,1,False,False,False,False,False,
100000002371751100,100000002371751100,peripheral,0.3,58,0.0198,"Peripheral flow node with 2 active links (200,000 KZT in, 250,000 KZT out).",1,1,200000.0,250000.0,0.0005285862410602083,1.25,1,False,False,False,False,False,72.0
100000002894076100,100000002894076100,terminal,1.0,19,0.0376,"Genuine endpoint (depth 1): received 1,122,782 KZT from 4 payers with 0 outgoing transfers.",4,0,1122782.0,0.0,0.00038267994337591544,0.0,1,False,False,False,False,False,
100000001362940100,100000001362940100,terminal,0.5,12,0.009,"Genuine endpoint (depth 1): received 81,000 KZT from 1 payers with 0 outgoing transfers.",1,0,81000.0,0.0,0.00030178844535202483,0.0,1,False,False,False,False,False,
100000008741372100,100000008741372100,terminal,0.5,32,0.0087,"Genuine endpoint (depth 1): received 35,975 KZT from 1 payers with 0 outgoing transfers.",1,0,35975.0,0.0,0.00029312002532481767,0.0,1,False,False,False,False,False,
100000002618492100,100000002618492100,terminal,0.667,4,0.0203,"Genuine endpoint (depth 1): received 296,500 KZT from 2 payers with 0 outgoing transfers.",2,0,296500.0,0.0,0.00036902681066638884,0.0,1,False,False,False,False,False,
100000002750332100,100000002750332100,terminal,0.5,6,0.0084,"Genuine endpoint (depth 1): received 11,360 KZT from 1 payers with 0 outgoing transfers.",1,0,11360.0,0.0,0.00028678928253129574,0.0,1,False,False,False,False,False,
100000004948177100,100000004948177100,terminal,1.0,2,0.031,"Genuine endpoint (depth 1): received 437,163 KZT from 3 payers with 0 outgoing transfers.",3,0,437163.0,0.0,0.00042215807154897264,0.0,1,False,False,False,False,False,
100000002511825100,100000002511825100,terminal,0.5,0,0.0089,"Genuine endpoint (depth 1): received 65,000 KZT from 1 payers with 0 outgoing transfers.",1,0,65000.0,0.0,0.00029776670172400603,0.0,1,False,False,False,False,False,
100000008566737100,100000008566737100,terminal,0.667,5,0.0195,"Genuine endpoint (depth 1): received 230,000 KZT from 2 payers with 0 outgoing transfers.",2,0,230000.0,0.0,0.0003494638119095339,0.0,1,False,False,False,False,False,
100000008661585100,100000008661585100,terminal,0.5,32,0.0087,"Genuine endpoint (depth 1): received 43,141 KZT from 1 payers with 0 outgoing transfers.",1,0,43141.0,0.0,0.00029462408478601393,0.0,1,False,False,False,False,False,
100000004759121100,100000004759121100,peripheral,0.3,24,0.1042,"Peripheral flow node with 8 active links (710,000 KZT in, 312,000 KZT out).",6,2,710000.0,312000.0,0.0014151796822407352,0.4394366197183099,1,False,False,True,False,False,-96.0
100000004360785100,100000004360785100,terminal,0.5,2,0.0088,"Genuine endpoint (depth 1): received 94,705 KZT from 1 payers with 0 outgoing transfers.",1,0,94705.0,0.0,0.00029575179147653256,0.0,1,False,False,False,False,False,
100000005092518100,100000005092518100,terminal,0.5,32,0.0086,"Genuine endpoint (depth 1): received 26,144 KZT from 1 payers with 0 outgoing transfers.",1,0,26144.0,0.0,0.0002910566135800478,0.0,1,False,False,False,False,False,
100000008737958100,100000008737958100,terminal,0.667,33,0.0173,"Genuine endpoint (depth 1): received 53,373 KZT from 2 payers with 0 outgoing transfers.",2,0,53373.0,0.0,0.00029962614026345346,0.0,1,False,False,False,False,False,
100000003044518100,100000003044518100,terminal,0.5,6,0.0084,"Genuine endpoint (depth 1): received 34,423 KZT from 1 payers with 0 outgoing transfers.",1,0,34423.0,0.0,0.00028754318610180955,0.0,1,False,False,False,False,False,
100000004159526100,100000004159526100,peripheral,0.3,4,0.0654,"Peripheral flow node with 8 active links (275,037 KZT in, 68,000 KZT out).",4,4,275037.0,68000.0,0.0008532026216190937,0.24723946232688693,1,False,False,True,False,False,-168.0
100000007544358100,100000007544358100,transit,0.787,2,0.0207,"Receives from 2 payers (322,500 KZT), passes through 109% (350,000 KZT) to 1 accounts. Rapid turnaround (0h).",2,1,322500.0,350000.0,0.0003405716742742659,1.0852713178294573,1,False,False,False,True,False,0.0
100000005901606100,100000005901606100,terminal,0.5,32,0.0087,"Genuine endpoint (depth 1): received 35,660 KZT from 1 payers with 0 outgoing transfers.",1,0,35660.0,0.0,0.0002930539105145642,0.0,1,False,False,False,False,False,
100000006658598100,100000006658598100,terminal,0.5,2,0.0084,"Genuine endpoint (depth 1): received 9,000 KZT from 1 payers with 0 outgoing transfers.",1,0,9000.0,0.0,0.00028653695669903076,0.0,1,False,False,False,False,False,
100000002793851100,100000002793851100,terminal,0.5,2,0.0084,"Genuine endpoint (depth 1): received 11,052 KZT from 1 payers with 0 outgoing transfers.",1,0,11052.0,0.0,0.0002867575837448675,0.0,1,False,False,False,False,False,
100000005612411100,100000005612411100,coordinator,1.0,14,0.0457,"High betweenness (0.0002) bridging 11 counterparties across clusters. Volume: 622,497 KZT.",3,8,115500.0,506997.0,0.00032720608268876,4.389584415584416,1,False,False,False,False,False,-504.0
100000007511163100,100000007511163100,peripheral,0.3,2,0.0269,"Peripheral flow node with 5 active links (63,666 KZT in, 82,052 KZT out).",2,3,63666.0,82052.0,0.00033959732516021757,1.2887883642760658,1,False,False,True,False,False,-24.0
100000002648315100,100000002648315100,peripheral,0.3,6,0.0104,"Peripheral flow node with 3 active links (132,000 KZT in, 76,000 KZT out).",1,2,132000.0,76000.0,0.0002931384697323959,0.5757575757575758,1,False,False,False,False,False,96.0
100000004739664100,100000004739664100,transit,0.583,28,0.0094,"Receives from 1 payers (12,000 KZT), passes through 83% (10,000 KZT) to 1 accounts.",1,1,12000.0,10000.0,0.00028808795365552084,0.8333333333333334,1,False,False,False,False,False,-504.0
100000003713616100,100000003713616100,terminal,0.5,2,0.0084,"Genuine endpoint (depth 1): received 15,893 KZT from 1 payers with 0 outgoing transfers.",1,0,15893.0,0.0,0.00028727807864198997,0.0,1,False,False,False,False,False,
100000003476560100,100000003476560100,terminal,0.5,12,0.0088,"Genuine endpoint (depth 1): received 50,000 KZT from 1 payers with 0 outgoing transfers.",1,0,50000.0,0.0,0.00029558111590539824,0.0,1,False,False,False,False,False,
100000008782800100,100000008782800100,terminal,0.5,32,0.0087,"Genuine endpoint (depth 1): received 43,381 KZT from 1 payers with 0 outgoing transfers.",1,0,43381.0,0.0,0.0002946744579747786,0.0,1,False,False,False,False,False,
100000004218576100,100000004218576100,terminal,0.5,32,0.0086,"Genuine endpoint (depth 1): received 26,144 KZT from 1 payers with 0 outgoing transfers.",1,0,26144.0,0.0,0.0002910566135800478,0.0,1,False,False,False,False,False,
100000003299365100,100000003299365100,transit,1.0,12,0.0109,"Receives from 1 payers (200,000 KZT), passes through 100% (200,000 KZT) to 1 accounts. Rapid turnaround (0h).",1,1,200000.0,200000.0,0.0003256165809697203,1.0,1,False,False,True,True,False,0.0
100000008730021100,100000008730021100,terminal,0.5,2,0.0163,"Genuine endpoint (depth 1): received 75,555 KZT from 1 payers with 0 outgoing transfers.",1,0,75555.0,0.0,0.00046813825917664217,0.0,1,False,False,False,False,True,
100000002757797100,100000002757797100,terminal,0.5,13,0.0091,"Genuine endpoint (depth 1): received 100,000 KZT from 1 payers with 0 outgoing transfers.",1,0,100000.0,0.0,0.00030216479959665387,0.0,1,False,False,False,False,False,
100000002845605100,100000002845605100,terminal,0.5,0,0.0088,"Genuine endpoint (depth 1): received 57,567 KZT from 1 payers with 0 outgoing transfers.",1,0,57567.0,0.0,0.00029637188126250733,0.0,1,False,False,False,False,False,
100000000817146100,100000000817146100,terminal,0.5,2,0.0216,"Genuine endpoint (depth 1): received 70,020 KZT from 1 payers with 0 outgoing transfers.",1,0,70020.0,0.0,0.0005894684786410261,0.0,1,False,False,False,False,False,
100000002957306100,100000002957306100,terminal,0.667,24,0.0197,"Genuine endpoint (depth 1): received 398,490 KZT from 2 payers with 0 outgoing transfers.",2,0,398490.0,0.0,0.00035518687962427057,0.0,1,False,False,False,False,False,
100000008188026100,100000008188026100,peripheral,0.3,2,0.0239,"Peripheral flow node with 6 active links (86,468 KZT in, 337,983 KZT out).",2,4,86468.0,337983.17,0.0002993035967853829,3.9087659018365173,1,False,False,True,False,False,624.0
100000004790991100,100000004790991100,terminal,0.5,2,0.0095,"Genuine endpoint (depth 1): received 239,413 KZT from 1 payers with 0 outgoing transfers.",1,0,239413.0,0.0,0.0003113105139662674,0.0,1,False,False,False,False,False,
100000002973903100,100000002973903100,terminal,1.0,16,0.0264,"Genuine endpoint (depth 1): received 92,880 KZT from 3 payers with 0 outgoing transfers.",3,0,92880.0,0.0,0.00031686903979445306,0.0,1,False,False,False,False,False,
100000004325327100,100000004325327100,transit,0.971,0,0.0195,"Receives from 2 payers (70,817 KZT), passes through 99% (70,000 KZT) to 1 accounts. Rapid turnaround (48h).",2,1,70817.0,70000.0,0.00029579231968135573,0.988463222107686,1,False,False,False,True,False,48.0
100000001477796100,100000001477796100,terminal,0.5,14,0.0103,"Genuine endpoint (depth 1): received 182,000 KZT from 1 payers with 0 outgoing transfers.",1,0,182000.0,0.0,0.0003306619019813842,0.0,1,False,False,False,False,False,
100000007536804100,100000007536804100,peripheral,0.3,6,0.0103,"Peripheral flow node with 3 active links (100,000 KZT in, 55,000 KZT out).",1,2,100000.0,55000.0,0.00029130351809237046,0.55,1,False,False,False,True,False,48.0
100000008665380100,100000008665380100,peripheral,0.3,0,0.0185,"Peripheral flow node with 3 active links (69,100 KZT in, 18,200 KZT out).",2,1,69100.0,18200.0,0.00029077432850192693,0.2633863965267728,1,False,False,False,True,False,24.0
100000001870116100,100000001870116100,terminal,0.5,32,0.0086,"Genuine endpoint (depth 1): received 24,000 KZT from 1 payers with 0 outgoing transfers.",1,0,24000.0,0.0,0.00029060661309375074,0.0,1,False,False,False,False,False,
100000001074553100,100000001074553100,terminal,0.667,6,0.0168,"Genuine endpoint (depth 1): received 28,971 KZT from 2 payers with 0 outgoing transfers.",2,0,28971.0,0.0,0.0002894987523363481,0.0,1,False,False,False,False,False,
100000000978041100,100000000978041100,terminal,0.5,32,0.0087,"Genuine endpoint (depth 1): received 44,445 KZT from 1 payers with 0 outgoing transfers.",1,0,44445.0,0.0,0.00029489777911163493,0.0,1,False,False,False,False,False,
100000002603769100,100000002603769100,terminal,1.0,20,0.0362,"Genuine endpoint (depth 1): received 1,185,368 KZT from 3 payers with 0 outgoing transfers.",3,0,1185368.0,0.0,0.0005415388680707106,0.0,1,False,False,False,False,False,
100000005034574100,100000005034574100,terminal,0.5,49,0.0144,"Genuine endpoint (depth 1): received 258,816 KZT from 1 payers with 0 outgoing transfers.",1,0,258816.0,0.0,0.0004250866895938891,0.0,1,False,False,False,False,False,
100000002958286100,100000002958286100,terminal,0.5,6,0.0095,"Genuine endpoint (depth 1): received 257,000 KZT from 1 payers with 0 outgoing transfers.",1,0,257000.0,0.0,0.0003131693819549008,0.0,1,False,False,False,False,False,
100000005634552100,100000005634552100,peripheral,0.3,20,0.0122,"Peripheral flow node with 4 active links (25,850 KZT in, 1,196,000 KZT out).",1,3,25850.0,1196000.0,0.00028834863590095484,46.2669245647969,1,False,False,False,False,False,-288.0
100000008736760100,100000008736760100,terminal,0.5,32,0.0088,"Genuine endpoint (depth 1): received 54,757 KZT from 1 payers with 0 outgoing transfers.",1,0,54757.0,0.0,0.00029706214712222056,0.0,1,False,False,False,False,False,
100000008701944100,100000008701944100,terminal,0.5,2,0.0138,"Genuine endpoint (depth 1): received 52,124 KZT from 1 payers with 0 outgoing transfers.",1,0,52124.0,0.0,0.0004115202535123902,0.0,1,False,False,False,False,False,
100000008748408100,100000008748408100,distributor,0.7,8,0.0288,"Distributes 1,499,960 KZT outward to 21 distinct recipient accounts across the network.",1,21,360000.0,1499960.0,0.0003340545949423307,4.166555555555555,1,False,False,False,True,False,0.0
100000008486520100,100000008486520100,peripheral,0.3,2,0.0101,"Peripheral flow node with 2 active links (35,720 KZT in, 14,000 KZT out).",1,1,35720.0,14000.0,0.00028940983908926294,0.3919372900335946,1,False,False,False,False,True,-48.0
100000003163256100,100000003163256100,transit,0.719,2,0.01,"Receives from 1 payers (13,485 KZT), passes through 111% (15,000 KZT) to 1 accounts.",1,1,13485.0,15000.0,0.00028701917516909777,1.1123470522803114,1,False,False,False,False,False,-120.0
100000003102157100,100000003102157100,terminal,0.5,0,0.0091,"Genuine endpoint (depth 1): received 96,746 KZT from 1 payers with 0 outgoing transfers.",1,0,96746.0,0.0,0.0003037239155502857,0.0,1,False,False,False,False,False,
100000004741837100,100000004741837100,terminal,0.5,2,0.0085,"Genuine endpoint (depth 1): received 25,596 KZT from 1 payers with 0 outgoing transfers.",1,0,25596.0,0.0,0.0002883213263153591,0.0,1,False,False,False,False,False,
100000008443341100,100000008443341100,coordinator,1.0,13,0.0576,"High betweenness (0.0004) bridging 5 counterparties across clusters. Volume: 84,500 KZT; return cycle detected.",2,3,34500.0,50000.0,0.000668969993048666,1.4492753623188406,1,False,False,True,False,False,-240.0
100000004792397100,100000004792397100,terminal,0.5,32,0.009,"Genuine endpoint (depth 1): received 73,520 KZT from 1 payers with 0 outgoing transfers.",1,0,73520.0,0.0,0.0003010002810421795,0.0,1,False,False,False,False,False,
100000003809101100,100000003809101100,peripheral,0.3,5,0.0269,"Peripheral flow node with 4 active links (166,050 KZT in, 55,200 KZT out).",2,2,166050.0,55200.0,0.00036194707754243303,0.3324299909665763,1,False,False,True,False,True,-120.0
100000002838861100,100000002838861100,peripheral,0.3,17,0.1236,"Peripheral flow node with 6 active links (554,524 KZT in, 10,000 KZT out).",5,1,554523.95,10000.0,0.002119918647260691,0.018033486200190272,1,False,False,True,False,False,216.0
100000008560717100,100000008560717100,peripheral,0.3,20,0.0619,"Peripheral flow node with 8 active links (529,000 KZT in, 25,000 KZT out).",7,1,529000.0,25000.0,0.0003308341565552128,0.04725897920604915,1,False,False,False,False,False,600.0
100000008693069100,100000008693069100,terminal,0.5,32,0.0085,"Genuine endpoint (depth 1): received 20,000 KZT from 1 payers with 0 outgoing transfers.",1,0,20000.0,0.0,0.0002897670599476741,0.0,1,False,False,False,False,False,
100000008672162100,100000008672162100,terminal,0.5,32,0.0085,"Genuine endpoint (depth 1): received 15,550 KZT from 1 payers with 0 outgoing transfers.",1,0,15550.0,0.0,0.0002888330570726638,0.0,1,False,False,False,False,False,
100000007311010100,100000007311010100,peripheral,0.3,12,0.0195,"Peripheral flow node with 3 active links (64,480 KZT in, 20,000 KZT out).",2,1,64480.0,20000.0,0.0003093598362490275,0.31017369727047145,1,False,False,False,False,False,-360.0
100000005505655100,100000005505655100,peripheral,0.3,10,0.0296,"Peripheral flow node with 3 active links (33,070 KZT in, 20,000 KZT out).",2,1,33070.0,20000.0,0.00032150802112552193,0.6047777441790142,1,False,False,True,False,False,72.0
100000004707703100,100000004707703100,transit,0.92,2,0.0405,"Receives from 2 payers (239,300 KZT), passes through 97% (231,650 KZT) to 5 accounts. Rapid turnaround (0h).",2,5,239300.0,231650.0,0.000635562438434635,0.9680317592979524,1,False,False,False,True,False,0.0
100000004005964100,100000004005964100,peripheral,0.3,39,0.0328,"Peripheral flow node with 6 active links (97,900 KZT in, 72,000 KZT out).",3,3,97900.0,72000.0,0.0004045246914881722,0.7354443309499489,1,False,False,True,False,True,144.0
100000008244300100,100000008244300100,terminal,1.0,16,0.0502,"Genuine endpoint (depth 1): received 65,430 KZT from 5 payers with 0 outgoing transfers.",5,0,65430.0,0.0,0.000479365914728666,0.0,1,False,False,False,False,True,
100000002692044100,100000002692044100,terminal,0.5,13,0.009,"Genuine endpoint (depth 1): received 97,000 KZT from 1 payers with 0 outgoing transfers.",1,0,97000.0,0.0,0.000301666934435273,0.0,1,False,False,False,False,False,
100000001103905100,100000001103905100,terminal,0.5,32,0.0085,"Genuine endpoint (depth 1): received 18,000 KZT from 1 payers with 0 outgoing transfers.",1,0,18000.0,0.0,0.00028934728337463573,0.0,1,False,False,False,False,False,
100000008755361100,100000008755361100,terminal,0.5,32,0.0085,"Genuine endpoint (depth 1): received 14,627 KZT from 1 payers with 0 outgoing transfers.",1,0,14627.0,0.0,0.0002886393301842066,0.0,1,False,False,False,False,False,
100000002810870100,100000002810870100,terminal,0.5,32,0.0086,"Genuine endpoint (depth 1): received 33,677 KZT from 1 payers with 0 outgoing transfers.",1,0,33677.0,0.0,0.00029263770204239665,0.0,1,False,False,False,False,False,
100000005897462100,100000005897462100,terminal,0.5,24,0.009,"Genuine endpoint (depth 1): received 98,400 KZT from 1 payers with 0 outgoing transfers.",1,0,98400.0,0.0,0.0003004936394973039,0.0,1,False,False,False,False,False,
100000000941942100,100000000941942100,terminal,0.5,12,0.0095,"Genuine endpoint (depth 1): received 130,000 KZT from 1 payers with 0 outgoing transfers.",1,0,130000.0,0.0,0.00031160003060637,0.0,1,False,False,False,False,False,
100000008723830100,100000008723830100,transit,0.974,2,0.0207,"Receives from 2 payers (459,785 KZT), passes through 99% (455,000 KZT) to 1 accounts. Rapid turnaround (24h).",2,1,459785.0,455000.0,0.0003402309877065733,0.9895929619278576,1,False,False,False,True,False,24.0
100000008776576100,100000008776576100,terminal,0.5,32,0.0085,"Genuine endpoint (depth 1): received 14,765 KZT from 1 payers with 0 outgoing transfers.",1,0,14765.0,0.0,0.00028866829476774624,0.0,1,False,False,False,False,False,
100000005432267100,100000005432267100,terminal,0.667,12,0.0192,"Genuine endpoint (depth 1): received 350,001 KZT from 2 payers with 0 outgoing transfers.",2,0,350001.0,0.0,0.0003423334858506325,0.0,1,False,False,False,False,False,
100000006745291100,100000006745291100,terminal,0.5,24,0.0089,"Genuine endpoint (depth 1): received 82,534 KZT from 1 payers with 0 outgoing transfers.",1,0,82534.0,0.0,0.0002980872404910774,0.0,1,False,False,False,False,False,
100000008670667100,100000008670667100,terminal,0.5,32,0.0085,"Genuine endpoint (depth 1): received 15,534 KZT from 1 payers with 0 outgoing transfers.",1,0,15534.0,0.0,0.0002888296988600795,0.0,1,False,False,False,False,False,
100000002480800100,100000002480800100,terminal,0.667,20,0.0322,"Genuine endpoint (depth 1): received 569,251 KZT from 2 payers with 0 outgoing transfers.",2,0,569251.0,0.0,0.0006410781031176428,0.0,1,False,False,False,False,False,
100000002182176100,100000002182176100,terminal,0.5,0,0.0087,"Genuine endpoint (depth 1): received 42,465 KZT from 1 payers with 0 outgoing transfers.",1,0,42465.0,0.0,0.0002935379543676395,0.0,1,False,False,False,False,False,
100000008219168100,100000008219168100,terminal,0.5,6,0.0085,"Genuine endpoint (depth 1): received 53,200 KZT from 1 payers with 0 outgoing transfers.",1,0,53200.0,0.0,0.0002886199013188332,0.0,1,False,False,False,False,False,
100000004226848100,100000004226848100,terminal,0.5,12,0.011,"Genuine endpoint (depth 1): received 301,866 KZT from 1 payers with 0 outgoing transfers.",1,0,301866.0,0.0,0.0003460138655313352,0.0,1,False,False,False,False,False,
100000006326645100,100000006326645100,terminal,0.5,32,0.0086,"Genuine endpoint (depth 1): received 25,264 KZT from 1 payers with 0 outgoing transfers.",1,0,25264.0,0.0,0.00029087191188791094,0.0,1,False,False,False,False,False,
100000003589877100,100000003589877100,peripheral,0.3,19,0.0265,"Peripheral flow node with 8 active links (176,000 KZT in, 416,129 KZT out).",2,6,176000.0,416129.0,0.0003069751599714215,2.364369318181818,1,False,False,False,False,False,-24.0
100000003942602100,100000003942602100,transit,1.0,32,0.0095,"Receives from 1 payers (30,000 KZT), passes through 100% (30,000 KZT) to 1 accounts. Rapid turnaround (0h).",1,1,30000.0,30000.0,0.0002918659428128657,1.0,1,False,False,True,True,False,0.0
100000000922570100,100000000922570100,transit,0.846,13,0.0095,"Receives from 1 payers (47,101 KZT), passes through 106% (50,000 KZT) to 1 accounts.",1,1,47101.0,50000.0,0.00029338594320602463,1.0615485870788306,1,False,False,False,False,False,-264.0
100000005079754100,100000005079754100,peripheral,0.3,12,0.0144,"Peripheral flow node with 3 active links (70,000 KZT in, 122,000 KZT out).",1,2,70000.0,122000.0,0.0002995858445806412,1.7428571428571429,1,False,False,False,False,False,-216.0
100000003187359100,100000003187359100,terminal,0.5,32,0.0085,"Genuine endpoint (depth 1): received 19,072 KZT from 1 payers with 0 outgoing transfers.",1,0,19072.0,0.0,0.0002895722836177843,0.0,1,False,False,False,False,False,
100000000998559100,100000000998559100,terminal,0.5,12,0.0092,"Genuine endpoint (depth 1): received 100,000 KZT from 1 payers with 0 outgoing transfers.",1,0,100000.0,0.0,0.0003055929375935056,0.0,1,False,False,False,False,False,
100000008690932100,100000008690932100,terminal,0.5,32,0.0085,"Genuine endpoint (depth 1): received 23,000 KZT from 1 payers with 0 outgoing transfers.",1,0,23000.0,0.0,0.00029039672480723154,0.0,1,False,False,False,False,False,
100000008773876100,100000008773876100,terminal,0.5,32,0.0086,"Genuine endpoint (depth 1): received 26,120 KZT from 1 payers with 0 outgoing transfers.",1,0,26120.0,0.0,0.00029105157626117134,0.0,1,False,False,False,False,False,
100000006789108100,100000006789108100,terminal,0.5,24,0.0086,"Genuine endpoint (depth 1): received 37,500 KZT from 1 payers with 0 outgoing transfers.",1,0,37500.0,0.0,0.0002912569258026617,0.0,1,False,False,False,False,False,
100000004058740100,100000004058740100,terminal,0.5,32,0.0086,"Genuine endpoint (depth 1): received 30,000 KZT from 1 payers with 0 outgoing transfers.",1,0,30000.0,0.0,0.0002918659428128657,0.0,1,False,False,False,False,False,
100000007641801100,100000007641801100,terminal,0.5,6,0.0088,"Genuine endpoint (depth 1): received 200,000 KZT from 1 payers with 0 outgoing transfers.",1,0,200000.0,0.0,0.0002970377419674501,0.0,1,False,False,False,False,False,
100000000555721100,100000000555721100,terminal,0.667,20,0.0177,"Genuine endpoint (depth 1): received 113,000 KZT from 2 payers with 0 outgoing transfers.",2,0,113000.0,0.0,0.00030809196179581376,0.0,1,False,False,False,False,False,
100000008729801100,100000008729801100,terminal,0.5,32,0.0085,"Genuine endpoint (depth 1): received 17,534 KZT from 1 payers with 0 outgoing transfers.",1,0,17534.0,0.0,0.00028924947543311784,0.0,1,False,False,False,False,False,
100000004664905100,100000004664905100,terminal,0.667,2,0.0222,"Genuine endpoint (depth 1): received 329,020 KZT from 2 payers with 0 outgoing transfers.",2,0,329020.0,0.0,0.00041184396684263276,0.0,1,False,False,False,False,False,
100000003057225100,100000003057225100,terminal,0.5,2,0.0094,"Genuine endpoint (depth 1): received 236,000 KZT from 1 payers with 0 outgoing transfers.",1,0,236000.0,0.0,0.000310943554849581,0.0,1,False,False,False,False,False,
100000000703902100,100000000703902100,terminal,0.5,32,0.0086,"Genuine endpoint (depth 1): received 25,499 KZT from 1 payers with 0 outgoing transfers.",1,0,25499.0,0.0,0.00029092123563524295,0.0,1,False,False,False,False,False,
100000008720798100,100000008720798100,terminal,0.5,32,0.0085,"Genuine endpoint (depth 1): received 15,534 KZT from 1 payers with 0 outgoing transfers.",1,0,15534.0,0.0,0.0002888296988600795,0.0,1,False,False,False,False,False,
100000001411870100,100000001411870100,terminal,0.667,6,0.0251,"Genuine endpoint (depth 1): received 900,000 KZT from 2 payers with 0 outgoing transfers.",2,0,900000.0,0.0,0.0004780448174649528,0.0,1,False,False,False,False,False,
100000008556318100,100000008556318100,terminal,0.667,17,0.0287,"Genuine endpoint (depth 1): received 180,132 KZT from 2 payers with 0 outgoing transfers.",2,0,180132.0,0.0,0.000560504103069661,0.0,1,False,False,False,False,False,
100000002720627100,100000002720627100,terminal,0.5,24,0.0097,"Genuine endpoint (depth 1): received 199,300 KZT from 1 payers with 0 outgoing transfers.",1,0,199300.0,0.0,0.00031579716021634154,0.0,1,False,False,False,False,False,
100000003022835100,100000003022835100,terminal,0.5,12,0.0094,"Genuine endpoint (depth 1): received 125,000 KZT from 1 payers with 0 outgoing transfers.",1,0,125000.0,0.0,0.0003105988484375593,0.0,1,False,False,False,False,False,
100000008304115100,100000008304115100,terminal,0.5,13,0.0087,"Genuine endpoint (depth 1): received 51,000 KZT from 1 payers with 0 outgoing transfers.",1,0,51000.0,0.0,0.00029403300196076604,0.0,1,False,False,False,False,False,
100000003886323100,100000003886323100,peripheral,0.3,2,0.0848,"Peripheral flow node with 3 active links (78,168 KZT in, 7,650 KZT out).",2,1,78168.0,7650.0,0.0018048414724057059,0.09786613447958244,1,False,False,True,False,True,240.0
100000000607731100,100000000607731100,peripheral,0.3,60,0.0106,"Peripheral flow node with 2 active links (20,000 KZT in, 66,666 KZT out).",1,1,20000.0,66666.0,0.0003175358448925586,3.3333,1,False,False,False,False,False,-384.0
100000005961971100,100000005961971100,terminal,0.5,32,0.0088,"Genuine endpoint (depth 1): received 47,353 KZT from 1 payers with 0 outgoing transfers.",1,0,47353.0,0.0,0.00029550813424883264,0.0,1,False,False,False,False,False,
100000000440392100,100000000440392100,terminal,0.5,2,0.0088,"Genuine endpoint (depth 1): received 105,705 KZT from 1 payers with 0 outgoing transfers.",1,0,105705.0,0.0,0.0002969344900653258,0.0,1,False,False,False,False,False,
100000004105288100,100000004105288100,terminal,0.667,24,0.0244,"Genuine endpoint (depth 1): received 215,000 KZT from 2 payers with 0 outgoing transfers.",2,0,215000.0,0.0,0.0004630401380988289,0.0,1,False,False,False,False,False,
100000008169544100,100000008169544100,peripheral,0.3,2,0.017,"Peripheral flow node with 5 active links (137,104 KZT in, 42,800 KZT out).",1,4,137104.0,42800.0,0.0003003104494280091,0.31217178200490137,1,False,False,True,False,True,-216.0
100000004186824100,100000004186824100,peripheral,0.3,2,0.0218,"Peripheral flow node with 3 active links (451,700 KZT in, 7,000 KZT out).",2,1,451700.0,7000.0,0.0003819271547747407,0.015497011290679655,1,False,False,False,False,False,360.0
100000008672200100,100000008672200100,terminal,0.5,32,0.0084,"Genuine endpoint (depth 1): received 8,511 KZT from 1 payers with 0 outgoing transfers.",1,0,8511.0,0.0,0.00028735565342385543,0.0,1,False,False,False,False,False,
100000002188829100,100000002188829100,terminal,0.5,12,0.0118,"Genuine endpoint (depth 1): received 400,000 KZT from 1 payers with 0 outgoing transfers.",1,0,400000.0,0.0,0.00036566386772214973,0.0,1,False,False,False,False,False,
100000008717341100,100000008717341100,terminal,0.5,32,0.0085,"Genuine endpoint (depth 1): received 14,627 KZT from 1 payers with 0 outgoing transfers.",1,0,14627.0,0.0,0.0002886393301842066,0.0,1,False,False,False,False,False,
100000002214301100,100000002214301100,peripheral,0.3,0,0.0131,"Peripheral flow node with 2 active links (21,438 KZT in, 8,000 KZT out).",1,1,21438.0,8000.0,0.00028959218686542876,0.373169138912212,1,False,False,False,False,False,456.0
100000002565277100,100000002565277100,terminal,0.5,12,0.0126,"Genuine endpoint (depth 1): received 483,319 KZT from 1 payers with 0 outgoing transfers.",1,0,483319.0,0.0,0.0003823473671467781,0.0,1,False,False,False,False,False,
100000005546031100,100000005546031100,peripheral,0.3,45,0.0446,"Peripheral flow node with 4 active links (66,800 KZT in, 8,000 KZT out).",3,1,66800.0,8000.0,0.0007125289535173748,0.11976047904191617,1,False,False,True,True,True,48.0
100000003449074100,100000003449074100,terminal,0.5,0,0.0084,"Genuine endpoint (depth 1): received 10,000 KZT from 1 payers with 0 outgoing transfers.",1,0,10000.0,0.0,0.0002874458184490932,0.0,1,False,False,False,False,False,
100000008748914100,100000008748914100,coordinator,1.0,12,0.0862,"High betweenness (0.0006) bridging 15 counterparties across clusters. Volume: 4,651,847 KZT; return cycle detected.",2,13,180000.0,4471847.0,0.0007908267344260674,24.843594444444445,1,False,False,True,False,False,-48.0
100000004744306100,100000004744306100,peripheral,0.3,5,0.0193,"Peripheral flow node with 3 active links (69,000 KZT in, 92,000 KZT out).",1,2,69000.0,92000.0,0.0004607769966825421,1.3333333333333333,1,False,False,False,False,False,72.0
100000003158727100,100000003158727100,terminal,1.0,19,0.0263,"Genuine endpoint (depth 1): received 367,940 KZT from 3 payers with 0 outgoing transfers.",3,0,367940.0,0.0,0.00031412912735274626,0.0,1,False,False,False,False,False,
100000001389255100,100000001389255100,terminal,0.5,32,0.0085,"Genuine endpoint (depth 1): received 16,136 KZT from 1 payers with 0 outgoing transfers.",1,0,16136.0,0.0,0.00028895605160856404,0.0,1,False,False,False,False,False,
100000008695495100,100000008695495100,terminal,0.5,32,0.0085,"Genuine endpoint (depth 1): received 21,000 KZT from 1 payers with 0 outgoing transfers.",1,0,21000.0,0.0,0.00028997694823419326,0.0,1,False,False,False,False,False,
100000004015047100,100000004015047100,consolidator,0.562,6,0.1886,"Consolidates from 9 payers (919,104 KZT), forwards only 8% outward to 1 recipients.",9,1,919104.0,69195.0,0.0022785971106508724,0.07528527783580531,1,False,False,True,False,False,-24.0
100000005183943100,100000005183943100,terminal,0.5,55,0.0226,"Genuine endpoint (depth 1): received 680,900 KZT from 1 payers with 0 outgoing transfers.",1,0,680900.0,0.0,0.0006108393603081353,0.0,1,False,False,False,False,False,
100000003004487100,100000003004487100,coordinator,1.0,0,0.0522,"High betweenness (0.0002) bridging 6 counterparties across clusters. Volume: 448,718 KZT; return cycle detected.",4,2,183702.8,265015.0,0.0003508724817163427,1.4426290726107605,1,False,False,True,False,False,336.0
100000003042994100,100000003042994100,terminal,0.5,2,0.0097,"Genuine endpoint (depth 1): received 286,086 KZT from 1 payers with 0 outgoing transfers.",1,0,286086.0,0.0,0.0003163287040785169,0.0,1,False,False,False,False,False,
100000001899164100,100000001899164100,peripheral,0.3,13,0.0799,"Peripheral flow node with 7 active links (291,675 KZT in, 76,500 KZT out).",4,3,291675.0,76500.0,0.0011765620095510495,0.2622782206222679,1,False,False,True,False,False,192.0
100000003946524100,100000003946524100,transit,0.795,12,0.0248,"Receives from 2 payers (133,757 KZT), passes through 108% (144,750 KZT) to 2 accounts.",2,2,133757.0,144750.0,0.0003260605758889203,1.0821863528637754,1,False,False,True,False,False,-192.0
100000008717340100,100000008717340100,terminal,0.5,32,0.0087,"Genuine endpoint (depth 1): received 41,500 KZT from 1 payers with 0 outgoing transfers.",1,0,41500.0,0.0,0.000294279658107836,0.0,1,False,False,False,False,False,
100000003831324100,100000003831324100,terminal,0.667,19,0.018,"Genuine endpoint (depth 1): received 300,000 KZT from 2 payers with 0 outgoing transfers.",2,0,300000.0,0.0,0.00031519260326985687,0.0,1,False,False,False,False,False,
100000008129393100,100000008129393100,terminal,0.5,51,0.0095,"Genuine endpoint (depth 1): received 10,000 KZT from 1 payers with 0 outgoing transfers.",1,0,10000.0,0.0,0.0003116981820260491,0.0,1,False,False,False,False,False,
100000004388209100,100000004388209100,terminal,0.5,32,0.0084,"Genuine endpoint (depth 1): received 11,800 KZT from 1 payers with 0 outgoing transfers.",1,0,11800.0,0.0,0.000288045975998217,0.0,1,False,False,False,False,False,
100000000706545100,100000000706545100,peripheral,0.3,2,0.1554,"Peripheral flow node with 4 active links (1,070,300 KZT in, 75,800 KZT out).",3,1,1070300.0,75800.0,0.0032266260404967403,0.07082126506586939,1,False,False,True,False,False,408.0
100000004497606100,100000004497606100,terminal,0.5,32,0.0085,"Genuine endpoint (depth 1): received 15,534 KZT from 1 payers with 0 outgoing transfers.",1,0,15534.0,0.0,0.0002888296988600795,0.0,1,False,False,False,False,False,
100000008470470100,100000008470470100,terminal,0.5,32,0.0086,"Genuine endpoint (depth 1): received 33,547 KZT from 1 payers with 0 outgoing transfers.",1,0,33547.0,0.0,0.00029261041656514913,0.0,1,False,False,False,False,False,
100000004318918100,100000004318918100,terminal,0.5,24,0.0088,"Genuine endpoint (depth 1): received 75,600 KZT from 1 payers with 0 outgoing transfers.",1,0,75600.0,0.0,0.0002970355594933984,0.0,1,False,False,False,False,False,
100000005228059100,100000005228059100,terminal,0.5,32,0.0086,"Genuine endpoint (depth 1): received 26,000 KZT from 1 payers with 0 outgoing transfers.",1,0,26000.0,0.0,0.00029102638966678907,0.0,1,False,False,False,False,False,
100000001609499100,100000001609499100,coordinator,1.0,0,0.0408,"High betweenness (0.0002) bridging 5 counterparties across clusters. Volume: 284,113 KZT; return cycle detected.",3,2,263113.0,21000.0,0.00032091395654925293,0.07981361620292422,1,False,False,True,False,False,72.0
100000002824176100,100000002824176100,terminal,0.5,6,0.0107,"Genuine endpoint (depth 1): received 144,000 KZT from 1 payers with 0 outgoing transfers.",1,0,144000.0,0.0,0.0003385981575005863,0.0,1,False,False,False,False,False,
100000001363952100,100000001363952100,peripheral,0.3,12,0.0192,"Peripheral flow node with 3 active links (196,655 KZT in, 91,000 KZT out).",2,1,196655.0,91000.0,0.00030709529312419024,0.4627393150441128,1,False,False,False,False,False,-264.0
100000001049200100,100000001049200100,coordinator,1.0,2,0.0757,"High betweenness (0.0012) bridging 6 counterparties across clusters. Volume: 112,624 KZT; return cycle detected.",2,4,76624.0,36000.0,0.0002982913003271399,0.46982668615577367,1,False,False,True,False,True,240.0
100000002662768100,100000002662768100,terminal,0.5,14,0.0092,"Genuine endpoint (depth 1): received 84,300 KZT from 1 payers with 0 outgoing transfers.",1,0,84300.0,0.0,0.00030645559550582425,0.0,1,False,False,False,False,False,
100000004737477100,100000004737477100,transit,0.541,0,0.0186,"Receives from 2 payers (49,598 KZT), passes through 82% (40,500 KZT) to 1 accounts.",2,1,49598.0,40500.0,0.00029231930484893123,0.8165651840800032,1,False,False,False,False,False,-48.0
100000008680451100,100000008680451100,terminal,0.5,32,0.0085,"Genuine endpoint (depth 1): received 23,534 KZT from 1 payers with 0 outgoing transfers.",1,0,23534.0,0.0,0.0002905088051522328,0.0,1,False,False,False,False,False,
100000001952325100,100000001952325100,terminal,0.5,32,0.009,"Genuine endpoint (depth 1): received 77,888 KZT from 1 payers with 0 outgoing transfers.",1,0,77888.0,0.0,0.0003019170730776952,0.0,1,False,False,False,False,False,
100000008751429100,100000008751429100,peripheral,0.3,43,0.0792,"Peripheral flow node with 4 active links (386,200 KZT in, 72,600 KZT out).",3,1,386200.0,72600.0,0.0015043129924041134,0.1879854997410668,1,False,False,True,False,False,72.0
100000001960517100,100000001960517100,terminal,0.5,6,0.0116,"Genuine endpoint (depth 1): received 200,000 KZT from 1 payers with 0 outgoing transfers.",1,0,200000.0,0.0,0.00035922049322186785,0.0,1,False,False,False,False,False,
100000008686234100,100000008686234100,terminal,0.5,0,0.0087,"Genuine endpoint (depth 1): received 39,778 KZT from 1 payers with 0 outgoing transfers.",1,0,39778.0,0.0,0.0002930337323065542,0.0,1,False,False,False,False,False,
100000004213658100,100000004213658100,terminal,0.5,32,0.0086,"Genuine endpoint (depth 1): received 25,347 KZT from 1 payers with 0 outgoing transfers.",1,0,25347.0,0.0,0.00029088933261569206,0.0,1,False,False,False,False,False,
100000001194266100,100000001194266100,terminal,0.5,12,0.0088,"Genuine endpoint (depth 1): received 50,000 KZT from 1 payers with 0 outgoing transfers.",1,0,50000.0,0.0,0.00029558111590539824,0.0,1,False,False,False,False,False,
100000002243354100,100000002243354100,terminal,0.5,32,0.0085,"Genuine endpoint (depth 1): received 20,879 KZT from 1 payers with 0 outgoing transfers.",1,0,20879.0,0.0,0.0002899515517515244,0.0,1,False,False,False,False,False,
100000006069103100,100000006069103100,transit,0.55,2,0.0678,"Receives from 3 payers (228,818 KZT), passes through 118% (270,000 KZT) to 3 accounts.",3,3,228818.0,270000.0,0.0011516310982681742,1.1799770997036947,1,False,False,True,False,False,-24.0
100000002760175100,100000002760175100,terminal,0.5,24,0.0096,"Genuine endpoint (depth 1): received 187,410 KZT from 1 payers with 0 outgoing transfers.",1,0,187410.0,0.0,0.00031399380182834,0.0,1,False,False,False,False,False,
100000003567087100,100000003567087100,terminal,0.5,32,0.0089,"Genuine endpoint (depth 1): received 62,115 KZT from 1 payers with 0 outgoing transfers.",1,0,62115.0,0.0,0.0002986065051344285,0.0,1,False,False,False,False,False,
100000008229700100,100000008229700100,peripheral,0.3,13,0.0094,"Peripheral flow node with 2 active links (23,500 KZT in, 7,200 KZT out).",1,1,23500.0,7200.0,0.0002894692379814412,0.30638297872340425,1,False,False,False,False,False,264.0
100000004076740100,100000004076740100,coordinator,1.0,26,0.0772,"High betweenness (0.0004) bridging 9 counterparties across clusters. Volume: 218,250 KZT; return cycle detected.",3,6,93250.0,125000.0,0.000741454678041136,1.3404825737265416,1,False,False,True,True,True,48.0
100000003284932100,100000003284932100,terminal,0.5,12,0.0089,"Genuine endpoint (depth 1): received 69,925 KZT from 1 payers with 0 outgoing transfers.",1,0,69925.0,0.0,0.000299570826848109,0.0,1,False,False,False,False,False,
100000008071620100,100000008071620100,terminal,0.5,0,0.0087,"Genuine endpoint (depth 1): received 46,968 KZT from 1 payers with 0 outgoing transfers.",1,0,46968.0,0.0,0.0002943829532292201,0.0,1,False,False,False,False,False,
100000003235780100,100000003235780100,terminal,0.667,0,0.0169,"Genuine endpoint (depth 1): received 65,000 KZT from 2 payers with 0 outgoing transfers.",2,0,65000.0,0.0,0.00029120007891764556,0.0,1,False,False,False,False,False,
100000005363908100,100000005363908100,transit,1.0,45,0.0115,"Receives from 1 payers (19,500 KZT), passes through 100% (19,500 KZT) to 1 accounts. Rapid turnaround (0h).",1,1,19500.0,19500.0,0.00033851712062440693,1.0,1,False,False,False,True,False,0.0
100000001851289100,100000001851289100,terminal,0.5,2,0.0088,"Genuine endpoint (depth 1): received 109,510 KZT from 1 payers with 0 outgoing transfers.",1,0,109510.0,0.0,0.00029734359625899464,0.0,1,False,False,False,False,False,
100000002870937100,100000002870937100,terminal,0.5,6,0.0085,"Genuine endpoint (depth 1): received 83,700 KZT from 1 payers with 0 outgoing transfers.",1,0,83700.0,0.0,0.0002903688396007325,0.0,1,False,False,False,False,False,
100000002152857100,100000002152857100,coordinator,1.0,6,0.0293,"High betweenness (0.0003) bridging 6 counterparties across clusters. Volume: 1,335,000 KZT.",1,5,105000.0,1230000.0,0.0002997108402620942,11.714285714285714,1,False,False,False,False,False,-264.0
100000002600345100,100000002600345100,terminal,0.667,2,0.0171,"Genuine endpoint (depth 1): received 52,400 KZT from 2 payers with 0 outgoing transfers.",2,0,52400.0,0.0,0.0002957205308431163,0.0,1,False,False,False,False,False,
100000002580377100,100000002580377100,peripheral,0.3,2,0.0101,"Peripheral flow node with 2 active links (37,750 KZT in, 5,000 KZT out).",1,1,37750.0,5000.0,0.000289628100737922,0.13245033112582782,1,False,False,False,False,True,216.0
100000004094958100,100000004094958100,transit,0.936,46,0.0138,"Receives from 1 payers (39,000 KZT), passes through 103% (40,000 KZT) to 1 accounts. Rapid turnaround (0h).",1,1,39000.0,40000.0,0.00039146494703152303,1.0256410256410255,1,False,False,False,True,False,0.0
100000002609774100,100000002609774100,peripheral,0.3,6,0.0201,"Peripheral flow node with 2 active links (7,700 KZT in, 27,500 KZT out).",1,1,7700.0,27500.0,0.00028639718322944613,3.5714285714285716,1,False,False,True,False,False,-288.0
100000002596035100,100000002596035100,terminal,0.5,24,0.0099,"Genuine endpoint (depth 1): received 231,570 KZT from 1 payers with 0 outgoing transfers.",1,0,231570.0,0.0,0.0003206915567832726,0.0,1,False,False,False,False,False,
100000004664515100,100000004664515100,terminal,0.5,0,0.0086,"Genuine endpoint (depth 1): received 37,691 KZT from 1 payers with 0 outgoing transfers.",1,0,37691.0,0.0,0.0002926421016993771,0.0,1,False,False,False,False,False,
100000000661912100,100000000661912100,coordinator,1.0,20,0.1834,"High betweenness (0.0013) bridging 7 counterparties across clusters. Volume: 823,736 KZT; return cycle detected.",5,2,393036.0,430700.0,0.0017491597591117627,1.0958283719557496,1,False,False,True,True,False,0.0
100000004144536100,100000004144536100,terminal,1.0,38,0.0632,"Genuine endpoint (depth 1): received 168,000 KZT from 4 payers with 0 outgoing transfers.",4,0,168000.0,0.0,0.0009685966718954048,0.0,1,False,False,False,False,False,
100000006177176100,100000006177176100,terminal,0.5,2,0.0084,"Genuine endpoint (depth 1): received 8,911 KZT from 1 payers with 0 outgoing transfers.",1,0,8911.0,0.0,0.0002865273875922669,0.0,1,False,False,False,False,False,
100000002158488100,100000002158488100,terminal,0.5,32,0.0086,"Genuine endpoint (depth 1): received 31,723 KZT from 1 payers with 0 outgoing transfers.",1,0,31723.0,0.0,0.00029222758033053823,0.0,1,False,False,False,False,False,
100000000041368100,100000000041368100,terminal,0.5,12,0.0097,"Genuine endpoint (depth 1): received 160,000 KZT from 1 payers with 0 outgoing transfers.",1,0,160000.0,0.0,0.0003176071236192344,0.0,1,False,False,False,False,False,
100000008722328100,100000008722328100,terminal,0.5,32,0.0086,"Genuine endpoint (depth 1): received 23,677 KZT from 1 payers with 0 outgoing transfers.",1,0,23677.0,0.0,0.00029053881917720503,0.0,1,False,False,False,False,False,
100000008735384100,100000008735384100,terminal,0.5,32,0.0087,"Genuine endpoint (depth 1): received 39,220 KZT from 1 payers with 0 outgoing transfers.",1,0,39220.0,0.0,0.00029380111281457236,0.0,1,False,False,False,False,False,
100000004480280100,100000004480280100,peripheral,0.3,11,0.0127,"Peripheral flow node with 3 active links (146,694 KZT in, 295,850 KZT out).",1,2,146694.0,295850.0,0.0003149427776315953,2.0167832358515003,1,False,False,False,False,False,-408.0
100000004286573100,100000004286573100,terminal,0.5,13,0.0085,"Genuine endpoint (depth 1): received 16,590 KZT from 1 payers with 0 outgoing transfers.",1,0,16590.0,0.0,0.0002883224885597272,0.0,1,False,False,False,False,False,
100000001746925100,100000001746925100,peripheral,0.3,12,0.0144,"Peripheral flow node with 2 active links (65,250 KZT in, 5,000 KZT out).",1,1,65250.0,5000.0,0.000298634721520271,0.07662835249042145,1,False,False,False,False,False,-336.0
100000001660397100,100000001660397100,coordinator,1.0,20,0.0452,"High betweenness (0.0005) bridging 5 counterparties across clusters. Volume: 97,600 KZT; return cycle detected.",2,3,48600.0,49000.0,0.0002951523346277189,1.008230452674897,1,False,False,True,True,True,0.0
100000002591469100,100000002591469100,terminal,0.5,6,0.0089,"Genuine endpoint (depth 1): received 235,670 KZT from 1 payers with 0 outgoing transfers.",1,0,235670.0,0.0,0.000299083139623691,0.0,1,False,False,False,False,False,
100000002731501100,100000002731501100,peripheral,0.3,38,0.04,"Peripheral flow node with 10 active links (570,370 KZT in, 833,960 KZT out).",3,7,570370.0,833960.0,0.0004855839777590129,1.4621386117783193,1,False,False,True,False,False,-240.0
100000000089154100,100000000089154100,distributor,0.5,16,0.0256,"Distributes 425,500 KZT outward to 15 distinct recipient accounts across the network.",1,15,10000.0,425500.0,0.0002874458184490932,42.55,1,False,False,True,False,False,-168.0
100000008732098100,100000008732098100,terminal,0.5,32,0.0085,"Genuine endpoint (depth 1): received 15,677 KZT from 1 payers with 0 outgoing transfers.",1,0,15677.0,0.0,0.00028885971288505175,0.0,1,False,False,False,False,False,
100000005456919100,100000005456919100,peripheral,0.3,44,0.065,"Peripheral flow node with 3 active links (479,950 KZT in, 5,000 KZT out).",2,1,479950.0,5000.0,0.0013700274780428614,0.010417751849150954,1,False,False,True,False,False,360.0
100000000507799100,100000000507799100,peripheral,0.3,2,0.0137,"Peripheral flow node with 2 active links (5,132 KZT in, 8,000 KZT out).",1,1,5132.0,8000.0,0.0002861210768679897,1.558846453624318,1,False,False,False,False,False,72.0
100000008716439100,100000008716439100,terminal,0.5,32,0.0084,"Genuine endpoint (depth 1): received 12,267 KZT from 1 payers with 0 outgoing transfers.",1,0,12267.0,0.0,0.00028814399382802143,0.0,1,False,False,False,False,False,
100000002981527100,100000002981527100,terminal,0.5,6,0.0091,"Genuine endpoint (depth 1): received 168,000 KZT from 1 payers with 0 outgoing transfers.",1,0,168000.0,0.0,0.0003036113749173627,0.0,1,False,False,False,False,False,
100000002844652100,100000002844652100,terminal,0.5,6,0.0085,"Genuine endpoint (depth 1): received 61,360 KZT from 1 payers with 0 outgoing transfers.",1,0,61360.0,0.0,0.0002890878139870397,0.0,1,False,False,False,False,False,
100000002605548100,100000002605548100,terminal,0.667,19,0.0179,"Genuine endpoint (depth 1): received 116,695 KZT from 2 payers with 0 outgoing transfers.",2,0,116695.0,0.0,0.00031432137112675444,0.0,1,False,False,False,False,False,
100000002750956100,100000002750956100,terminal,0.5,0,0.0087,"Genuine endpoint (depth 1): received 47,416 KZT from 1 payers with 0 outgoing transfers.",1,0,47416.0,0.0,0.00029446702151480483,0.0,1,False,False,False,False,False,
100000002982252100,100000002982252100,terminal,0.5,32,0.0085,"Genuine endpoint (depth 1): received 20,320 KZT from 1 payers with 0 outgoing transfers.",1,0,20320.0,0.0,0.0002898342241993602,0.0,1,False,False,False,False,False,
100000000961900100,100000000961900100,terminal,0.667,0,0.017,"Genuine endpoint (depth 1): received 36,000 KZT from 2 payers with 0 outgoing transfers.",2,0,36000.0,0.0,0.0002943204405632645,0.0,1,False,False,False,False,True,
100000007175718100,100000007175718100,terminal,0.5,36,0.0091,"Genuine endpoint (depth 1): received 20,000 KZT from 1 payers with 0 outgoing transfers.",1,0,20000.0,0.0,0.00030318655842831487,0.0,1,False,False,False,False,False,
100000002306369100,100000002306369100,peripheral,0.3,16,0.0168,"Peripheral flow node with 7 active links (73,166 KZT in, 260,900 KZT out).",1,6,73166.0,260900.0,0.00029929907141169583,3.5658639258672062,1,False,False,True,False,False,408.0
100000000667713100,100000000667713100,peripheral,0.3,2,0.0288,"Peripheral flow node with 8 active links (119,495 KZT in, 79,236 KZT out).",2,6,119495.0,79236.0,0.00032010597213203194,0.663090505878907,1,False,False,True,True,True,0.0
100000001072022100,100000001072022100,terminal,1.0,12,0.0345,"Genuine endpoint (depth 1): received 1,684,000 KZT from 3 payers with 0 outgoing transfers.",3,0,1684000.0,0.0,0.0005021346766292359,0.0,1,False,False,False,False,False,
100000008116374100,100000008116374100,terminal,0.5,2,0.0085,"Genuine endpoint (depth 1): received 31,284 KZT from 1 payers with 0 outgoing transfers.",1,0,31284.0,0.0,0.00028893288900381874,0.0,1,False,False,False,False,False,
100000000703894100,100000000703894100,peripheral,0.3,61,0.0176,"Peripheral flow node with 2 active links (120,000 KZT in, 35,000 KZT out).",1,1,120000.0,35000.0,0.00047736859826889746,0.2916666666666667,1,False,False,False,False,False,-312.0
100000008066326100,100000008066326100,terminal,0.5,0,0.0085,"Genuine endpoint (depth 1): received 19,320 KZT from 1 payers with 0 outgoing transfers.",1,0,19320.0,0.0,0.00028919473903313297,0.0,1,False,False,False,False,False,
100000004662806100,100000004662806100,peripheral,0.3,13,0.0208,"Peripheral flow node with 4 active links (106,585 KZT in, 59,900 KZT out).",2,2,106585.0,59900.0,0.00030544976624820286,0.5619927757189098,1,False,False,False,True,False,24.0
100000005778283100,100000005778283100,terminal,1.0,6,0.0317,"Genuine endpoint (depth 1): received 615,760 KZT from 3 payers with 0 outgoing transfers.",3,0,615760.0,0.0,0.0004375840554275677,0.0,1,False,False,False,False,False,
100000004408683100,100000004408683100,terminal,0.667,2,0.021,"Genuine endpoint (depth 1): received 112,920 KZT from 2 payers with 0 outgoing transfers.",2,0,112919.68,0.0,0.00038531432958819066,0.0,1,False,False,False,False,False,
100000002704875100,100000002704875100,terminal,1.0,20,0.0263,"Genuine endpoint (depth 1): received 244,891 KZT from 3 payers with 0 outgoing transfers.",3,0,244891.0,0.0,0.00031507379549976304,0.0,1,False,False,False,False,False,
100000008349675100,100000008349675100,peripheral,0.3,6,0.0093,"Peripheral flow node with 2 active links (46,520 KZT in, 36,650 KZT out).",1,1,46520.0,36650.0,0.0002882368551639779,0.7878331900257953,1,False,False,False,True,False,0.0
100000006889963100,100000006889963100,peripheral,0.3,24,0.0414,"Peripheral flow node with 5 active links (1,431,000 KZT in, 443,476 KZT out).",4,1,1431000.0,443475.8,0.00042726044416286713,0.30990621942697416,1,False,False,False,True,False,24.0
100000008771819100,100000008771819100,terminal,0.5,32,0.0087,"Genuine endpoint (depth 1): received 38,900 KZT from 1 payers with 0 outgoing transfers.",1,0,38900.0,0.0,0.00029373394856288624,0.0,1,False,False,False,False,False,
100000008586731100,100000008586731100,terminal,0.5,13,0.0084,"Genuine endpoint (depth 1): received 12,000 KZT from 1 payers with 0 outgoing transfers.",1,0,12000.0,0.0,0.00028756075486281447,0.0,1,False,False,False,False,False,
100000005844459100,100000005844459100,terminal,0.667,20,0.019,"Genuine endpoint (depth 1): received 243,400 KZT from 2 payers with 0 outgoing transfers.",2,0,243400.0,0.0,0.00033808255774742736,0.0,1,False,False,False,False,False,
100000008172352100,100000008172352100,coordinator,1.0,14,0.0486,"High betweenness (0.0002) bridging 10 counterparties across clusters. Volume: 379,775 KZT.",3,7,90265.0,289510.0,0.00037526567278554397,3.207333961114496,1,False,False,False,False,False,-168.0
100000001162560100,100000001162560100,peripheral,0.3,19,0.0204,"Peripheral flow node with 13 active links (331,300 KZT in, 2,904,398 KZT out).",1,12,331300.0,2904398.0,0.00032114870693118253,8.76667069121642,1,False,False,False,False,False,-504.0
100000008779584100,100000008779584100,terminal,0.5,32,0.0086,"Genuine endpoint (depth 1): received 31,400 KZT from 1 payers with 0 outgoing transfers.",1,0,31400.0,0.0,0.00029215978641399247,0.0,1,False,False,False,False,False,
100000007631637100,100000007631637100,terminal,0.5,32,0.0085,"Genuine endpoint (depth 1): received 15,341 KZT from 1 payers with 0 outgoing transfers.",1,0,15341.0,0.0,0.0002887891904207813,0.0,1,False,False,False,False,False,
100000007347733100,100000007347733100,terminal,0.5,51,0.011,"Genuine endpoint (depth 1): received 23,007 KZT from 1 payers with 0 outgoing transfers.",1,0,23007.0,0.0,0.0003456840263989009,0.0,1,False,False,False,False,False,
100000001463701100,100000001463701100,terminal,0.667,1,0.0292,"Genuine endpoint (depth 1): received 621,000 KZT from 2 payers with 0 outgoing transfers.",2,0,621000.0,0.0,0.0005722109368497138,0.0,1,False,False,False,False,False,
100000008664469100,100000008664469100,terminal,0.5,12,0.0086,"Genuine endpoint (depth 1): received 25,000 KZT from 1 payers with 0 outgoing transfers.",1,0,25000.0,0.0,0.0002905752050613446,0.0,1,False,False,False,False,False,
100000003923946100,100000003923946100,peripheral,0.3,6,0.0164,"Peripheral flow node with 5 active links (282,000 KZT in, 675,000 KZT out).",1,4,282000.0,675000.0,0.00038941748481374446,2.393617021276596,1,False,False,True,True,False,0.0
100000006562026100,100000006562026100,terminal,0.667,52,0.0342,"Genuine endpoint (depth 1): received 75,000 KZT from 2 payers with 0 outgoing transfers.",2,0,75000.0,0.0,0.0006853595679127575,0.0,1,False,False,False,False,True,
100000008776298100,100000008776298100,terminal,0.5,32,0.0087,"Genuine endpoint (depth 1): received 42,800 KZT from 1 payers with 0 outgoing transfers.",1,0,42800.0,0.0,0.00029455251288031093,0.0,1,False,False,False,False,False,
100000006446271100,100000006446271100,terminal,0.667,12,0.0179,"Genuine endpoint (depth 1): received 80,000 KZT from 2 payers with 0 outgoing transfers.",2,0,80000.0,0.0,0.0003139136962099016,0.0,1,False,False,False,False,False,
100000004588479100,100000004588479100,terminal,0.5,2,0.0092,"Genuine endpoint (depth 1): received 177,633 KZT from 1 payers with 0 outgoing transfers.",1,0,177633.0,0.0,0.0003046680486193908,0.0,1,False,False,False,False,False,
100000002324543100,100000002324543100,terminal,0.5,6,0.0085,"Genuine endpoint (depth 1): received 30,202 KZT from 1 payers with 0 outgoing transfers.",1,0,30202.0,0.0,0.0002888127877964788,0.0,1,False,False,False,False,False,
100000007129492100,100000007129492100,peripheral,0.3,24,0.0189,"Peripheral flow node with 3 active links (50,990 KZT in, 37,000 KZT out).",2,1,50990.0,37000.0,0.0002945171129254455,0.725632476956266,1,False,False,False,True,False,0.0
100000003877908100,100000003877908100,terminal,0.5,12,0.0087,"Genuine endpoint (depth 1): received 40,000 KZT from 1 payers with 0 outgoing transfers.",1,0,40000.0,0.0,0.0002935787515677768,0.0,1,False,False,False,False,False,
100000002748180100,100000002748180100,peripheral,0.3,13,0.0156,"Peripheral flow node with 9 active links (9,900 KZT in, 679,743 KZT out).",1,8,9900.0,679743.0,0.0002872122492498478,68.66090909090909,1,False,False,False,False,False,-168.0
100000000945428100,100000000945428100,terminal,0.5,0,0.0091,"Genuine endpoint (depth 1): received 89,629 KZT from 1 payers with 0 outgoing transfers.",1,0,89629.0,0.0,0.00030238839325451197,0.0,1,False,False,False,False,False,
100000003115284100,100000003115284100,consolidator,0.5,24,0.147,"Consolidates from 8 payers (2,160,500 KZT), forwards only 24% outward to 2 recipients.",8,2,2160500.0,517000.0,0.0015286375827955761,0.23929645915297384,1,False,False,True,False,False,-24.0
100000005394708100,100000005394708100,peripheral,0.3,5,0.0118,"Peripheral flow node with 2 active links (26,000 KZT in, 65,000 KZT out).",1,1,26000.0,65000.0,0.00034517722457498757,2.5,1,False,False,False,True,False,24.0
100000008747113100,100000008747113100,terminal,0.667,12,0.0176,"Genuine endpoint (depth 1): received 197,801 KZT from 2 payers with 0 outgoing transfers.",2,0,197801.0,0.0,0.00030751915506009613,0.0,1,False,False,False,False,False,
100000004491881100,100000004491881100,terminal,0.5,32,0.0085,"Genuine endpoint (depth 1): received 17,144 KZT from 1 payers with 0 outgoing transfers.",1,0,17144.0,0.0,0.0002891676190013754,0.0,1,False,False,False,False,False,
100000006008169100,100000006008169100,terminal,0.5,13,0.0088,"Genuine endpoint (depth 1): received 70,000 KZT from 1 payers with 0 outgoing transfers.",1,0,70000.0,0.0,0.000297186147982845,0.0,1,False,False,False,False,False,
100000002681449100,100000002681449100,peripheral,0.3,16,0.0195,"Peripheral flow node with 4 active links (94,638 KZT in, 133,000 KZT out).",2,2,94638.0,133000.0,0.0002951397503203067,1.4053551427544961,1,False,False,False,True,False,0.0
100000002645609100,100000002645609100,terminal,1.0,22,0.0364,"Genuine endpoint (depth 1): received 546,821 KZT from 4 payers with 0 outgoing transfers.",4,0,546820.6799999999,0.0,0.00035535788312599583,0.0,1,False,False,False,False,False,
100000006369769100,100000006369769100,terminal,0.5,32,0.0087,"Genuine endpoint (depth 1): received 40,000 KZT from 1 payers with 0 outgoing transfers.",1,0,40000.0,0.0,0.00029396482567805725,0.0,1,False,False,False,False,False,
100000002173161100,100000002173161100,terminal,1.0,19,0.0316,"Genuine endpoint (depth 1): received 1,427,500 KZT from 3 payers with 0 outgoing transfers.",3,0,1427500.0,0.0,0.0004354146921033433,0.0,1,False,False,False,False,False,
100000008686313100,100000008686313100,coordinator,1.0,0,0.1626,"High betweenness (0.0020) bridging 13 counterparties across clusters. Volume: 2,246,516 KZT; return cycle detected.",6,7,1912716.0,333800.0,0.0004676329022286972,0.17451623764322566,1,False,False,True,True,False,48.0
100000004692798100,100000004692798100,peripheral,0.3,13,0.0887,"Peripheral flow node with 3 active links (240,305 KZT in, 15,000 KZT out).",2,1,240305.0,15000.0,0.0019106511787003878,0.06242067372713843,1,False,False,True,False,True,216.0
100000002939838100,100000002939838100,terminal,1.0,12,0.03,"Genuine endpoint (depth 1): received 571,233 KZT from 3 payers with 0 outgoing transfers.",3,0,571233.0,0.0,0.0004000333621032979,0.0,1,False,False,False,False,False,
100000003119550100,100000003119550100,terminal,0.5,32,0.0085,"Genuine endpoint (depth 1): received 21,000 KZT from 1 payers with 0 outgoing transfers.",1,0,21000.0,0.0,0.00028997694823419326,0.0,1,False,False,False,False,False,
100000004315838100,100000004315838100,peripheral,0.3,12,0.0187,"Peripheral flow node with 3 active links (50,000 KZT in, 18,000 KZT out).",2,1,50000.0,18000.0,0.0002913854344131966,0.36,1,False,False,False,False,False,-48.0
100000002671806100,100000002671806100,terminal,0.5,13,0.0084,"Genuine endpoint (depth 1): received 12,440 KZT from 1 payers with 0 outgoing transfers.",1,0,12440.0,0.0,0.00028763377508648363,0.0,1,False,False,False,False,False,
100000008716222100,100000008716222100,terminal,0.5,32,0.0085,"Genuine endpoint (depth 1): received 18,000 KZT from 1 payers with 0 outgoing transfers.",1,0,18000.0,0.0,0.00028934728337463573,0.0,1,False,False,False,False,False,
100000005496254100,100000005496254100,terminal,0.5,0,0.0084,"Genuine endpoint (depth 1): received 12,700 KZT from 1 payers with 0 outgoing transfers.",1,0,12700.0,0.0,0.0002879524799916799,0.0,1,False,False,False,False,False,
100000004622227100,100000004622227100,peripheral,0.3,16,0.013,"Peripheral flow node with 4 active links (24,931 KZT in, 19,000 KZT out).",1,3,24931.0,19000.0,0.0002902476567795973,0.762103405398901,1,False,False,False,False,True,72.0
100000000274067100,100000000274067100,peripheral,0.3,6,0.0249,"Peripheral flow node with 5 active links (517,704 KZT in, 2,969,000 KZT out).",2,3,517704.0,2969000.0,0.0004137036512851875,5.734937338710924,1,False,False,True,False,False,-288.0
100000008782056100,100000008782056100,terminal,0.5,32,0.0086,"Genuine endpoint (depth 1): received 29,082 KZT from 1 payers with 0 outgoing transfers.",1,0,29082.0,0.0,0.0002916732653658411,0.0,1,False,False,False,False,False,
100000006788200100,100000006788200100,peripheral,0.3,8,0.042,"Peripheral flow node with 7 active links (272,156 KZT in, 64,500 KZT out).",4,3,272155.8,64500.0,0.00033716343435244255,0.23699660268125833,1,False,False,False,False,False,-24.0
100000001164648100,100000001164648100,terminal,0.667,4,0.0169,"Genuine endpoint (depth 1): received 13,660 KZT from 2 payers with 0 outgoing transfers.",2,0,13660.0,0.0,0.00029014259597535177,0.0,1,False,False,False,False,False,
100000005133757100,100000005133757100,terminal,0.667,3,0.0173,"Genuine endpoint (depth 1): received 65,000 KZT from 2 payers with 0 outgoing transfers.",2,0,65000.0,0.0,0.00029941072919293055,0.0,1,False,False,False,False,False,
100000006445501100,100000006445501100,terminal,0.5,24,0.0089,"Genuine endpoint (depth 1): received 91,000 KZT from 1 payers with 0 outgoing transfers.",1,0,91000.0,0.0,0.0002993712801977907,0.0,1,False,False,False,False,False,
100000004390333100,100000004390333100,coordinator,1.0,16,0.0357,"High betweenness (0.0002) bridging 11 counterparties across clusters. Volume: 571,058 KZT; return cycle detected.",2,9,64558.0,506500.0,0.00029521378985057596,7.845658167849066,1,False,False,True,True,False,24.0
100000001641789100,100000001641789100,terminal,0.5,6,0.0173,"Genuine endpoint (depth 1): received 17,826 KZT from 1 payers with 0 outgoing transfers.",1,0,17826.0,0.0,0.0004895828148678133,0.0,1,False,False,False,False,False,
100000000968253100,100000000968253100,terminal,0.5,32,0.0085,"Genuine endpoint (depth 1): received 15,000 KZT from 1 payers with 0 outgoing transfers.",1,0,15000.0,0.0,0.00028871761851507826,0.0,1,False,False,False,False,False,
100000001527186100,100000001527186100,terminal,0.5,12,0.0143,"Genuine endpoint (depth 1): received 678,000 KZT from 1 payers with 0 outgoing transfers.",1,0,678000.0,0.0,0.0004213295963080267,0.0,1,False,False,False,False,False,
100000005852946100,100000005852946100,terminal,0.5,12,0.0085,"Genuine endpoint (depth 1): received 23,746 KZT from 1 payers with 0 outgoing transfers.",1,0,23746.0,0.0,0.00029032410857340684,0.0,1,False,False,False,False,False,
100000001530983100,100000001530983100,coordinator,1.0,15,0.0677,"High betweenness (0.0003) bridging 15 counterparties across clusters. Volume: 2,393,696 KZT.",4,11,564158.0,1829538.0,0.00035609030999176293,3.24295321523403,1,False,False,False,False,False,-168.0
100000008221543100,100000008221543100,terminal,0.667,22,0.0204,"Genuine endpoint (depth 1): received 542,000 KZT from 2 payers with 0 outgoing transfers.",2,0,542000.0,0.0,0.0003714846452253974,0.0,1,False,False,False,False,False,
100000001937767100,100000001937767100,peripheral,0.3,1,0.0405,"Peripheral flow node with 5 active links (53,000 KZT in, 1,933,000 KZT out).",1,4,53000.0,1933000.0,0.0008921392815659775,36.471698113207545,1,False,False,True,True,False,0.0
100000002462183100,100000002462183100,terminal,0.5,36,0.0125,"Genuine endpoint (depth 1): received 107,500 KZT from 1 payers with 0 outgoing transfers.",1,0,107500.0,0.0,0.0003802620893515447,0.0,1,False,False,False,False,False,
100000001805543100,100000001805543100,terminal,0.5,2,0.0086,"Genuine endpoint (depth 1): received 59,000 KZT from 1 payers with 0 outgoing transfers.",1,0,59000.0,0.0,0.0002919128593753634,0.0,1,False,False,False,False,False,
100000002606567100,100000002606567100,peripheral,0.3,0,0.0101,"Peripheral flow node with 2 active links (14,095 KZT in, 53,000 KZT out).",1,1,14095.0,53000.0,0.00028821425512201625,3.7601986520042567,1,False,False,False,False,False,-24.0
100000007281639100,100000007281639100,terminal,0.667,2,0.0183,"Genuine endpoint (depth 1): received 216,770 KZT from 2 payers with 0 outgoing transfers.",2,0,216770.0,0.0,0.0003235711404553908,0.0,1,False,False,False,False,False,
100000002991079100,100000002991079100,peripheral,0.3,2,0.0231,"Peripheral flow node with 3 active links (148,900 KZT in, 11,000 KZT out).",2,1,148900.0,11000.0,0.0003951739742726748,0.07387508394895903,1,False,False,False,True,False,0.0
100000002847207100,100000002847207100,terminal,0.5,12,0.0087,"Genuine endpoint (depth 1): received 46,243 KZT from 1 payers with 0 outgoing transfers.",1,0,46243.0,0.0,0.0002948288276237539,0.0,1,False,False,False,False,False,
100000000011452100,100000000011452100,peripheral,0.3,20,0.0344,"Peripheral flow node with 4 active links (110,000 KZT in, 16,685 KZT out).",3,1,110000.0,16685.0,0.0004768640252326481,0.1516818181818182,1,False,False,True,True,True,48.0
100000003148220100,100000003148220100,peripheral,0.3,47,0.0378,"Peripheral flow node with 3 active links (5,650 KZT in, 43,400 KZT out).",1,2,5650.0,43400.0,0.0009182428014100987,7.68141592920354,1,False,False,True,False,True,-312.0
100000002479804100,100000002479804100,peripheral,0.3,14,0.0106,"Peripheral flow node with 3 active links (46,000 KZT in, 35,300 KZT out).",1,2,46000.0,35300.0,0.00029696632694887494,0.7673913043478261,1,False,False,False,False,False,-120.0
100000008745489100,100000008745489100,terminal,0.5,32,0.0088,"Genuine endpoint (depth 1): received 55,539 KZT from 1 payers with 0 outgoing transfers.",1,0,55539.0,0.0,0.00029722627976227855,0.0,1,False,False,False,False,False,
100000002289937100,100000002289937100,terminal,0.5,32,0.0085,"Genuine endpoint (depth 1): received 20,000 KZT from 1 payers with 0 outgoing transfers.",1,0,20000.0,0.0,0.0002897670599476741,0.0,1,False,False,False,False,False,
100000004679953100,100000004679953100,coordinator,1.0,16,0.0501,"High betweenness (0.0004) bridging 6 counterparties across clusters. Volume: 377,638 KZT; return cycle detected.",3,3,343538.0,34100.0,0.0003342675529915223,0.09926121709970949,1,False,False,True,False,False,72.0
100000003066385100,100000003066385100,terminal,0.667,0,0.0169,"Genuine endpoint (depth 1): received 20,000 KZT from 2 payers with 0 outgoing transfers.",2,0,20000.0,0.0,0.00029153974169365685,0.0,1,False,False,False,False,False,
100000008744849100,100000008744849100,terminal,0.5,32,0.0087,"Genuine endpoint (depth 1): received 44,445 KZT from 1 payers with 0 outgoing transfers.",1,0,44445.0,0.0,0.00029489777911163493,0.0,1,False,False,False,False,False,
100000005093521100,100000005093521100,terminal,0.5,12,0.0085,"Genuine endpoint (depth 1): received 15,200 KZT from 1 payers with 0 outgoing transfers.",1,0,15200.0,0.0,0.00028861288801047553,0.0,1,False,False,False,False,False,
100000006518161100,100000006518161100,transit,0.993,2,0.052,"Receives from 3 payers (594,200 KZT), passes through 100% (595,899 KZT) to 2 accounts.",3,2,594200.0,595899.0,0.000810805332870047,1.002859306630764,1,False,False,True,False,False,-120.0
100000001126374100,100000001126374100,peripheral,0.3,8,0.0378,"Peripheral flow node with 6 active links (182,500 KZT in, 29,200 KZT out).",4,2,182500.0,29200.0,0.0003135004104490038,0.16,1,False,False,False,False,True,-48.0
100000004509286100,100000004509286100,terminal,0.5,12,0.0087,"Genuine endpoint (depth 1): received 40,000 KZT from 1 payers with 0 outgoing transfers.",1,0,40000.0,0.0,0.0002935787515677768,0.0,1,False,False,False,False,False,
100000005056870100,100000005056870100,terminal,0.5,36,0.0091,"Genuine endpoint (depth 1): received 20,000 KZT from 1 payers with 0 outgoing transfers.",1,0,20000.0,0.0,0.00030318655842831487,0.0,1,False,False,False,False,False,
100000008708368100,100000008708368100,terminal,0.5,32,0.0086,"Genuine endpoint (depth 1): received 23,677 KZT from 1 payers with 0 outgoing transfers.",1,0,23677.0,0.0,0.00029053881917720503,0.0,1,False,False,False,False,False,
100000005895525100,100000005895525100,terminal,0.5,36,0.013,"Genuine endpoint (depth 1): received 120,000 KZT from 1 payers with 0 outgoing transfers.",1,0,120000.0,0.0,0.0003912728794834347,0.0,1,False,False,False,False,False,
100000008716773100,100000008716773100,terminal,0.5,32,0.0085,"Genuine endpoint (depth 1): received 15,677 KZT from 1 payers with 0 outgoing transfers.",1,0,15677.0,0.0,0.00028885971288505175,0.0,1,False,False,False,False,False,
100000002778085100,100000002778085100,terminal,0.5,2,0.0086,"Genuine endpoint (depth 1): received 66,208 KZT from 1 payers with 0 outgoing transfers.",1,0,66208.0,0.0,0.0002926878495051835,0.0,1,False,False,False,False,False,
100000007055802100,100000007055802100,peripheral,0.3,0,0.0903,"Peripheral flow node with 7 active links (2,024,999 KZT in, 605,000 KZT out).",6,1,2024999.0,605000.0,0.001181924366122314,0.29876557963732325,1,False,False,True,True,False,0.0
100000003071930100,100000003071930100,peripheral,0.3,6,0.0303,"Peripheral flow node with 4 active links (477,610 KZT in, 5,000 KZT out).",3,1,477610.0,5000.0,0.0003483674806474177,0.010468792529469651,1,False,False,False,False,False,192.0
100000002941114100,100000002941114100,peripheral,0.3,24,0.0853,"Peripheral flow node with 3 active links (128,510 KZT in, 15,000 KZT out).",2,1,128510.0,15000.0,0.0018146321453408293,0.11672243405182477,1,False,False,True,False,True,456.0
100000003888271100,100000003888271100,peripheral,0.3,53,0.0103,"Peripheral flow node with 3 active links (12,177 KZT in, 25,590 KZT out).",1,2,12177.0,25590.0,0.0002913863210858299,2.10150283321015,1,False,False,True,True,True,48.0
100000007507343100,100000007507343100,terminal,0.5,57,0.0239,"Genuine endpoint (depth 1): received 370,000 KZT from 1 payers with 0 outgoing transfers.",1,0,370000.0,0.0,0.0006416178761806934,0.0,1,False,False,False,False,False,
100000008002020100,100000008002020100,peripheral,0.3,23,0.0098,"Peripheral flow node with 2 active links (73,860 KZT in, 17,000 KZT out).",1,1,73860.0,17000.0,0.0002978267344904884,0.23016517736257786,1,False,False,False,False,False,168.0
100000001872484100,100000001872484100,peripheral,0.3,41,0.098,"Peripheral flow node with 4 active links (871,400 KZT in, 514,580 KZT out).",1,3,871400.0,514580.0,0.0022739787649245797,0.5905210006885472,1,False,False,True,False,False,312.0
100000008769636100,100000008769636100,terminal,0.5,32,0.0085,"Genuine endpoint (depth 1): received 23,118 KZT from 1 payers with 0 outgoing transfers.",1,0,23118.0,0.0,0.0002904214916250408,0.0,1,False,False,False,False,False,
100000004135268100,100000004135268100,transit,0.518,56,0.083,"Receives from 2 payers (1,239,000 KZT), passes through 81% (1,000,200 KZT) to 3 accounts.",2,3,1239000.0,1000200.0,0.0017405273422577779,0.8072639225181598,1,False,False,True,False,False,-24.0
100000005316708100,100000005316708100,peripheral,0.3,6,0.0106,"Peripheral flow node with 3 active links (90,000 KZT in, 257,500 KZT out).",1,2,90000.0,257500.0,0.0002976906193985509,2.861111111111111,1,False,False,False,False,False,-360.0
100000008671929100,100000008671929100,terminal,0.5,12,0.009,"Genuine endpoint (depth 1): received 75,000 KZT from 1 payers with 0 outgoing transfers.",1,0,75000.0,0.0,0.00030058702674945194,0.0,1,False,False,False,False,False,
100000005287097100,100000005287097100,coordinator,1.0,2,0.0641,"High betweenness (0.0008) bridging 11 counterparties across clusters. Volume: 824,473 KZT; return cycle detected.",2,9,127173.0,697300.0,0.00030270743388181913,5.483082100760382,1,False,False,True,False,True,-192.0
100000007283257100,100000007283257100,terminal,0.5,49,0.0129,"Genuine endpoint (depth 1): received 192,000 KZT from 1 payers with 0 outgoing transfers.",1,0,192000.0,0.0,0.00038906884568361,0.0,1,False,False,False,False,False,
100000004847758100,100000004847758100,coordinator,1.0,0,0.1151,"High betweenness (0.0014) bridging 19 counterparties across clusters. Volume: 603,971 KZT; return cycle detected.",4,15,115171.0,488800.0,0.00030474224834678437,4.244123954815014,1,False,False,True,False,False,96.0
100000008737422100,100000008737422100,terminal,0.5,32,0.009,"Genuine endpoint (depth 1): received 76,903 KZT from 1 payers with 0 outgoing transfers.",1,0,76903.0,0.0,0.00030171033311547385,0.0,1,False,False,False,False,False,
100000008555918100,100000008555918100,peripheral,0.3,12,0.0131,"Peripheral flow node with 3 active links (139,211 KZT in, 43,300 KZT out).",1,2,139211.0,43300.0,0.00031344440839775313,0.3110386391879952,1,False,False,False,False,False,-312.0
100000008094734100,100000008094734100,terminal,1.0,14,0.0359,"Genuine endpoint (depth 1): received 236,249 KZT from 4 payers with 0 outgoing transfers.",4,0,236249.0,0.0,0.0003441360031889836,0.0,1,False,False,False,False,False,
100000006952718100,100000006952718100,terminal,0.5,2,0.0087,"Genuine endpoint (depth 1): received 71,489 KZT from 1 payers with 0 outgoing transfers.",1,0,71489.0,0.0,0.00029325565234585775,0.0,1,False,False,False,False,False,
100000005339662100,100000005339662100,peripheral,0.3,2,0.1023,"Peripheral flow node with 8 active links (202,939 KZT in, 295,160 KZT out).",4,4,202939.0,295160.0,0.0016567441326948078,1.4544271924075707,1,False,False,True,True,False,0.0
100000001716579100,100000001716579100,terminal,0.5,32,0.0085,"Genuine endpoint (depth 1): received 13,916 KZT from 1 payers with 0 outgoing transfers.",1,0,13916.0,0.0,0.0002884900996124915,0.0,1,False,False,False,False,False,
100000002774456100,100000002774456100,terminal,0.5,24,0.0087,"Genuine endpoint (depth 1): received 50,363 KZT from 1 payers with 0 outgoing transfers.",1,0,50363.0,0.0,0.00029320785927153167,0.0,1,False,False,False,False,False,
100000004394765100,100000004394765100,peripheral,0.3,2,0.0334,"Peripheral flow node with 5 active links (603,844 KZT in, 82,500 KZT out).",3,2,603844.0,82500.0,0.0003802754591116205,0.13662469114539516,1,False,False,False,False,False,-48.0
100000004004621100,100000004004621100,terminal,1.0,11,0.0257,"Genuine endpoint (depth 1): received 75,389 KZT from 3 payers with 0 outgoing transfers.",3,0,75389.0,0.0,0.00030077440313347714,0.0,1,False,False,False,False,False,
100000000907277100,100000000907277100,terminal,0.5,32,0.0085,"Genuine endpoint (depth 1): received 17,534 KZT from 1 payers with 0 outgoing transfers.",1,0,17534.0,0.0,0.00028924947543311784,0.0,1,False,False,False,False,False,
100000003835149100,100000003835149100,peripheral,0.3,23,0.019,"Peripheral flow node with 3 active links (248,500 KZT in, 4,600,440 KZT out).",1,2,248500.0,4600440.0,0.0004889016554646476,18.512837022132796,1,False,False,False,False,False,-24.0
100000004254434100,100000004254434100,terminal,0.5,32,0.0087,"Genuine endpoint (depth 1): received 44,445 KZT from 1 payers with 0 outgoing transfers.",1,0,44445.0,0.0,0.00029489777911163493,0.0,1,False,False,False,False,False,
100000003635170100,100000003635170100,transit,0.86,24,0.0735,"Receives from 3 payers (268,500 KZT), passes through 94% (253,500 KZT) to 4 accounts.",3,4,268500.0,253500.0,0.0011481911115018492,0.9441340782122905,1,False,False,True,False,False,144.0
100000006687202100,100000006687202100,terminal,0.5,0,0.0087,"Genuine endpoint (depth 1): received 50,000 KZT from 1 payers with 0 outgoing transfers.",1,0,50000.0,0.0,0.0002949519153763026,0.0,1,False,False,False,False,False,
100000006030946100,100000006030946100,terminal,0.5,32,0.009,"Genuine endpoint (depth 1): received 73,289 KZT from 1 payers with 0 outgoing transfers.",1,0,73289.0,0.0,0.0003009517968479936,0.0,1,False,False,False,False,False,
100000002615479100,100000002615479100,terminal,0.5,6,0.0094,"Genuine endpoint (depth 1): received 220,000 KZT from 1 payers with 0 outgoing transfers.",1,0,220000.0,0.0,0.00030919582846738493,0.0,1,False,False,False,False,False,
100000002952631100,100000002952631100,terminal,0.5,2,0.0086,"Genuine endpoint (depth 1): received 48,050 KZT from 1 payers with 0 outgoing transfers.",1,0,48050.0,0.0,0.00029073553668924657,0.0,1,False,False,False,False,False,
100000002890167100,100000002890167100,terminal,0.5,2,0.0089,"Genuine endpoint (depth 1): received 118,150 KZT from 1 payers with 0 outgoing transfers.",1,0,118150.0,0.0,0.00029827255224146494,0.0,1,False,False,False,False,False,
100000008687671100,100000008687671100,terminal,0.5,32,0.0087,"Genuine endpoint (depth 1): received 37,500 KZT from 1 payers with 0 outgoing transfers.",1,0,37500.0,0.0,0.0002934401049617594,0.0,1,False,False,False,False,False,
100000000810551100,100000000810551100,peripheral,0.3,15,0.0131,"Peripheral flow node with 2 active links (100,000 KZT in, 7,100 KZT out).",1,1,100000.0,7100.0,0.0003055929375935056,0.071,1,False,False,False,False,False,-48.0
100000008724279100,100000008724279100,terminal,0.5,2,0.0084,"Genuine endpoint (depth 1): received 11,750 KZT from 1 payers with 0 outgoing transfers.",1,0,11750.0,0.0,0.00028683263134622903,0.0,1,False,False,False,False,False,
100000002592567100,100000002592567100,peripheral,0.3,2,0.0382,"Peripheral flow node with 3 active links (5,297 KZT in, 48,600 KZT out).",1,2,5297.0,48600.0,0.0002861388173468216,9.175004719652634,1,False,False,False,False,True,168.0
100000002670860100,100000002670860100,terminal,0.667,1,0.0177,"Genuine endpoint (depth 1): received 450,000 KZT from 2 payers with 0 outgoing transfers.",2,0,450000.0,0.0,0.00030894570400308074,0.0,1,False,False,False,False,False,
100000002844897100,100000002844897100,terminal,0.5,6,0.0084,"Genuine endpoint (depth 1): received 10,800 KZT from 1 payers with 0 outgoing transfers.",1,0,10800.0,0.0,0.00028672914226229553,0.0,1,False,False,False,False,False,
100000007938486100,100000007938486100,terminal,0.5,32,0.0087,"Genuine endpoint (depth 1): received 39,500 KZT from 1 payers with 0 outgoing transfers.",1,0,39500.0,0.0,0.00029385988153479773,0.0,1,False,False,False,False,False,
100000008438656100,100000008438656100,peripheral,0.3,12,0.019,"Peripheral flow node with 3 active links (80,000 KZT in, 5,000 KZT out).",2,1,80000.0,5000.0,0.00029739252742606105,0.0625,1,False,False,False,False,False,336.0
100000008304139100,100000008304139100,coordinator,1.0,16,0.1223,"High betweenness (0.0013) bridging 28 counterparties across clusters. Volume: 1,882,327 KZT; return cycle detected.",4,24,189329.75,1692997.0,0.0003136180059586537,8.942054801213228,1,False,False,True,True,False,0.0
100000002597003100,100000002597003100,peripheral,0.3,0,0.0101,"Peripheral flow node with 2 active links (17,700 KZT in, 11,000 KZT out).",1,1,17700.0,11000.0,0.00028889074210758104,0.6214689265536724,1,False,False,False,False,False,-216.0
100000002830055100,100000002830055100,terminal,0.5,32,0.0085,"Genuine endpoint (depth 1): received 14,000 KZT from 1 payers with 0 outgoing transfers.",1,0,14000.0,0.0,0.0002885077302285591,0.0,1,False,False,False,False,False,
100000004299488100,100000004299488100,peripheral,0.3,0,0.104,"Peripheral flow node with 8 active links (1,749,000 KZT in, 344,999 KZT out).",6,2,1749000.0,344999.0,0.001462118593441249,0.19725500285877645,1,False,False,True,True,False,0.0
100000002809568100,100000002809568100,terminal,0.5,0,0.0084,"Genuine endpoint (depth 1): received 10,000 KZT from 1 payers with 0 outgoing transfers.",1,0,10000.0,0.0,0.0002874458184490932,0.0,1,False,False,False,False,False,
100000004784224100,100000004784224100,peripheral,0.3,23,0.01,"Peripheral flow node with 2 active links (23,500 KZT in, 100,000 KZT out).",1,1,23500.0,100000.0,0.0003047979078563769,4.25531914893617,1,False,False,False,False,True,144.0
100000003123296100,100000003123296100,terminal,0.5,13,0.009,"Genuine endpoint (depth 1): received 86,200 KZT from 1 payers with 0 outgoing transfers.",1,0,86200.0,0.0,0.00029987461985430183,0.0,1,False,False,False,False,False,
100000004130144100,100000004130144100,terminal,0.5,6,0.0088,"Genuine endpoint (depth 1): received 200,000 KZT from 1 payers with 0 outgoing transfers.",1,0,200000.0,0.0,0.0002970377419674501,0.0,1,False,False,False,False,False,
100000001253557100,100000001253557100,terminal,1.0,19,0.0445,"Genuine endpoint (depth 1): received 210,200 KZT from 5 payers with 0 outgoing transfers.",5,0,210200.0,0.0,0.0003510659229876536,0.0,1,False,False,False,False,False,
100000008767925100,100000008767925100,terminal,0.5,32,0.0085,"Genuine endpoint (depth 1): received 17,144 KZT from 1 payers with 0 outgoing transfers.",1,0,17144.0,0.0,0.0002891676190013754,0.0,1,False,False,False,False,False,
100000007181706100,100000007181706100,terminal,0.667,16,0.0181,"Genuine endpoint (depth 1): received 176,272 KZT from 2 payers with 0 outgoing transfers.",2,0,176272.0,0.0,0.00031906641503554804,0.0,1,False,False,False,False,False,
100000003366154100,100000003366154100,peripheral,0.3,24,0.0144,"Peripheral flow node with 4 active links (125,000 KZT in, 289,170 KZT out).",1,3,125000.0,289170.0,0.0003105988484375593,2.31336,1,False,False,False,True,False,0.0
100000007641183100,100000007641183100,terminal,0.5,2,0.0085,"Genuine endpoint (depth 1): received 28,000 KZT from 1 payers with 0 outgoing transfers.",1,0,28000.0,0.0,0.00028857979971603717,0.0,1,False,False,False,False,False,
100000008663007100,100000008663007100,terminal,0.5,32,0.0085,"Genuine endpoint (depth 1): received 14,000 KZT from 1 payers with 0 outgoing transfers.",1,0,14000.0,0.0,0.0002885077302285591,0.0,1,False,False,False,False,False,
100000007334196100,100000007334196100,terminal,0.5,24,0.0093,"Genuine endpoint (depth 1): received 150,002 KZT from 1 payers with 0 outgoing transfers.",1,0,150002.0,0.0,0.0003083201238991253,0.0,1,False,False,False,False,False,
100000003873332100,100000003873332100,coordinator,1.0,5,0.0538,"High betweenness (0.0009) bridging 5 counterparties across clusters. Volume: 309,468 KZT; return cycle detected.",1,4,23468.0,286000.0,0.0002899731212844846,12.186807567751833,1,False,False,True,False,False,-240.0
100000001550388100,100000001550388100,terminal,0.5,0,0.0087,"Genuine endpoint (depth 1): received 50,000 KZT from 1 payers with 0 outgoing transfers.",1,0,50000.0,0.0,0.0002949519153763026,0.0,1,False,False,False,False,False,
100000008718089100,100000008718089100,terminal,0.5,32,0.0085,"Genuine endpoint (depth 1): received 15,534 KZT from 1 payers with 0 outgoing transfers.",1,0,15534.0,0.0,0.0002888296988600795,0.0,1,False,False,False,False,False,
100000008728457100,100000008728457100,terminal,0.5,24,0.0086,"Genuine endpoint (depth 1): received 45,000 KZT from 1 payers with 0 outgoing transfers.",1,0,45000.0,0.0,0.0002923944521197359,0.0,1,False,False,False,False,False,
100000004206046100,100000004206046100,terminal,0.5,2,0.0084,"Genuine endpoint (depth 1): received 11,075 KZT from 1 payers with 0 outgoing transfers.",1,0,11075.0,0.0,0.00028676005666009854,0.0,1,False,False,False,False,False,
100000006579678100,100000006579678100,peripheral,0.3,2,0.0542,"Peripheral flow node with 8 active links (192,930 KZT in, 1,668,800 KZT out).",2,6,192930.0,1668800.0,0.0006256438748763364,8.649769346395066,1,False,False,True,False,False,-24.0
100000002988894100,100000002988894100,peripheral,0.3,12,0.0164,"Peripheral flow node with 4 active links (306,121 KZT in, 77,500 KZT out).",1,3,306121.0,77500.0,0.0003468658715569931,0.25316786499456095,1,False,False,False,False,False,-432.0
100000008749406100,100000008749406100,terminal,0.5,32,0.0085,"Genuine endpoint (depth 1): received 17,144 KZT from 1 payers with 0 outgoing transfers.",1,0,17144.0,0.0,0.0002891676190013754,0.0,1,False,False,False,False,False,
100000005584222100,100000005584222100,peripheral,0.3,0,0.0457,"Peripheral flow node with 4 active links (192,717 KZT in, 108,587 KZT out).",2,2,192717.0,108587.0,0.000875917424791928,0.5634531463233653,1,False,False,True,False,False,-96.0
100000003239859100,100000003239859100,terminal,0.5,13,0.0085,"Genuine endpoint (depth 1): received 18,600 KZT from 1 payers with 0 outgoing transfers.",1,0,18600.0,0.0,0.0002886560582178524,0.0,1,False,False,False,False,False,
100000003980083100,100000003980083100,terminal,0.5,35,0.019,"Genuine endpoint (depth 1): received 30,000 KZT from 1 payers with 0 outgoing transfers.",1,0,30000.0,0.0,0.0005285862410602083,0.0,1,False,False,False,False,False,
100000004351795100,100000004351795100,coordinator,1.0,22,0.1529,"High betweenness (0.0024) bridging 17 counterparties across clusters. Volume: 1,833,494 KZT; return cycle detected.",3,14,118333.0,1715161.0,0.0003135156057452154,14.494359139039828,1,False,False,True,True,False,48.0
100000002666248100,100000002666248100,terminal,0.5,12,0.0089,"Genuine endpoint (depth 1): received 70,032 KZT from 1 payers with 0 outgoing transfers.",1,0,70032.0,0.0,0.0002995922521465216,0.0,1,False,False,False,False,False,
100000005877725100,100000005877725100,terminal,0.5,32,0.009,"Genuine endpoint (depth 1): received 70,000 KZT from 1 payers with 0 outgoing transfers.",1,0,70000.0,0.0,0.0003002614742736321,0.0,1,False,False,False,False,False,
100000001697501100,100000001697501100,coordinator,1.0,33,0.091,"High betweenness (0.0002) bridging 41 counterparties across clusters. Volume: 1,606,306 KZT; return cycle detected.",3,38,123700.0,1482606.0,0.000591604549253487,11.98549717057397,1,False,False,True,False,False,-72.0
100000006972210100,100000006972210100,terminal,1.0,6,0.0277,"Genuine endpoint (depth 1): received 488,775 KZT from 3 payers with 0 outgoing transfers.",3,0,488775.0,0.0,0.000346296000353762,0.0,1,False,False,False,False,False,
100000008749618100,100000008749618100,terminal,0.5,32,0.0088,"Genuine endpoint (depth 1): received 47,280 KZT from 1 payers with 0 outgoing transfers.",1,0,47280.0,0.0,0.00029549281240391677,0.0,1,False,False,False,False,False,
100000008671026100,100000008671026100,terminal,0.5,32,0.0085,"Genuine endpoint (depth 1): received 23,534 KZT from 1 payers with 0 outgoing transfers.",1,0,23534.0,0.0,0.0002905088051522328,0.0,1,False,False,False,False,False,
100000001696818100,100000001696818100,terminal,0.5,14,0.0089,"Genuine endpoint (depth 1): received 53,550 KZT from 1 payers with 0 outgoing transfers.",1,0,53550.0,0.0,0.00029883692688634147,0.0,1,False,False,False,False,False,
100000008679986100,100000008679986100,terminal,0.5,32,0.0085,"Genuine endpoint (depth 1): received 19,000 KZT from 1 payers with 0 outgoing transfers.",1,0,19000.0,0.0,0.00028955717166115493,0.0,1,False,False,False,False,False,
100000003616818100,100000003616818100,peripheral,0.3,39,0.0376,"Peripheral flow node with 6 active links (78,000 KZT in, 240,100 KZT out).",3,3,78000.0,240100.0,0.0005130034108689025,3.0782051282051284,1,False,False,True,False,False,-312.0
100000004156082100,100000004156082100,coordinator,1.0,2,0.1944,"High betweenness (0.0020) bridging 31 counterparties across clusters. Volume: 2,696,922 KZT; return cycle detected.",5,26,377366.11,2319556.0,0.0008669668928480435,6.146699288921308,1,False,False,True,False,False,-96.0
100000008667058100,100000008667058100,terminal,0.5,32,0.0085,"Genuine endpoint (depth 1): received 17,534 KZT from 1 payers with 0 outgoing transfers.",1,0,17534.0,0.0,0.00028924947543311784,0.0,1,False,False,False,False,False,
100000008628231100,100000008628231100,peripheral,0.3,12,0.0123,"Peripheral flow node with 3 active links (50,000 KZT in, 627,870 KZT out).",1,2,50000.0,627870.0,0.00029558111590539824,12.5574,1,False,False,False,True,True,24.0
100000008749063100,100000008749063100,terminal,0.5,32,0.0085,"Genuine endpoint (depth 1): received 19,000 KZT from 1 payers with 0 outgoing transfers.",1,0,19000.0,0.0,0.00028955717166115493,0.0,1,False,False,False,False,False,
100000004494983100,100000004494983100,terminal,0.5,32,0.0087,"Genuine endpoint (depth 1): received 35,000 KZT from 1 payers with 0 outgoing transfers.",1,0,35000.0,0.0,0.0002929153842454615,0.0,1,False,False,False,False,False,
100000007648946100,100000007648946100,peripheral,0.3,5,0.0095,"Peripheral flow node with 2 active links (19,550 KZT in, 25,000 KZT out).",1,1,19550.0,25000.0,0.0002892378990904645,1.278772378516624,1,False,False,False,False,False,72.0
100000003037660100,100000003037660100,terminal,0.5,12,0.0088,"Genuine endpoint (depth 1): received 53,000 KZT from 1 payers with 0 outgoing transfers.",1,0,53000.0,0.0,0.0002961818252066847,0.0,1,False,False,False,False,False,
100000002679516100,100000002679516100,terminal,1.0,13,0.0268,"Genuine endpoint (depth 1): received 102,335 KZT from 3 payers with 0 outgoing transfers.",3,0,102335.0,0.0,0.00032682549707084964,0.0,1,False,False,False,False,False,
100000005588444100,100000005588444100,terminal,0.5,6,0.0084,"Genuine endpoint (depth 1): received 12,300 KZT from 1 payers with 0 outgoing transfers.",1,0,12300.0,0.0,0.00028627460375392564,0.0,1,False,False,False,False,False,
100000001307612100,100000001307612100,terminal,0.5,32,0.0087,"Genuine endpoint (depth 1): received 38,483 KZT from 1 payers with 0 outgoing transfers.",1,0,38483.0,0.0,0.00029364642514740773,0.0,1,False,False,False,False,False,
100000003001564100,100000003001564100,peripheral,0.3,2,0.0101,"Peripheral flow node with 2 active links (23,520 KZT in, 180,000 KZT out).",1,1,23520.0,180000.0,0.00028809811883623776,7.653061224489796,1,False,False,False,False,False,120.0
100000002762076100,100000002762076100,peripheral,0.3,6,0.0181,"Peripheral flow node with 3 active links (140,350 KZT in, 30,000 KZT out).",2,1,140350.0,30000.0,0.00029914566971164536,0.21375133594584966,1,False,False,False,False,False,-96.0
100000005514161100,100000005514161100,peripheral,0.3,6,0.0586,"Peripheral flow node with 5 active links (401,500 KZT in, 50,000 KZT out).",4,1,401500.0,50000.0,0.0008061423847001055,0.12453300124533001,1,False,False,False,False,False,-360.0
100000008746673100,100000008746673100,terminal,0.5,32,0.0088,"Genuine endpoint (depth 1): received 53,048 KZT from 1 payers with 0 outgoing transfers.",1,0,53048.0,0.0,0.0002967034480405593,0.0,1,False,False,False,False,False,
100000003265158100,100000003265158100,coordinator,1.0,13,0.0436,"High betweenness (0.0002) bridging 5 counterparties across clusters. Volume: 300,300 KZT.",3,2,146100.4,154200.0,0.0003846709844220265,1.055438588806054,1,False,False,False,False,False,72.0
100000001567366100,100000001567366100,terminal,0.5,2,0.0122,"Genuine endpoint (depth 1): received 824,070 KZT from 1 payers with 0 outgoing transfers.",1,0,824070.0,0.0,0.00037417169658699974,0.0,1,False,False,False,False,False,
100000008777088100,100000008777088100,terminal,0.5,32,0.0085,"Genuine endpoint (depth 1): received 18,000 KZT from 1 payers with 0 outgoing transfers.",1,0,18000.0,0.0,0.00028934728337463573,0.0,1,False,False,False,False,False,
100000002589019100,100000002589019100,terminal,0.5,13,0.0086,"Genuine endpoint (depth 1): received 34,710 KZT from 1 payers with 0 outgoing transfers.",1,0,34710.0,0.0,0.0002913295941344678,0.0,1,False,False,False,False,False,
100000008666075100,100000008666075100,terminal,0.5,32,0.0086,"Genuine endpoint (depth 1): received 26,217 KZT from 1 payers with 0 outgoing transfers.",1,0,26217.0,0.0,0.0002910719354249637,0.0,1,False,False,False,False,False,
100000008137435100,100000008137435100,coordinator,1.0,0,0.0399,"High betweenness (0.0003) bridging 8 counterparties across clusters. Volume: 1,513,606 KZT; return cycle detected.",2,6,93906.0,1419700.0,0.0003142779777322604,15.118309799160864,1,False,False,True,False,False,-72.0
100000004403675100,100000004403675100,coordinator,1.0,5,0.1911,"High betweenness (0.0028) bridging 9 counterparties across clusters. Volume: 447,679 KZT; return cycle detected.",4,5,182980.0,264699.0,0.0007400733271266654,1.4466007213903158,1,False,False,True,False,False,72.0
100000004677680100,100000004677680100,peripheral,0.3,24,0.0545,"Peripheral flow node with 3 active links (63,000 KZT in, 168,000 KZT out).",2,1,63000.0,168000.0,0.0010928341745650807,2.6666666666666665,1,False,False,True,False,False,120.0
100000005958064100,100000005958064100,peripheral,0.3,1,0.0111,"Peripheral flow node with 3 active links (5,746 KZT in, 163,987 KZT out).",1,2,5746.0,163986.84,0.000286187092952855,28.539303863557258,1,False,False,False,False,False,624.0
100000002881669100,100000002881669100,terminal,0.5,13,0.0085,"Genuine endpoint (depth 1): received 18,600 KZT from 1 payers with 0 outgoing transfers.",1,0,18600.0,0.0,0.0002886560582178524,0.0,1,False,False,False,False,False,
100000002938501100,100000002938501100,peripheral,0.3,2,0.0099,"Peripheral flow node with 2 active links (8,395 KZT in, 5,000 KZT out).",1,1,8395.0,5000.0,0.00028647190827664715,0.5955926146515783,1,False,False,False,False,False,-48.0
100000006734554100,100000006734554100,peripheral,0.3,59,0.0104,"Peripheral flow node with 2 active links (16,500 KZT in, 25,000 KZT out).",1,1,16500.0,25000.0,0.0003119416985243868,1.5151515151515151,1,False,False,False,False,False,456.0
100000008003034100,100000008003034100,coordinator,1.0,2,0.1029,"High betweenness (0.0020) bridging 5 counterparties across clusters. Volume: 147,201 KZT; return cycle detected.",1,4,12201.0,135000.0,0.00028688112198836955,11.064666830587656,1,False,False,True,False,False,-48.0
100000003970394100,100000003970394100,terminal,0.5,13,0.009,"Genuine endpoint (depth 1): received 85,000 KZT from 1 payers with 0 outgoing transfers.",1,0,85000.0,0.0,0.00029967547378974946,0.0,1,False,False,False,False,False,
100000003205210100,100000003205210100,terminal,0.5,12,0.0095,"Genuine endpoint (depth 1): received 137,563 KZT from 1 payers with 0 outgoing transfers.",1,0,137563.0,0.0,0.0003131144187549131,0.0,1,False,False,False,False,False,
100000004559194100,100000004559194100,terminal,0.5,2,0.0097,"Genuine endpoint (depth 1): received 282,145 KZT from 1 payers with 0 outgoing transfers.",1,0,282145.0,0.0,0.0003159049754295684,0.0,1,False,False,False,False,False,
100000008173359100,100000008173359100,terminal,0.5,2,0.0084,"Genuine endpoint (depth 1): received 6,110 KZT from 1 payers with 0 outgoing transfers.",1,0,6110.0,0.0,0.00028622622952433876,0.0,1,False,False,False,False,False,
100000007953156100,100000007953156100,peripheral,0.3,4,0.0184,"Peripheral flow node with 2 active links (18,000 KZT in, 10,000 KZT out).",1,1,18000.0,10000.0,0.0004778416683076007,0.5555555555555556,2,False,False,False,False,False,264.0
100000002224132100,100000002224132100,peripheral,0.3,23,0.2954,"Peripheral flow node with 9 active links (3,951,020 KZT in, 12,115,000 KZT out).",5,4,3951020.0,12115000.0,0.005995733195474431,3.0662968043695047,2,False,False,True,False,False,-48.0
100000008547844100,100000008547844100,coordinator,1.0,19,0.1307,"High betweenness (0.0018) bridging 22 counterparties across clusters. Volume: 2,219,799 KZT; return cycle detected.",3,19,177600.0,2042199.0,0.0003443380521779434,11.498868243243244,2,False,False,True,False,False,-96.0
100000002635780100,100000002635780100,terminal,0.5,6,0.0201,"Genuine endpoint (depth 2): received 163,000 KZT from 1 payers with 0 outgoing transfers.",1,0,163000.02,0.0,0.0005553850086577912,0.0,2,False,False,False,False,False,
100000001279875100,100000001279875100,terminal,0.5,13,0.0091,"Genuine endpoint (depth 2): received 49,235 KZT from 1 payers with 0 outgoing transfers.",1,0,49235.0,0.0,0.0003032727428264067,0.0,2,False,False,False,False,False,
100000001961048100,100000001961048100,terminal,0.5,25,0.0092,"Genuine endpoint (depth 2): received 150,000 KZT from 1 payers with 0 outgoing transfers.",1,0,150000.0,0.0,0.00030430933928482544,0.0,2,False,False,False,False,False,
100000000993112100,100000000993112100,terminal,0.5,14,0.0151,"Genuine endpoint (depth 2): received 141,000 KZT from 1 payers with 0 outgoing transfers.",1,0,141000.0,0.0,0.00044111482764995627,0.0,2,False,False,False,False,False,
100000005547096100,100000005547096100,peripheral,0.3,46,0.0366,"Peripheral flow node with 3 active links (8,000 KZT in, 226,300 KZT out).",1,2,8000.0,226300.0,0.0008920567423173903,28.2875,2,False,False,True,False,True,-96.0
100000000331309100,100000000331309100,coordinator,1.0,7,0.38,"High betweenness (0.0046) bridging 104 counterparties across clusters. Volume: 23,986,010 KZT; return cycle detected.",5,99,984635.0,23001375.0,0.0008756899038073762,23.360306103276848,2,False,False,True,False,False,-192.0
100000006684930100,100000006684930100,terminal,0.5,11,0.0089,"Genuine endpoint (depth 2): received 10,000 KZT from 1 payers with 0 outgoing transfers.",1,0,10000.0,0.0,0.0002987343713958286,0.0,2,False,False,False,False,False,
100000004479404100,100000004479404100,peripheral,0.3,16,0.0467,"Peripheral flow node with 3 active links (1,492,000 KZT in, 300,000 KZT out).",2,1,1492000.0,300000.0,0.000866709630650994,0.20107238605898123,2,False,False,True,False,False,600.0
100000004134060100,100000004134060100,terminal,0.5,19,0.0102,"Genuine endpoint (depth 2): received 88,179 KZT from 1 payers with 0 outgoing transfers.",1,0,88179.0,0.0,0.0003280105841798639,0.0,2,False,False,False,False,False,
100000001083990100,100000001083990100,terminal,0.5,13,0.0178,"Genuine endpoint (depth 2): received 49,900 KZT from 1 payers with 0 outgoing transfers.",1,0,49900.0,0.0,0.0005021137973799181,0.0,2,False,False,False,False,False,
100000004573782100,100000004573782100,terminal,0.5,6,0.0094,"Genuine endpoint (depth 2): received 15,000 KZT from 1 payers with 0 outgoing transfers.",1,0,15000.0,0.0,0.0003098970169286297,0.0,2,False,False,False,False,False,
100000005660203100,100000005660203100,peripheral,0.3,2,0.0399,"Peripheral flow node with 3 active links (572,899 KZT in, 41,000 KZT out).",1,2,572899.0,41000.0,0.0009492504038791965,0.07156584319400104,2,False,False,True,False,False,288.0
100000008771627100,100000008771627100,terminal,0.5,33,0.0086,"Genuine endpoint (depth 2): received 16,500 KZT from 1 payers with 0 outgoing transfers.",1,0,16500.0,0.0,0.0002911733098421886,0.0,2,False,False,False,False,False,
100000000031787100,100000000031787100,transit,1.0,6,0.0165,"Receives from 1 payers (90,000 KZT), passes through 100% (90,000 KZT) to 2 accounts.",1,2,90000.0,90000.0,0.0004315356304853241,1.0,2,False,False,True,False,False,-480.0
100000001346560100,100000001346560100,peripheral,0.3,12,0.0317,"Peripheral flow node with 3 active links (10,000 KZT in, 22,200 KZT out).",2,1,10000.0,22200.0,0.0005866163489075494,2.22,2,False,False,False,False,True,288.0
100000001703168100,100000001703168100,peripheral,0.3,16,0.0103,"Peripheral flow node with 2 active links (45,000 KZT in, 90,000 KZT out).",1,1,45000.0,90000.0,0.00029266343176030765,2.0,2,False,False,False,True,False,48.0
100000004904960100,100000004904960100,terminal,0.667,24,0.0382,"Genuine endpoint (depth 2): received 32,000 KZT from 2 payers with 0 outgoing transfers.",2,0,32000.0,0.0,0.0007779174826823424,0.0,2,False,False,False,False,False,
100000004467157100,100000004467157100,peripheral,0.3,26,0.0136,"Peripheral flow node with 2 active links (20,000 KZT in, 7,000 KZT out).",1,1,20000.0,7000.0,0.0003865607584834249,0.35,2,False,False,True,False,True,384.0
100000008346837100,100000008346837100,coordinator,1.0,11,0.5267,"High betweenness (0.0090) bridging 34 counterparties across clusters. Volume: 1,513,002 KZT; return cycle detected.",9,25,254359.0,1258643.0,0.0005474079827287936,4.948293553599441,2,False,False,True,False,False,-192.0
100000006385877100,100000006385877100,peripheral,0.3,6,0.0884,"Peripheral flow node with 2 active links (53,707 KZT in, 36,603 KZT out).",1,1,53706.62,36602.93,0.002094297553958926,0.6815347903107661,2,False,False,True,False,True,-192.0
100000002459093100,100000002459093100,peripheral,0.3,6,0.0138,"Peripheral flow node with 2 active links (500,000 KZT in, 55,000 KZT out).",1,1,500000.0,55000.0,0.00038924998698062655,0.11,2,False,False,False,False,False,-288.0
100000005053653100,100000005053653100,peripheral,0.3,11,0.0195,"Peripheral flow node with 3 active links (63,073 KZT in, 25,000 KZT out).",2,1,63073.0,25000.0,0.0003136008584320485,0.3963661154535221,2,False,False,False,False,False,-48.0
100000001557930100,100000001557930100,terminal,0.5,8,0.0086,"Genuine endpoint (depth 2): received 34,610 KZT from 1 payers with 0 outgoing transfers.",1,0,34610.0,0.0,0.0002921289541275454,0.0,2,False,False,False,False,False,
100000002820010100,100000002820010100,terminal,0.5,8,0.0086,"Genuine endpoint (depth 2): received 30,000 KZT from 1 payers with 0 outgoing transfers.",1,0,30000.0,0.0,0.00029125521728309953,0.0,2,False,False,False,False,False,
100000000769919100,100000000769919100,terminal,0.5,58,0.028,"Genuine endpoint (depth 2): received 250,000 KZT from 1 payers with 0 outgoing transfers.",1,0,250000.0,0.0,0.0007354469638244256,0.0,2,False,False,False,False,False,
100000003188607100,100000003188607100,peripheral,0.3,6,0.0105,"Peripheral flow node with 2 active links (18,000 KZT in, 5,000 KZT out).",1,1,18000.0,5000.0,0.0003147625614708975,0.2777777777777778,2,False,False,False,False,False,-552.0
100000002836052100,100000002836052100,terminal,0.5,12,0.0092,"Genuine endpoint (depth 2): received 15,000 KZT from 1 payers with 0 outgoing transfers.",1,0,15000.0,0.0,0.0003056660501463524,0.0,2,False,False,False,False,False,
100000001102676100,100000001102676100,transit,1.0,14,0.0113,"Receives from 1 payers (50,000 KZT), passes through 100% (50,000 KZT) to 1 accounts. Rapid turnaround (0h).",1,1,50000.0,50000.0,0.0003130309543986752,1.0,2,False,False,False,True,False,0.0
100000003390036100,100000003390036100,peripheral,0.3,24,0.0669,"Peripheral flow node with 4 active links (231,300 KZT in, 62,000 KZT out).",2,2,231300.0,62000.0,0.0013242239371446286,0.2680501513186338,2,False,False,True,True,True,0.0
100000008335401100,100000008335401100,terminal,0.5,17,0.02,"Genuine endpoint (depth 2): received 150,000 KZT from 1 payers with 0 outgoing transfers.",1,0,150000.0,0.0,0.0005512278448300623,0.0,2,False,False,False,False,False,
100000006994985100,100000006994985100,peripheral,0.3,8,0.0194,"Peripheral flow node with 2 active links (48,500 KZT in, 10,200 KZT out).",1,1,48500.0,10200.0,0.0005013304862324077,0.21030927835051547,2,False,False,False,True,False,24.0
100000008356606100,100000008356606100,terminal,0.667,2,0.0316,"Genuine endpoint (depth 2): received 168,500 KZT from 2 payers with 0 outgoing transfers.",2,0,168500.0,0.0,0.0006267853006401153,0.0,2,False,False,False,False,False,
100000007930878100,100000007930878100,terminal,0.5,54,0.017,"Genuine endpoint (depth 2): received 5,000 KZT from 1 payers with 0 outgoing transfers.",1,0,5000.0,0.0,0.00048363772579278924,0.0,2,False,False,False,False,False,
100000008389800100,100000008389800100,peripheral,0.3,2,0.0469,"Peripheral flow node with 10 active links (189,000 KZT in, 401,620 KZT out).",3,7,189000.0,401620.0,0.0005050963840560336,2.124973544973545,2,False,False,True,False,False,-24.0
100000005474472100,100000005474472100,terminal,0.5,23,0.0197,"Genuine endpoint (depth 2): received 100,000 KZT from 1 payers with 0 outgoing transfers.",1,0,100000.0,0.0,0.0005449540086863332,0.0,2,False,False,False,False,False,
100000004486525100,100000004486525100,peripheral,0.3,16,0.0914,"Peripheral flow node with 10 active links (360,924 KZT in, 271,045 KZT out).",8,2,360924.0,271045.0,0.0008057988481996705,0.7509752745730403,2,False,False,False,True,False,0.0
100000003031890100,100000003031890100,terminal,0.5,38,0.013,"Genuine endpoint (depth 2): received 215,000 KZT from 1 payers with 0 outgoing transfers.",1,0,215000.0,0.0,0.0003921222300159283,0.0,2,False,False,False,False,False,
100000008624978100,100000008624978100,terminal,0.5,19,0.0106,"Genuine endpoint (depth 2): received 109,000 KZT from 1 payers with 0 outgoing transfers.",1,0,109000.0,0.0,0.00033803190556376176,0.0,2,False,False,False,False,False,
100000000790311100,100000000790311100,terminal,0.5,2,0.009,"Genuine endpoint (depth 2): received 46,300 KZT from 1 payers with 0 outgoing transfers.",1,0,46300.0,0.0,0.000300299219066313,0.0,2,False,False,False,False,False,
100000008546855100,100000008546855100,peripheral,0.3,0,0.104,"Peripheral flow node with 8 active links (71,790 KZT in, 10,000 KZT out).",6,2,71790.0,10000.0,0.0014269758891576917,0.1392951664577239,2,False,False,True,True,True,24.0
100000002863356100,100000002863356100,peripheral,0.3,33,0.0099,"Peripheral flow node with 2 active links (45,000 KZT in, 20,000 KZT out).",1,1,45000.0,20000.0,0.0003008529731942847,0.4444444444444444,2,False,False,False,False,False,-48.0
100000000332284100,100000000332284100,peripheral,0.3,16,0.1091,"Peripheral flow node with 13 active links (107,426 KZT in, 289,500 KZT out).",10,3,107426.0,289500.0,0.0007170946224349074,2.69487833485376,2,False,False,False,False,True,72.0
100000002605308100,100000002605308100,terminal,1.0,1,0.0512,"Genuine endpoint (depth 2): received 2,569,522 KZT from 3 payers with 0 outgoing transfers.",3,0,2569521.84,0.0,0.0008849814697633089,0.0,2,False,False,False,False,False,
100000005931985100,100000005931985100,terminal,0.5,13,0.0095,"Genuine endpoint (depth 2): received 76,000 KZT from 1 payers with 0 outgoing transfers.",1,0,76000.0,0.0,0.00031289664456344305,0.0,2,False,False,False,False,False,
100000001166289100,100000001166289100,peripheral,0.3,33,0.0927,"Peripheral flow node with 3 active links (721,039 KZT in, 25,000 KZT out).",2,1,721039.0,25000.0,0.0020021280906723886,0.0346721883282319,2,False,False,True,False,False,552.0
100000008477350100,100000008477350100,coordinator,1.0,20,0.2946,"High betweenness (0.0025) bridging 50 counterparties across clusters. Volume: 3,984,966 KZT; return cycle detected.",11,39,610100.0,3374866.0,0.0010342350786611244,5.531660383543682,2,False,False,True,False,False,-168.0
100000003824464100,100000003824464100,terminal,0.5,0,0.01,"Genuine endpoint (depth 2): received 200,000 KZT from 1 payers with 0 outgoing transfers.",1,0,200000.0,0.0,0.000323247651083571,0.0,2,False,False,False,False,False,
100000002738256100,100000002738256100,transit,0.587,56,0.0189,"Receives from 1 payers (150,200 KZT), passes through 117% (175,000 KZT) to 1 accounts. Rapid turnaround (24h).",1,1,150200.0,175000.0,0.0005073102992973039,1.1651131824234353,2,False,False,True,True,False,24.0
100000001857829100,100000001857829100,coordinator,1.0,3,0.178,"High betweenness (0.0020) bridging 22 counterparties across clusters. Volume: 3,279,528 KZT; return cycle detected.",6,16,888535.0,2390993.0,0.0006204790252521136,2.690938454872346,2,False,False,True,True,False,0.0
100000008672762100,100000008672762100,terminal,0.5,33,0.0085,"Genuine endpoint (depth 2): received 13,000 KZT from 1 payers with 0 outgoing transfers.",1,0,13000.0,0.0,0.0002899845792550891,0.0,2,False,False,False,False,False,
100000001737722100,100000001737722100,terminal,0.5,14,0.0098,"Genuine endpoint (depth 2): received 60,460 KZT from 1 payers with 0 outgoing transfers.",1,0,60460.0,0.0,0.0003187759337086208,0.0,2,False,False,False,False,False,
100000005572303100,100000005572303100,peripheral,0.3,2,0.0119,"Peripheral flow node with 2 active links (75,000 KZT in, 20,000 KZT out).",1,1,75000.0,20000.0,0.0003132762393993454,0.26666666666666666,2,False,False,False,False,False,-120.0
100000008733049100,100000008733049100,terminal,0.5,2,0.0085,"Genuine endpoint (depth 2): received 10,000 KZT from 1 payers with 0 outgoing transfers.",1,0,10000.0,0.0,0.0002887507034719393,0.0,2,False,False,False,False,False,
100000000850297100,100000000850297100,transit,1.0,4,0.0096,"Receives from 1 payers (17,520 KZT), passes through 100% (17,520 KZT) to 1 accounts. Rapid turnaround (0h).",1,1,17520.0,17520.0,0.0002939168313087527,1.0,2,False,False,True,True,False,0.0
100000005140601100,100000005140601100,peripheral,0.3,20,0.1334,"Peripheral flow node with 5 active links (52,685 KZT in, 195,300 KZT out).",3,2,52685.0,195300.0,0.002705731454703331,3.706937458479643,2,False,False,True,True,True,48.0
100000004410489100,100000004410489100,terminal,0.5,0,0.0096,"Genuine endpoint (depth 2): received 54,000 KZT from 1 payers with 0 outgoing transfers.",1,0,54000.0,0.0,0.0003142199106141309,0.0,2,False,False,False,False,False,
100000006852430100,100000006852430100,terminal,0.5,24,0.0193,"Genuine endpoint (depth 2): received 37,000 KZT from 1 payers with 0 outgoing transfers.",1,0,37000.0,0.0,0.0005362020040442948,0.0,2,False,False,False,False,False,
100000003166755100,100000003166755100,terminal,0.5,16,0.0085,"Genuine endpoint (depth 2): received 24,010 KZT from 1 payers with 0 outgoing transfers.",1,0,24010.0,0.0,0.0002893544107152427,0.0,2,False,False,False,False,False,
100000008258083100,100000008258083100,peripheral,0.3,25,0.0549,"Peripheral flow node with 4 active links (3,149,500 KZT in, 2,045,650 KZT out).",2,2,3149500.0,2045650.0,0.0010500443938968613,0.6495157961581204,2,False,False,True,True,False,24.0
100000003054328100,100000003054328100,peripheral,0.3,13,0.0123,"Peripheral flow node with 3 active links (140,000 KZT in, 193,720 KZT out).",1,2,140000.0,193720.0,0.00033590915011809754,1.3837142857142857,2,False,False,False,True,False,0.0
100000008473207100,100000008473207100,terminal,0.5,12,0.0202,"Genuine endpoint (depth 2): received 202,000 KZT from 1 payers with 0 outgoing transfers.",1,0,202000.0,0.0,0.0005562056073953194,0.0,2,False,False,False,False,False,
100000008104567100,100000008104567100,coordinator,1.0,6,0.1352,"High betweenness (0.0020) bridging 6 counterparties across clusters. Volume: 93,550 KZT; return cycle detected.",3,3,53550.0,40000.0,0.000538042367569946,0.7469654528478058,2,False,False,True,False,False,144.0
100000002721825100,100000002721825100,terminal,0.5,0,0.0191,"Genuine endpoint (depth 2): received 11,000 KZT from 1 payers with 0 outgoing transfers.",1,0,11000.0,0.0,0.0005314143750831585,0.0,2,False,False,False,False,False,
100000003509750100,100000003509750100,transit,0.882,8,0.089,"Receives from 3 payers (82,290 KZT), passes through 95% (78,400 KZT) to 3 accounts.",3,3,82290.0,78400.0,0.001687048026555684,0.9527281565196257,2,False,False,True,False,False,120.0
100000007322059100,100000007322059100,peripheral,0.3,14,0.0364,"Peripheral flow node with 3 active links (29,000 KZT in, 22,500 KZT out).",2,1,29000.0,22500.0,0.0006801571631888191,0.7758620689655172,2,False,False,True,True,False,0.0
100000004441291100,100000004441291100,terminal,0.5,12,0.0199,"Genuine endpoint (depth 2): received 20,000 KZT from 1 payers with 0 outgoing transfers.",1,0,20000.0,0.0,0.000548843069567571,0.0,2,False,False,False,False,False,
100000006122699100,100000006122699100,terminal,0.667,2,0.0219,"Genuine endpoint (depth 2): received 45,865 KZT from 2 payers with 0 outgoing transfers.",2,0,45865.0,0.0,0.0004047064849586192,0.0,2,False,False,False,False,False,
100000008254069100,100000008254069100,peripheral,0.3,5,0.0188,"Peripheral flow node with 6 active links (10,200 KZT in, 107,500 KZT out).",1,5,10200.0,107500.0,0.0003424861412375226,10.53921568627451,2,False,False,True,False,True,-24.0
100000003336565100,100000003336565100,terminal,0.5,33,0.0086,"Genuine endpoint (depth 2): received 16,550 KZT from 1 payers with 0 outgoing transfers.",1,0,16550.0,0.0,0.0002911902917077186,0.0,2,False,False,False,False,False,
100000002492277100,100000002492277100,terminal,0.5,16,0.0093,"Genuine endpoint (depth 2): received 138,500 KZT from 1 payers with 0 outgoing transfers.",1,0,138500.0,0.0,0.00030740347309968685,0.0,2,False,False,False,False,False,
100000001339466100,100000001339466100,terminal,0.5,12,0.0091,"Genuine endpoint (depth 2): received 30,000 KZT from 1 payers with 0 outgoing transfers.",1,0,30000.0,0.0,0.0003039018745217943,0.0,2,False,False,False,False,False,
100000005022964100,100000005022964100,terminal,0.5,12,0.0102,"Genuine endpoint (depth 2): received 20,000 KZT from 1 payers with 0 outgoing transfers.",1,0,20000.0,0.0,0.0003273647858899897,0.0,2,False,False,False,False,False,
100000003112436100,100000003112436100,terminal,0.5,15,0.0091,"Genuine endpoint (depth 2): received 100,000 KZT from 1 payers with 0 outgoing transfers.",1,0,100000.0,0.0,0.0003021326407143058,0.0,2,False,False,False,False,False,
100000000489417100,100000000489417100,transit,0.779,5,0.0381,"Receives from 3 payers (73,504 KZT), passes through 109% (80,000 KZT) to 1 accounts. Rapid turnaround (0h).",3,1,73504.0,80000.0,0.0005517574141078734,1.0883761427949499,2,False,False,False,True,False,0.0
100000002217161100,100000002217161100,peripheral,0.3,22,0.0553,"Peripheral flow node with 9 active links (404,750 KZT in, 995,132 KZT out).",2,7,404750.0,995132.0,0.0008915694561715997,2.4586337245213095,2,False,False,True,False,False,96.0
100000002469065100,100000002469065100,terminal,0.5,15,0.0098,"Genuine endpoint (depth 2): received 200,000 KZT from 1 payers with 0 outgoing transfers.",1,0,200000.0,0.0,0.0003186959872113208,0.0,2,False,False,False,False,False,
100000007337374100,100000007337374100,terminal,0.5,33,0.0086,"Genuine endpoint (depth 2): received 20,000 KZT from 1 payers with 0 outgoing transfers.",1,0,20000.0,0.0,0.0002923620404292881,0.0,2,False,False,False,False,False,
100000003249054100,100000003249054100,peripheral,0.3,16,0.0671,"Peripheral flow node with 8 active links (99,700 KZT in, 15,000 KZT out).",7,1,99700.0,15000.0,0.0004314632286065654,0.15045135406218657,2,False,False,False,False,True,384.0
100000003024542100,100000003024542100,terminal,0.5,12,0.0098,"Genuine endpoint (depth 2): received 8,500 KZT from 1 payers with 0 outgoing transfers.",1,0,8500.0,0.0,0.00031794749343884253,0.0,2,False,False,False,False,False,
100000002718366100,100000002718366100,terminal,1.0,19,0.0673,"Genuine endpoint (depth 2): received 2,525,000 KZT from 6 payers with 0 outgoing transfers.",6,0,2525000.0,0.0,0.0006811994866182293,0.0,2,False,False,False,False,False,
100000005059998100,100000005059998100,terminal,0.5,16,0.0088,"Genuine endpoint (depth 2): received 18,000 KZT from 1 payers with 0 outgoing transfers.",1,0,18000.0,0.0,0.0002959172747769893,0.0,2,False,False,False,False,False,
100000004071070100,100000004071070100,peripheral,0.3,0,0.057,"Peripheral flow node with 3 active links (41,000 KZT in, 6,000 KZT out).",2,1,41000.0,6000.0,0.0011875923340219302,0.14634146341463414,2,False,False,True,False,True,264.0
100000001584286100,100000001584286100,terminal,0.667,25,0.0185,"Genuine endpoint (depth 2): received 738,699 KZT from 2 payers with 0 outgoing transfers.",2,0,738699.0,0.0,0.00032848499407064284,0.0,2,False,False,False,False,False,
100000008701256100,100000008701256100,terminal,0.5,5,0.0091,"Genuine endpoint (depth 2): received 58,250 KZT from 1 payers with 0 outgoing transfers.",1,0,58250.0,0.0,0.0003037426349007179,0.0,2,False,False,False,False,False,
100000001490461100,100000001490461100,peripheral,0.3,17,0.0116,"Peripheral flow node with 2 active links (20,000 KZT in, 5,000 KZT out).",1,1,20000.0,5000.0,0.00032099043429899374,0.25,2,False,False,False,False,False,288.0
100000008531186100,100000008531186100,terminal,0.5,12,0.0117,"Genuine endpoint (depth 2): received 125,000 KZT from 1 payers with 0 outgoing transfers.",1,0,125000.0,0.0,0.0003619550454860551,0.0,2,False,False,False,False,False,
100000004765639100,100000004765639100,peripheral,0.3,15,0.0134,"Peripheral flow node with 3 active links (5,000 KZT in, 11,000 KZT out).",1,2,5000.0,11000.0,0.00036185625061452016,2.2,2,False,False,True,False,True,-360.0
100000002983879100,100000002983879100,terminal,0.667,12,0.0198,"Genuine endpoint (depth 2): received 200,050 KZT from 2 payers with 0 outgoing transfers.",2,0,200050.0,0.0,0.0003580797764870863,0.0,2,False,False,False,False,False,
100000008734364100,100000008734364100,terminal,0.5,33,0.0087,"Genuine endpoint (depth 2): received 26,200 KZT from 1 payers with 0 outgoing transfers.",1,0,26200.0,0.0,0.0002944677917550073,0.0,2,False,False,False,False,False,
100000003192220100,100000003192220100,terminal,0.5,2,0.0179,"Genuine endpoint (depth 2): received 60,000 KZT from 1 payers with 0 outgoing transfers.",1,0,60000.0,0.0,0.0005031715963348392,0.0,2,False,False,False,False,False,
100000008060273100,100000008060273100,terminal,0.5,12,0.0089,"Genuine endpoint (depth 2): received 10,000 KZT from 1 payers with 0 outgoing transfers.",1,0,10000.0,0.0,0.0002989671315033319,0.0,2,False,False,False,False,False,
100000008205937100,100000008205937100,terminal,0.5,11,0.0104,"Genuine endpoint (depth 2): received 35,000 KZT from 1 payers with 0 outgoing transfers.",1,0,35000.0,0.0,0.00033164706434217267,0.0,2,False,False,False,False,True,
100000005507142100,100000005507142100,peripheral,0.3,14,0.0397,"Peripheral flow node with 6 active links (51,000 KZT in, 100,000 KZT out).",3,3,51000.0,100000.0,0.000558950097758131,1.9607843137254901,2,False,False,True,False,False,456.0
100000005539910100,100000005539910100,peripheral,0.3,12,0.0213,"Peripheral flow node with 3 active links (102,000 KZT in, 22,000 KZT out).",1,2,102000.0,22000.0,0.000498726301748055,0.21568627450980393,2,False,False,False,False,True,96.0
100000002459163100,100000002459163100,terminal,0.5,41,0.0116,"Genuine endpoint (depth 2): received 20,180 KZT from 1 payers with 0 outgoing transfers.",1,0,20180.0,0.0,0.00036111544422251415,0.0,2,False,False,False,False,False,
100000004666651100,100000004666651100,terminal,0.5,12,0.0159,"Genuine endpoint (depth 2): received 429,250 KZT from 1 payers with 0 outgoing transfers.",1,0,429250.0,0.0,0.00045753888989794294,0.0,2,False,False,False,False,False,
100000003927792100,100000003927792100,terminal,0.5,2,0.0085,"Genuine endpoint (depth 2): received 13,067 KZT from 1 payers with 0 outgoing transfers.",1,0,13067.0,0.0,0.00028972644169034,0.0,2,False,False,False,False,False,
100000000607941100,100000000607941100,peripheral,0.3,2,0.0326,"Peripheral flow node with 3 active links (50,000 KZT in, 70,000 KZT out).",2,1,50000.0,70000.0,0.0005785720589504693,1.4,2,False,False,True,False,False,-192.0
100000004158362100,100000004158362100,terminal,0.5,16,0.0086,"Genuine endpoint (depth 2): received 12,000 KZT from 1 payers with 0 outgoing transfers.",1,0,12000.0,0.0,0.0002913822339326508,0.0,2,False,False,False,False,False,
100000005664922100,100000005664922100,peripheral,0.3,23,0.0422,"Peripheral flow node with 5 active links (22,000 KZT in, 537,000 KZT out).",2,3,22000.0,537000.0,0.000805965857632334,24.40909090909091,2,False,False,True,False,True,-480.0
100000007594394100,100000007594394100,peripheral,0.3,5,0.0575,"Peripheral flow node with 7 active links (395,385 KZT in, 3,376,312 KZT out).",6,1,395385.0,3376312.0,0.0004055854787031871,8.539302199122375,2,False,False,True,True,False,0.0
100000000979567100,100000000979567100,terminal,0.5,28,0.0191,"Genuine endpoint (depth 2): received 10,000 KZT from 1 payers with 0 outgoing transfers.",1,0,10000.0,0.0,0.0005307306769296842,0.0,2,False,False,False,False,False,
100000002831727100,100000002831727100,peripheral,0.3,5,0.0102,"Peripheral flow node with 2 active links (6,000 KZT in, 77,000 KZT out).",1,1,6000.0,77000.0,0.0002907462180152881,12.833333333333334,2,False,False,False,True,False,48.0
100000003062895100,100000003062895100,terminal,0.667,19,0.022,"Genuine endpoint (depth 2): received 328,444 KZT from 2 payers with 0 outgoing transfers.",2,0,328444.0,0.0,0.00040765067095518504,0.0,2,False,False,False,False,False,
100000008376089100,100000008376089100,terminal,0.5,25,0.0091,"Genuine endpoint (depth 2): received 135,000 KZT from 1 payers with 0 outgoing transfers.",1,0,135000.0,0.0,0.000302435334778072,0.0,2,False,False,False,False,False,
100000003219438100,100000003219438100,terminal,0.5,26,0.0154,"Genuine endpoint (depth 2): received 32,000 KZT from 1 payers with 0 outgoing transfers.",1,0,32000.0,0.0,0.00044715563704310536,0.0,2,False,False,False,False,False,
100000000967918100,100000000967918100,terminal,0.5,8,0.0168,"Genuine endpoint (depth 2): received 21,200 KZT from 1 payers with 0 outgoing transfers.",1,0,21200.0,0.0,0.00047927096158051775,0.0,2,False,False,False,False,True,
100000003254723100,100000003254723100,terminal,0.5,11,0.019,"Genuine endpoint (depth 2): received 269,850 KZT from 1 payers with 0 outgoing transfers.",1,0,269850.0,0.0,0.00053004366318591,0.0,2,False,False,False,False,False,
100000003823811100,100000003823811100,peripheral,0.3,5,0.0189,"Peripheral flow node with 4 active links (30,000 KZT in, 66,130 KZT out).",1,3,30000.0,66130.0,0.0003569753080281231,2.2043333333333335,2,False,False,False,False,False,-432.0
100000008587459100,100000008587459100,peripheral,0.3,16,0.0197,"Peripheral flow node with 4 active links (181,507 KZT in, 686,500 KZT out).",2,2,181507.0,686500.0,0.00030075681163842634,3.782223275135394,2,False,False,True,False,False,-216.0
100000008603331100,100000008603331100,coordinator,1.0,19,0.0368,"High betweenness (0.0002) bridging 8 counterparties across clusters. Volume: 781,274 KZT; return cycle detected.",2,6,39500.0,741774.0,0.0003442340297094514,18.779088607594936,2,False,False,True,False,False,-72.0
100000008758168100,100000008758168100,peripheral,0.3,19,0.0246,"Peripheral flow node with 7 active links (75,410 KZT in, 1,533,600 KZT out).",2,5,75410.0,1533600.0,0.0003183672512790776,20.33682535472749,2,False,False,False,False,False,72.0
100000003724440100,100000003724440100,terminal,0.667,0,0.0177,"Genuine endpoint (depth 2): received 50,000 KZT from 2 payers with 0 outgoing transfers.",2,0,50000.0,0.0,0.00030808789580780914,0.0,2,False,False,False,False,False,
100000000291906100,100000000291906100,transit,0.563,0,0.0423,"Receives from 2 payers (388,000 KZT), passes through 117% (455,854 KZT) to 2 accounts.",2,2,388000.0,455854.0,0.0007629373053537487,1.1748814432989692,2,False,False,True,False,False,-48.0
100000005077484100,100000005077484100,peripheral,0.3,62,0.0212,"Peripheral flow node with 3 active links (150,000 KZT in, 13,550 KZT out).",1,2,150000.0,13550.0,0.000539710863920106,0.09033333333333333,2,False,False,True,True,True,0.0
100000004192107100,100000004192107100,terminal,0.5,14,0.0089,"Genuine endpoint (depth 2): received 25,000 KZT from 1 payers with 0 outgoing transfers.",1,0,25000.0,0.0,0.0002993001243079831,0.0,2,False,False,False,False,False,
100000002193259100,100000002193259100,peripheral,0.3,13,0.0483,"Peripheral flow node with 5 active links (48,000 KZT in, 58,000 KZT out).",2,3,48000.0,58000.0,0.0008908421386694424,1.2083333333333333,2,False,False,True,True,True,0.0
100000005481280100,100000005481280100,peripheral,0.3,2,0.0131,"Peripheral flow node with 4 active links (32,700 KZT in, 50,000 KZT out).",1,3,32700.0,50000.0,0.0002959725024799912,1.529051987767584,2,False,False,False,False,False,-264.0
100000004527381100,100000004527381100,peripheral,0.3,2,0.0257,"Peripheral flow node with 2 active links (119,333 KZT in, 273,866 KZT out).",1,1,119333.17,273866.11,0.00037549896425589766,2.2949705433954364,2,False,False,True,True,False,0.0
100000001578517100,100000001578517100,terminal,0.5,15,0.0086,"Genuine endpoint (depth 2): received 30,000 KZT from 1 payers with 0 outgoing transfers.",1,0,30000.0,0.0,0.00029053829816639534,0.0,2,False,False,False,False,False,
100000003741418100,100000003741418100,consolidator,0.562,16,0.1091,"Consolidates from 9 payers (151,900 KZT), forwards only 26% outward to 3 recipients; near-threshold structuring.",9,3,151900.0,39920.0,0.0006325013799441044,0.2628044766293614,2,False,False,True,False,True,-144.0
100000008737514100,100000008737514100,terminal,0.5,2,0.0095,"Genuine endpoint (depth 2): received 85,000 KZT from 1 payers with 0 outgoing transfers.",1,0,85000.0,0.0,0.0003126112728818023,0.0,2,False,False,False,False,False,
100000002870463100,100000002870463100,peripheral,0.3,8,0.0986,"Peripheral flow node with 4 active links (207,000 KZT in, 10,000 KZT out).",3,1,207000.0,10000.0,0.0019299755548282868,0.04830917874396135,2,False,False,True,False,False,336.0
100000008545727100,100000008545727100,peripheral,0.3,17,0.0211,"Peripheral flow node with 7 active links (30,000 KZT in, 1,866,500 KZT out).",1,6,30000.0,1866500.0,0.00033870100433984517,62.21666666666667,2,False,False,True,True,False,0.0
100000000425407100,100000000425407100,terminal,0.5,16,0.0092,"Genuine endpoint (depth 2): received 20,000 KZT from 1 payers with 0 outgoing transfers.",1,0,20000.0,0.0,0.0003050945932713814,0.0,2,False,False,False,False,False,
100000001418900100,100000001418900100,terminal,0.5,33,0.0089,"Genuine endpoint (depth 2): received 40,140 KZT from 1 payers with 0 outgoing transfers.",1,0,40140.0,0.0,0.00029920233586476936,0.0,2,False,False,False,False,False,
100000001677929100,100000001677929100,peripheral,0.3,6,0.1602,"Peripheral flow node with 5 active links (126,777 KZT in, 286,098 KZT out).",3,2,126777.0,286098.0,0.003334091954588855,2.2567027142147236,2,False,False,True,False,False,-192.0
100000002539625100,100000002539625100,terminal,0.5,19,0.0109,"Genuine endpoint (depth 2): received 94,700 KZT from 1 payers with 0 outgoing transfers.",1,0,94700.0,0.0,0.0003450202078597562,0.0,2,False,False,False,False,False,
100000001965374100,100000001965374100,peripheral,0.3,23,0.0629,"Peripheral flow node with 5 active links (1,759,720 KZT in, 3,082,100 KZT out).",2,3,1759720.0,3082100.0,0.001281655626060873,1.7514718250630783,2,False,False,True,False,False,-24.0
100000001287955100,100000001287955100,coordinator,1.0,4,0.0445,"High betweenness (0.0007) bridging 5 counterparties across clusters. Volume: 327,520 KZT.",1,4,17520.0,310000.0,0.0002939168313087527,17.69406392694064,2,False,False,False,True,False,24.0
100000005402643100,100000005402643100,peripheral,0.3,19,0.0097,"Peripheral flow node with 2 active links (127,800 KZT in, 90,000 KZT out).",1,1,127800.0,90000.0,0.0002975952292869964,0.704225352112676,2,False,False,False,False,False,-168.0
100000008752616100,100000008752616100,peripheral,0.3,19,0.0293,"Peripheral flow node with 9 active links (64,510 KZT in, 1,265,000 KZT out).",2,7,64510.0,1265000.0,0.00031306069757078167,19.6093628894745,2,False,False,False,False,False,120.0
100000000733373100,100000000733373100,terminal,0.5,11,0.0092,"Genuine endpoint (depth 2): received 10,710 KZT from 1 payers with 0 outgoing transfers.",1,0,10710.0,0.0,0.00030578139777600477,0.0,2,False,False,False,False,False,
100000008531133100,100000008531133100,peripheral,0.3,2,0.0227,"Peripheral flow node with 4 active links (25,000 KZT in, 158,272 KZT out).",1,3,25000.0,158271.68,0.0005327484529006038,6.3308672,2,False,False,False,False,False,-96.0
100000005933757100,100000005933757100,coordinator,1.0,1,0.2824,"High betweenness (0.0039) bridging 38 counterparties across clusters. Volume: 4,248,628 KZT; return cycle detected.",4,34,1246000.0,3002628.0,0.000997985572013045,2.409813804173355,2,False,False,True,False,False,-120.0
100000006490557100,100000006490557100,terminal,0.5,6,0.0084,"Genuine endpoint (depth 2): received 5,000 KZT from 1 payers with 0 outgoing transfers.",1,0,5000.0,0.0,0.0002861622896167226,0.0,2,False,False,False,False,False,
100000008497298100,100000008497298100,terminal,0.5,19,0.0108,"Genuine endpoint (depth 2): received 600,000 KZT from 1 payers with 0 outgoing transfers.",1,0,600000.0,0.0,0.00034202908327694116,0.0,2,False,False,False,False,False,
100000005168487100,100000005168487100,peripheral,0.3,24,0.076,"Peripheral flow node with 2 active links (15,000 KZT in, 103,510 KZT out).",1,1,15000.0,103510.0,0.00181254731435578,6.900666666666667,2,False,False,True,False,True,-456.0
100000005799271100,100000005799271100,terminal,0.5,5,0.0193,"Genuine endpoint (depth 2): received 45,000 KZT from 1 payers with 0 outgoing transfers.",1,0,45000.0,0.0,0.0005366730310712545,0.0,2,False,False,False,False,False,
100000000912487100,100000000912487100,terminal,0.5,12,0.0086,"Genuine endpoint (depth 2): received 10,000 KZT from 1 payers with 0 outgoing transfers.",1,0,10000.0,0.0,0.00029168015431879206,0.0,2,False,False,False,False,False,
100000007982908100,100000007982908100,terminal,0.5,33,0.0088,"Genuine endpoint (depth 2): received 31,080 KZT from 1 payers with 0 outgoing transfers.",1,0,31080.0,0.0,0.0002961252218307346,0.0,2,False,False,False,False,False,
100000005413948100,100000005413948100,peripheral,0.3,19,0.087,"Peripheral flow node with 3 active links (28,215 KZT in, 5,000 KZT out).",2,1,28215.0,5000.0,0.0018520392070328206,0.177210703526493,2,False,False,True,False,True,240.0
100000000724540100,100000000724540100,peripheral,0.3,19,0.011,"Peripheral flow node with 2 active links (50,000 KZT in, 100,000 KZT out).",1,1,50000.0,100000.0,0.00030963471226613077,2.0,2,False,False,False,False,False,-504.0
100000005730108100,100000005730108100,terminal,0.5,8,0.0115,"Genuine endpoint (depth 2): received 8,000 KZT from 1 payers with 0 outgoing transfers.",1,0,8000.0,0.0,0.0003586642630336029,0.0,2,False,False,False,False,False,
100000002566204100,100000002566204100,terminal,0.5,4,0.01,"Genuine endpoint (depth 2): received 80,805 KZT from 1 payers with 0 outgoing transfers.",1,0,80805.0,0.0,0.00032406945030607917,0.0,2,False,False,False,False,False,
100000000625169100,100000000625169100,terminal,0.5,33,0.0085,"Genuine endpoint (depth 2): received 10,000 KZT from 1 payers with 0 outgoing transfers.",1,0,10000.0,0.0,0.00028896566732328953,0.0,2,False,False,False,False,False,
100000001114385100,100000001114385100,terminal,0.5,16,0.0085,"Genuine endpoint (depth 2): received 29,500 KZT from 1 payers with 0 outgoing transfers.",1,0,29500.0,0.0,0.00029021989549549073,0.0,2,False,False,False,False,False,
100000002964966100,100000002964966100,terminal,0.5,14,0.0131,"Genuine endpoint (depth 2): received 200,000 KZT from 1 payers with 0 outgoing transfers.",1,0,200000.0,0.0,0.00039541593494282827,0.0,2,False,False,False,False,False,
100000008771814100,100000008771814100,terminal,0.5,33,0.0087,"Genuine endpoint (depth 2): received 23,700 KZT from 1 payers with 0 outgoing transfers.",1,0,23700.0,0.0,0.0002936186984785076,0.0,2,False,False,False,False,False,
100000001241318100,100000001241318100,terminal,0.5,0,0.0191,"Genuine endpoint (depth 2): received 53,000 KZT from 1 payers with 0 outgoing transfers.",1,0,53000.0,0.0,0.0005308383624756592,0.0,2,False,False,False,False,False,
100000001250022100,100000001250022100,terminal,0.5,8,0.0087,"Genuine endpoint (depth 2): received 50,000 KZT from 1 payers with 0 outgoing transfers.",1,0,50000.0,0.0,0.0002950458326603053,0.0,2,False,False,False,False,False,
100000006534886100,100000006534886100,peripheral,0.3,2,0.0461,"Peripheral flow node with 2 active links (71,700 KZT in, 167,500 KZT out).",1,1,71700.0,167500.0,0.0011276985721232183,2.336122733612273,2,False,False,True,False,False,144.0
100000008655035100,100000008655035100,terminal,0.5,6,0.0195,"Genuine endpoint (depth 2): received 30,000 KZT from 1 payers with 0 outgoing transfers.",1,0,30000.0,0.0,0.0005401427143175893,0.0,2,False,False,False,False,False,
100000005932987100,100000005932987100,terminal,0.5,26,0.0139,"Genuine endpoint (depth 2): received 25,000 KZT from 1 payers with 0 outgoing transfers.",1,0,25000.0,0.0,0.00041180862454995846,0.0,2,False,False,False,False,True,
100000008636603100,100000008636603100,coordinator,1.0,2,0.1835,"High betweenness (0.0035) bridging 8 counterparties across clusters. Volume: 194,835 KZT; return cycle detected.",2,6,35460.0,159375.0,0.0003387006850594576,4.494500846023689,2,False,False,True,True,False,0.0
100000008710843100,100000008710843100,coordinator,1.0,19,0.0878,"High betweenness (0.0012) bridging 15 counterparties across clusters. Volume: 2,019,444 KZT; return cycle detected.",2,13,33944.0,1985500.0,0.00029287559446499275,58.49340089559274,2,False,False,True,False,False,144.0
100000000917179100,100000000917179100,terminal,0.5,1,0.0145,"Genuine endpoint (depth 2): received 94,465 KZT from 1 payers with 0 outgoing transfers.",1,0,94465.0,0.0,0.00042586253334482907,0.0,2,False,False,False,False,False,
100000004209339100,100000004209339100,peripheral,0.3,24,0.0343,"Peripheral flow node with 3 active links (138,500 KZT in, 238,500 KZT out).",1,2,138500.0,238500.0,0.0008195334277812209,1.7220216606498195,2,False,False,True,False,False,-144.0
100000008765627100,100000008765627100,terminal,0.5,8,0.0088,"Genuine endpoint (depth 2): received 60,000 KZT from 1 payers with 0 outgoing transfers.",1,0,60000.0,0.0,0.00029694114034890817,0.0,2,False,False,False,False,False,
100000002443664100,100000002443664100,terminal,1.0,19,0.0273,"Genuine endpoint (depth 2): received 556,880 KZT from 3 payers with 0 outgoing transfers.",3,0,556880.0,0.0,0.0003387703864093913,0.0,2,False,False,False,False,False,
100000008144528100,100000008144528100,terminal,1.0,2,0.0754,"Genuine endpoint (depth 2): received 1,068,203 KZT from 5 payers with 0 outgoing transfers.",5,0,1068202.6,0.0,0.001055538276590802,0.0,2,False,False,False,False,False,
100000003988112100,100000003988112100,peripheral,0.3,5,0.0188,"Peripheral flow node with 2 active links (92,000 KZT in, 64,000 KZT out).",1,1,92000.0,64000.0,0.0005045477365705099,0.6956521739130435,2,False,False,True,False,False,-24.0
100000008008463100,100000008008463100,terminal,0.5,8,0.0088,"Genuine endpoint (depth 2): received 54,180 KZT from 1 payers with 0 outgoing transfers.",1,0,54180.0,0.0,0.0002958380712741413,0.0,2,False,False,False,False,False,
100000006679055100,100000006679055100,terminal,0.5,12,0.009,"Genuine endpoint (depth 2): received 25,000 KZT from 1 payers with 0 outgoing transfers.",1,0,25000.0,0.0,0.0003008464444710437,0.0,2,False,False,False,False,False,
100000007382543100,100000007382543100,peripheral,0.3,26,0.0785,"Peripheral flow node with 8 active links (218,000 KZT in, 427,000 KZT out).",3,5,218000.0,427000.0,0.0011904909010560462,1.9587155963302751,2,False,False,True,False,False,-168.0
100000007749092100,100000007749092100,peripheral,0.3,2,0.0757,"Peripheral flow node with 2 active links (7,650 KZT in, 70,375 KZT out).",1,1,7650.0,70375.0,0.0018044164784854861,9.199346405228757,2,False,False,True,False,True,-240.0
100000004221668100,100000004221668100,peripheral,0.3,6,0.1589,"Peripheral flow node with 7 active links (1,128,300 KZT in, 731,440 KZT out).",4,3,1128300.0,731440.0,0.003090174905324737,0.6482673047948241,2,False,False,True,False,False,120.0
100000008174521100,100000008174521100,terminal,0.5,11,0.0151,"Genuine endpoint (depth 2): received 82,110 KZT from 1 payers with 0 outgoing transfers.",1,0,82110.0,0.0,0.0004405287548340974,0.0,2,False,False,False,False,False,
100000002692750100,100000002692750100,peripheral,0.3,8,0.1023,"Peripheral flow node with 4 active links (112,830 KZT in, 77,000 KZT out).",3,1,112830.0,77000.0,0.0020142415855483,0.682442612780289,2,False,False,True,False,True,-144.0
100000002173070100,100000002173070100,terminal,0.5,15,0.0086,"Genuine endpoint (depth 2): received 30,000 KZT from 1 payers with 0 outgoing transfers.",1,0,30000.0,0.0,0.00029053829816639534,0.0,2,False,False,False,False,False,
100000005911352100,100000005911352100,peripheral,0.3,2,0.0347,"Peripheral flow node with 5 active links (15,000 KZT in, 24,000 KZT out).",2,3,15000.0,24000.0,0.000551734499856716,1.6,2,False,False,True,False,True,-384.0
100000003068941100,100000003068941100,peripheral,0.3,8,0.0281,"Peripheral flow node with 4 active links (94,000 KZT in, 25,000 KZT out).",3,1,94000.0,25000.0,0.000320174383735057,0.26595744680851063,2,False,False,False,False,False,96.0
100000001420847100,100000001420847100,terminal,0.5,5,0.0091,"Genuine endpoint (depth 2): received 20,000 KZT from 1 payers with 0 outgoing transfers.",1,0,20000.0,0.0,0.00030282570687728154,0.0,2,False,False,False,False,False,
100000005602999100,100000005602999100,peripheral,0.3,24,0.0125,"Peripheral flow node with 3 active links (5,000 KZT in, 16,000 KZT out).",1,2,5000.0,16000.0,0.0003048459777394544,3.2,2,False,False,True,False,True,-48.0
100000000723383100,100000000723383100,peripheral,0.3,15,0.0239,"Peripheral flow node with 3 active links (6,800 KZT in, 75,000 KZT out).",1,2,6800.0,75000.0,0.00038931955491752274,11.029411764705882,2,False,False,False,False,True,-120.0
100000006977207100,100000006977207100,distributor,0.5,3,0.0253,"Distributes 4,157,018 KZT outward to 15 distinct recipient accounts across the network.",1,15,414000.0,4157018.0,0.0003478854757097018,10.041106280193237,2,False,False,False,False,False,-528.0
100000001273783100,100000001273783100,terminal,0.5,4,0.0088,"Genuine endpoint (depth 2): received 23,200 KZT from 1 payers with 0 outgoing transfers.",1,0,23200.0,0.0,0.0002966231104571262,0.0,2,False,False,False,False,False,
100000000201868100,100000000201868100,transit,1.0,2,0.0394,"Receives from 1 payers (190,000 KZT), passes through 100% (190,000 KZT) to 1 accounts. Rapid turnaround (24h).",1,1,190000.0,190000.0,0.0009746432509228604,1.0,2,False,False,True,True,False,24.0
100000007777377100,100000007777377100,peripheral,0.3,15,0.0187,"Peripheral flow node with 3 active links (456,290 KZT in, 10,000 KZT out).",1,2,456290.0,10000.0,0.0003611461879485204,0.021915886826360427,2,False,False,False,False,False,96.0
100000004192865100,100000004192865100,terminal,0.5,60,0.0202,"Genuine endpoint (depth 2): received 66,666 KZT from 1 payers with 0 outgoing transfers.",1,0,66666.0,0.0,0.0005558092873800479,0.0,2,False,False,False,False,False,
100000006901046100,100000006901046100,peripheral,0.3,2,0.128,"Peripheral flow node with 2 active links (75,800 KZT in, 5,500 KZT out).",1,1,75800.0,5500.0,0.0029998776847225033,0.07255936675461741,2,False,False,True,False,False,96.0
100000000437046100,100000000437046100,coordinator,1.0,24,0.2519,"High betweenness (0.0022) bridging 51 counterparties across clusters. Volume: 8,713,424 KZT; return cycle detected.",9,42,1107200.0,7606224.0,0.0007924860106097876,6.86978323699422,2,False,False,True,False,False,-72.0
100000008765494100,100000008765494100,terminal,0.5,33,0.0087,"Genuine endpoint (depth 2): received 24,000 KZT from 1 payers with 0 outgoing transfers.",1,0,24000.0,0.0,0.0002937205896716876,0.0,2,False,False,False,False,False,
100000008713270100,100000008713270100,peripheral,0.3,8,0.0112,"Peripheral flow node with 4 active links (30,000 KZT in, 190,000 KZT out).",1,3,30000.0,190000.0,0.00029125521728309953,6.333333333333333,2,False,False,False,False,False,-168.0
100000003603979100,100000003603979100,terminal,0.5,39,0.0215,"Genuine endpoint (depth 2): received 165,000 KZT from 1 payers with 0 outgoing transfers.",1,0,165000.0,0.0,0.0005856463349534348,0.0,2,False,False,False,False,True,
100000000943371100,100000000943371100,terminal,0.5,11,0.0092,"Genuine endpoint (depth 2): received 15,500 KZT from 1 payers with 0 outgoing transfers.",1,0,15500.0,0.0,0.00030597516384402423,0.0,2,False,False,False,False,False,
100000008672480100,100000008672480100,terminal,0.5,33,0.0085,"Genuine endpoint (depth 2): received 13,000 KZT from 1 payers with 0 outgoing transfers.",1,0,13000.0,0.0,0.0002899845792550891,0.0,2,False,False,False,False,False,
100000008691168100,100000008691168100,terminal,0.5,33,0.0087,"Genuine endpoint (depth 2): received 24,000 KZT from 1 payers with 0 outgoing transfers.",1,0,24000.0,0.0,0.0002937205896716876,0.0,2,False,False,False,False,False,
100000003237045100,100000003237045100,peripheral,0.3,2,0.0139,"Peripheral flow node with 2 active links (340,200 KZT in, 150,000 KZT out).",1,1,340200.0,150000.0,0.00039413443206538995,0.4409171075837742,2,False,False,True,False,False,-336.0
100000008736394100,100000008736394100,terminal,0.5,33,0.0086,"Genuine endpoint (depth 2): received 16,000 KZT from 1 payers with 0 outgoing transfers.",1,0,16000.0,0.0,0.00029100349118688865,0.0,2,False,False,False,False,False,
100000004160650100,100000004160650100,peripheral,0.3,37,0.0292,"Peripheral flow node with 12 active links (75,100 KZT in, 1,489,827 KZT out).",2,10,75100.0,1489827.0,0.0003692276667102103,19.83790945406125,2,False,False,True,False,False,-528.0
100000000629812100,100000000629812100,terminal,0.667,15,0.0172,"Genuine endpoint (depth 2): received 22,000 KZT from 2 payers with 0 outgoing transfers.",2,0,22000.0,0.0,0.0002979840074392023,0.0,2,False,False,False,False,False,
100000000955444100,100000000955444100,terminal,0.5,53,0.0113,"Genuine endpoint (depth 2): received 6,910 KZT from 1 payers with 0 outgoing transfers.",1,0,6910.0,0.0,0.00035252834417769596,0.0,2,False,False,False,False,False,
100000008731444100,100000008731444100,peripheral,0.3,5,0.0406,"Peripheral flow node with 12 active links (439,000 KZT in, 879,768 KZT out).",3,9,439000.0,879767.8,0.00035336188519380433,2.0040268792710707,2,False,False,False,False,False,-48.0
100000008413748100,100000008413748100,coordinator,1.0,20,0.0703,"High betweenness (0.0006) bridging 20 counterparties across clusters. Volume: 1,403,800 KZT; return cycle detected.",2,18,26480.0,1377320.22,0.00039089149206356923,52.01360347432024,2,False,False,True,False,False,-120.0
100000006787636100,100000006787636100,terminal,0.5,2,0.0115,"Genuine endpoint (depth 2): received 20,000 KZT from 1 payers with 0 outgoing transfers.",1,0,20000.0,0.0,0.0003581033949231403,0.0,2,False,False,False,False,False,
100000005942793100,100000005942793100,terminal,1.0,16,0.0354,"Genuine endpoint (depth 2): received 55,000 KZT from 4 payers with 0 outgoing transfers.",4,0,55000.0,0.0,0.0003322322681540015,0.0,2,False,False,False,False,True,
100000008730846100,100000008730846100,peripheral,0.3,16,0.0774,"Peripheral flow node with 10 active links (155,042 KZT in, 363,370 KZT out).",7,3,155042.0,363370.0,0.0005360575471708012,2.343687516930896,2,False,False,False,True,False,0.0
100000002570206100,100000002570206100,terminal,0.667,12,0.0181,"Genuine endpoint (depth 2): received 166,960 KZT from 2 payers with 0 outgoing transfers.",2,0,166959.6,0.0,0.0003185104657273645,0.0,2,False,False,False,False,False,
100000000785800100,100000000785800100,transit,1.0,42,0.0123,"Receives from 1 payers (19,000 KZT), passes through 100% (19,000 KZT) to 1 accounts. Rapid turnaround (0h).",1,1,19000.0,19000.0,0.0003566979785631403,1.0,2,False,False,True,True,False,0.0
100000007382152100,100000007382152100,terminal,0.5,22,0.0084,"Genuine endpoint (depth 2): received 5,860 KZT from 1 payers with 0 outgoing transfers.",1,0,5860.0,0.0,0.0002864808806193007,0.0,2,False,False,False,False,False,
100000000910216100,100000000910216100,peripheral,0.3,0,0.0296,"Peripheral flow node with 2 active links (71,000 KZT in, 52,010 KZT out).",1,1,71000.0,52010.0,0.00032323954910943236,0.7325352112676057,2,False,False,False,False,False,288.0
100000003131016100,100000003131016100,peripheral,0.3,20,0.0701,"Peripheral flow node with 2 active links (405,700 KZT in, 126,000 KZT out).",1,1,405700.0,126000.0,0.0016774572234080627,0.31057431599704216,2,False,False,True,False,False,-24.0
100000003221384100,100000003221384100,terminal,0.5,2,0.0155,"Genuine endpoint (depth 2): received 511,200 KZT from 1 payers with 0 outgoing transfers.",1,0,511200.0,0.0,0.0004482029353149174,0.0,2,False,False,False,False,False,
100000002156381100,100000002156381100,peripheral,0.3,24,0.054,"Peripheral flow node with 3 active links (61,000 KZT in, 21,800 KZT out).",2,1,61000.0,21800.0,0.0010807758307164093,0.35737704918032787,2,False,False,True,False,True,-312.0
100000002779485100,100000002779485100,terminal,0.5,12,0.0198,"Genuine endpoint (depth 2): received 91,000 KZT from 1 payers with 0 outgoing transfers.",1,0,91000.0,0.0,0.0005469132844919468,0.0,2,False,False,False,False,False,
100000008774237100,100000008774237100,peripheral,0.3,38,0.0103,"Peripheral flow node with 2 active links (50,000 KZT in, 10,000 KZT out).",1,1,50000.0,10000.0,0.0003103490467286019,0.2,2,False,False,False,True,False,24.0
100000002628146100,100000002628146100,terminal,0.5,14,0.0098,"Genuine endpoint (depth 2): received 30,500 KZT from 1 payers with 0 outgoing transfers.",1,0,30500.0,0.0,0.0003192156684704561,0.0,2,False,False,False,False,False,
100000002852402100,100000002852402100,terminal,0.5,2,0.0101,"Genuine endpoint (depth 2): received 55,000 KZT from 1 payers with 0 outgoing transfers.",1,0,55000.0,0.0,0.00032701738322827895,0.0,2,False,False,False,False,False,
100000006989106100,100000006989106100,terminal,0.5,6,0.0175,"Genuine endpoint (depth 2): received 64,000 KZT from 1 payers with 0 outgoing transfers.",1,0,64000.0,0.0,0.0004956408524122075,0.0,2,False,False,False,False,False,
100000002958343100,100000002958343100,peripheral,0.3,6,0.0251,"Peripheral flow node with 3 active links (2,900,000 KZT in, 1,390,000 KZT out).",1,2,2900000.0,1390000.0,0.0006295066258876751,0.4793103448275862,2,False,False,True,True,False,48.0
100000008461532100,100000008461532100,coordinator,1.0,21,0.0624,"High betweenness (0.0003) bridging 10 counterparties across clusters. Volume: 3,095,390 KZT; return cycle detected.",2,8,565300.0,2530090.0,0.0007452506208527072,4.475658942154608,2,False,False,True,True,False,0.0
100000004400305100,100000004400305100,coordinator,1.0,16,0.2704,"High betweenness (0.0026) bridging 89 counterparties across clusters. Volume: 6,052,981 KZT; return cycle detected.",7,82,222800.0,5830181.0,0.00038581745349325076,26.167778276481148,2,False,False,True,False,False,-48.0
100000000297649100,100000000297649100,peripheral,0.3,13,0.0321,"Peripheral flow node with 2 active links (40,000 KZT in, 70,600 KZT out).",1,1,40000.0,70600.0,0.0008091385858414708,1.765,2,False,False,True,False,False,-504.0
100000003191430100,100000003191430100,terminal,0.5,2,0.0191,"Genuine endpoint (depth 2): received 180,000 KZT from 1 payers with 0 outgoing transfers.",1,0,180000.0,0.0,0.0005307375952815097,0.0,2,False,False,False,False,False,
100000003275398100,100000003275398100,peripheral,0.3,40,0.0157,"Peripheral flow node with 2 active links (300,000 KZT in, 20,000 KZT out).",1,1,300000.0,20000.0,0.0004342478092851571,0.06666666666666667,2,False,False,False,False,False,-24.0
100000005203590100,100000005203590100,terminal,0.5,8,0.0091,"Genuine endpoint (depth 2): received 90,000 KZT from 1 payers with 0 outgoing transfers.",1,0,90000.0,0.0,0.0003026270634147168,0.0,2,False,False,False,False,False,
100000008672603100,100000008672603100,terminal,0.5,14,0.0088,"Genuine endpoint (depth 2): received 21,200 KZT from 1 payers with 0 outgoing transfers.",1,0,21200.0,0.0,0.00029721303813419784,0.0,2,False,False,False,False,False,
100000000718427100,100000000718427100,terminal,0.5,33,0.0084,"Genuine endpoint (depth 2): received 6,000 KZT from 1 payers with 0 outgoing transfers.",1,0,6000.0,0.0,0.00028760711808089006,0.0,2,False,False,False,False,False,
100000003104347100,100000003104347100,peripheral,0.3,0,0.0134,"Peripheral flow node with 2 active links (418,000 KZT in, 32,000 KZT out).",1,1,418000.0,32000.0,0.00036431706006781635,0.07655502392344497,2,False,False,False,False,False,504.0
100000002974256100,100000002974256100,terminal,0.5,13,0.0191,"Genuine endpoint (depth 2): received 7,200 KZT from 1 payers with 0 outgoing transfers.",1,0,7200.0,0.0,0.0005319059485796735,0.0,2,False,False,False,False,False,
100000007173936100,100000007173936100,terminal,0.5,25,0.0084,"Genuine endpoint (depth 2): received 10,000 KZT from 1 payers with 0 outgoing transfers.",1,0,10000.0,0.0,0.00028681863055512655,0.0,2,False,False,False,False,False,
100000002744581100,100000002744581100,terminal,0.5,6,0.0101,"Genuine endpoint (depth 2): received 12,000 KZT from 1 payers with 0 outgoing transfers.",1,0,12000.0,0.0,0.00032495771137883774,0.0,2,False,False,False,False,False,
100000000596954100,100000000596954100,peripheral,0.3,12,0.022,"Peripheral flow node with 3 active links (120,000 KZT in, 48,100 KZT out).",1,2,120000.0,48100.0,0.0005156144546495897,0.4008333333333333,2,False,False,False,True,False,48.0
100000004950490100,100000004950490100,terminal,0.5,6,0.0103,"Genuine endpoint (depth 2): received 10,000 KZT from 1 payers with 0 outgoing transfers.",1,0,10000.0,0.0,0.00033064166313549986,0.0,2,False,False,False,False,False,
100000008772058100,100000008772058100,terminal,0.5,33,0.0091,"Genuine endpoint (depth 2): received 50,000 KZT from 1 payers with 0 outgoing transfers.",1,0,50000.0,0.0,0.000302551159747284,0.0,2,False,False,False,False,False,
100000000971908100,100000000971908100,terminal,0.5,8,0.0091,"Genuine endpoint (depth 2): received 89,000 KZT from 1 payers with 0 outgoing transfers.",1,0,89000.0,0.0,0.0003024375326458565,0.0,2,False,False,False,False,False,
100000008687492100,100000008687492100,terminal,0.5,33,0.0086,"Genuine endpoint (depth 2): received 15,000 KZT from 1 payers with 0 outgoing transfers.",1,0,15000.0,0.0,0.0002906638538762888,0.0,2,False,False,False,False,False,
100000003159641100,100000003159641100,peripheral,0.3,2,0.0373,"Peripheral flow node with 5 active links (64,000 KZT in, 197,800 KZT out).",4,1,64000.0,197800.0,0.0003052153968344314,3.090625,2,False,False,False,False,True,240.0
100000005326681100,100000005326681100,terminal,0.5,2,0.0088,"Genuine endpoint (depth 2): received 31,228 KZT from 1 payers with 0 outgoing transfers.",1,0,31228.0,0.0,0.0002955041990377069,0.0,2,False,False,False,False,False,
100000006888238100,100000006888238100,peripheral,0.3,48,0.0234,"Peripheral flow node with 2 active links (18,000 KZT in, 30,000 KZT out).",1,1,18000.0,30000.0,0.0006097535591566922,1.6666666666666667,2,False,False,False,False,False,-120.0
100000001290243100,100000001290243100,terminal,0.5,2,0.0098,"Genuine endpoint (depth 2): received 10,000 KZT from 1 payers with 0 outgoing transfers.",1,0,10000.0,0.0,0.00031994897355357534,0.0,2,False,False,False,False,False,
100000008289539100,100000008289539100,terminal,0.5,2,0.0085,"Genuine endpoint (depth 2): received 14,912 KZT from 1 payers with 0 outgoing transfers.",1,0,14912.0,0.0,0.0002903134116978226,0.0,2,False,False,False,False,False,
100000000821507100,100000000821507100,terminal,0.5,25,0.0105,"Genuine endpoint (depth 2): received 400,000 KZT from 1 payers with 0 outgoing transfers.",1,0,400000.0,0.0,0.0003355427477307164,0.0,2,False,False,False,False,False,
100000003086040100,100000003086040100,terminal,0.5,0,0.0198,"Genuine endpoint (depth 2): received 10,500 KZT from 1 payers with 0 outgoing transfers.",1,0,10500.0,0.0,0.0005480623170204785,0.0,2,False,False,False,False,False,
100000002969048100,100000002969048100,terminal,0.5,8,0.0092,"Genuine endpoint (depth 2): received 108,470 KZT from 1 payers with 0 outgoing transfers.",1,0,108470.0,0.0,0.00030612769671556627,0.0,2,False,False,False,False,False,
100000002826669100,100000002826669100,terminal,0.5,0,0.0167,"Genuine endpoint (depth 2): received 159,900 KZT from 1 payers with 0 outgoing transfers.",1,0,159900.0,0.0,0.0004762394546257399,0.0,2,False,False,False,False,False,
100000002293421100,100000002293421100,transit,0.634,15,0.0493,"Receives from 2 payers (41,000 KZT), passes through 115% (47,000 KZT) to 2 accounts.",2,2,41000.0,47000.0,0.00097483386918443,1.146341463414634,2,False,False,True,False,True,-192.0
100000004732589100,100000004732589100,terminal,0.5,4,0.0131,"Genuine endpoint (depth 2): received 227,520 KZT from 1 payers with 0 outgoing transfers.",1,0,227520.0,0.0,0.0003939729265831237,0.0,2,False,False,False,False,False,
100000003003821100,100000003003821100,terminal,0.5,12,0.015,"Genuine endpoint (depth 2): received 40,000 KZT from 1 payers with 0 outgoing transfers.",1,0,40000.0,0.0,0.0004379372905540045,0.0,2,False,False,False,False,False,
100000005237935150,100000005237935150,terminal,0.5,13,0.0089,"Genuine endpoint (depth 2): received 34,508 KZT from 1 payers with 0 outgoing transfers.",1,0,34508.0,0.0,0.0002979773495560411,0.0,2,False,False,False,False,False,
100000004463277100,100000004463277100,terminal,0.5,61,0.0261,"Genuine endpoint (depth 2): received 35,000 KZT from 1 payers with 0 outgoing transfers.",1,0,35000.0,0.0,0.000691924518979246,0.0,2,False,False,False,False,False,
100000006523053100,100000006523053100,terminal,0.5,12,0.0194,"Genuine endpoint (depth 2): received 5,000 KZT from 1 payers with 0 outgoing transfers.",1,0,5000.0,0.0,0.0005386541417252824,0.0,2,False,False,False,False,False,
100000001954903100,100000001954903100,terminal,0.5,4,0.0089,"Genuine endpoint (depth 2): received 27,118 KZT from 1 payers with 0 outgoing transfers.",1,0,27118.0,0.0,0.000298489871320388,0.0,2,False,False,False,False,False,
100000005328215100,100000005328215100,terminal,0.5,4,0.0089,"Genuine endpoint (depth 2): received 27,000 KZT from 1 payers with 0 outgoing transfers.",1,0,27000.0,0.0,0.00029843364932399574,0.0,2,False,False,False,False,False,
100000004424023100,100000004424023100,peripheral,0.3,6,0.04,"Peripheral flow node with 2 active links (50,000 KZT in, 100,000 KZT out).",1,1,50000.0,100000.0,0.0009717143911529614,2.0,2,False,False,False,False,False,-192.0
100000002299948100,100000002299948100,terminal,0.5,14,0.0087,"Genuine endpoint (depth 2): received 6,750 KZT from 1 payers with 0 outgoing transfers.",1,0,6750.0,0.0,0.00029301562294545036,0.0,2,False,False,False,False,False,
100000005105153100,100000005105153100,terminal,0.5,24,0.0134,"Genuine endpoint (depth 2): received 30,000 KZT from 1 payers with 0 outgoing transfers.",1,0,30000.0,0.0,0.0004010169668275689,0.0,2,False,False,False,False,False,
100000001985793100,100000001985793100,terminal,0.5,6,0.0121,"Genuine endpoint (depth 2): received 420,000 KZT from 1 payers with 0 outgoing transfers.",1,0,420000.0,0.0,0.0003726610761384928,0.0,2,False,False,False,False,False,
100000003134934100,100000003134934100,terminal,1.0,5,0.0394,"Genuine endpoint (depth 2): received 379,354 KZT from 4 payers with 0 outgoing transfers.",4,0,379354.0,0.0,0.0004244791138523046,0.0,2,False,False,False,False,False,
100000006240939100,100000006240939100,peripheral,0.3,6,0.0143,"Peripheral flow node with 6 active links (160,000 KZT in, 778,015 KZT out).",1,5,160000.0,778015.0,0.0003187471159015583,4.86259375,2,False,False,False,False,False,-96.0
100000008656043100,100000008656043100,terminal,0.5,33,0.0087,"Genuine endpoint (depth 2): received 26,200 KZT from 1 payers with 0 outgoing transfers.",1,0,26200.0,0.0,0.0002944677917550073,0.0,2,False,False,False,False,False,
100000002605184100,100000002605184100,terminal,0.5,2,0.013,"Genuine endpoint (depth 2): received 140,000 KZT from 1 payers with 0 outgoing transfers.",1,0,140000.0,0.0,0.00039107352079071505,0.0,2,False,False,False,False,False,
100000003157333100,100000003157333100,terminal,0.5,8,0.0086,"Genuine endpoint (depth 2): received 30,000 KZT from 1 payers with 0 outgoing transfers.",1,0,30000.0,0.0,0.00029125521728309953,0.0,2,False,False,False,False,False,
100000007898453100,100000007898453100,peripheral,0.3,12,0.0131,"Peripheral flow node with 3 active links (24,750 KZT in, 320,000 KZT out).",1,2,24750.0,320000.0,0.0003330161085564525,12.929292929292929,2,False,False,True,True,False,24.0
100000002710570100,100000002710570100,terminal,0.5,0,0.0194,"Genuine endpoint (depth 2): received 225,015 KZT from 1 payers with 0 outgoing transfers.",1,0,225015.0,0.0,0.0005391306175502206,0.0,2,False,False,False,False,False,
100000004979498100,100000004979498100,peripheral,0.3,56,0.0544,"Peripheral flow node with 2 active links (700,000 KZT in, 200,000 KZT out).",1,1,700000.0,200000.0,0.0013189827666274718,0.2857142857142857,2,False,False,True,True,False,0.0
100000001541418100,100000001541418100,terminal,0.667,19,0.0175,"Genuine endpoint (depth 2): received 96,900 KZT from 2 payers with 0 outgoing transfers.",2,0,96900.0,0.0,0.00030353063860818737,0.0,2,False,False,False,False,False,
100000007797290100,100000007797290100,peripheral,0.3,22,0.0106,"Peripheral flow node with 2 active links (100,000 KZT in, 20,000 KZT out).",1,1,100000.0,20000.0,0.0003011253761628506,0.2,2,False,False,False,False,False,216.0
100000008683818100,100000008683818100,terminal,0.5,33,0.0086,"Genuine endpoint (depth 2): received 17,400 KZT from 1 payers with 0 outgoing transfers.",1,0,17400.0,0.0,0.0002914789834217285,0.0,2,False,False,False,False,False,
100000006567935100,100000006567935100,terminal,0.5,25,0.0094,"Genuine endpoint (depth 2): received 200,000 KZT from 1 payers with 0 outgoing transfers.",1,0,200000.0,0.0,0.00031055602097400365,0.0,2,False,False,False,False,False,
100000002132479100,100000002132479100,peripheral,0.3,4,0.0232,"Peripheral flow node with 2 active links (30,000 KZT in, 20,000 KZT out).",1,1,30000.0,20000.0,0.0006060232510344739,0.6666666666666666,2,False,False,True,False,False,168.0
100000002170580100,100000002170580100,terminal,0.5,4,0.0115,"Genuine endpoint (depth 2): received 150,000 KZT from 1 payers with 0 outgoing transfers.",1,0,150000.0,0.0,0.00035703793369898444,0.0,2,False,False,False,False,False,
100000001232297100,100000001232297100,peripheral,0.3,11,0.0103,"Peripheral flow node with 3 active links (5,000 KZT in, 45,000 KZT out).",1,2,5000.0,45000.0,0.0002921518328065597,9.0,2,False,False,True,False,True,-264.0
100000002028158100,100000002028158100,terminal,0.5,2,0.0088,"Genuine endpoint (depth 2): received 34,800 KZT from 1 payers with 0 outgoing transfers.",1,0,34800.0,0.0,0.00029664059842346733,0.0,2,False,False,False,False,False,
100000005519998100,100000005519998100,transit,0.918,26,0.046,"Receives from 3 payers (182,000 KZT), passes through 103% (188,000 KZT) to 3 accounts.",3,3,182000.0,188000.0,0.0006524582538824907,1.032967032967033,2,False,False,True,False,False,-72.0
100000002335358100,100000002335358100,terminal,0.5,2,0.0226,"Genuine endpoint (depth 2): received 140,000 KZT from 1 payers with 0 outgoing transfers.",1,0,140000.0,0.0,0.0006124866171005888,0.0,2,False,False,False,False,False,
100000007289427100,100000007289427100,terminal,0.5,14,0.0122,"Genuine endpoint (depth 2): received 12,300 KZT from 1 payers with 0 outgoing transfers.",1,0,12300.0,0.0,0.0003736269529532968,0.0,2,False,False,False,False,False,
100000004592467100,100000004592467100,terminal,0.5,12,0.0084,"Genuine endpoint (depth 2): received 7,000 KZT from 1 payers with 0 outgoing transfers.",1,0,7000.0,0.0,0.0002866229494599162,0.0,2,False,False,False,False,False,
100000004993576100,100000004993576100,terminal,0.5,2,0.0107,"Genuine endpoint (depth 2): received 167,000 KZT from 1 payers with 0 outgoing transfers.",1,0,167000.0,0.0,0.00033869882876991924,0.0,2,False,False,False,False,False,
100000001648936100,100000001648936100,terminal,0.5,8,0.0091,"Genuine endpoint (depth 2): received 92,740 KZT from 1 payers with 0 outgoing transfers.",1,0,92740.0,0.0,0.00030314637772139394,0.0,2,False,False,False,False,False,
100000008512552100,100000008512552100,coordinator,1.0,22,0.0706,"High betweenness (0.0004) bridging 10 counterparties across clusters. Volume: 1,696,635 KZT; return cycle detected.",4,6,394360.0,1302275.0,0.0004258788196805511,3.3022492139162187,2,False,False,True,True,False,0.0
100000007629096100,100000007629096100,peripheral,0.3,16,0.1305,"Peripheral flow node with 5 active links (1,075,170 KZT in, 765,205 KZT out).",4,1,1075170.0,765205.0,0.00247240594710725,0.7117060557865268,2,False,False,True,True,False,24.0
100000001601320100,100000001601320100,transit,0.845,6,0.0406,"Receives from 2 payers (43,500 KZT), passes through 106% (46,200 KZT) to 1 accounts.",2,1,43500.0,46200.0,0.0008117637398617562,1.0620689655172413,2,False,False,False,False,False,192.0
100000005782781100,100000005782781100,coordinator,1.0,16,0.1031,"High betweenness (0.0006) bridging 16 counterparties across clusters. Volume: 1,435,485 KZT; return cycle detected.",6,10,171888.0,1263597.0,0.0004875096527600848,7.351281066741134,2,False,False,True,True,False,24.0
100000002723538100,100000002723538100,coordinator,1.0,16,0.0554,"High betweenness (0.0003) bridging 15 counterparties across clusters. Volume: 666,146 KZT; return cycle detected.",3,12,105647.0,560499.0,0.0003203131606128599,5.305394379395534,2,False,False,True,False,False,-192.0
100000002340562100,100000002340562100,terminal,0.5,6,0.0191,"Genuine endpoint (depth 2): received 36,650 KZT from 1 payers with 0 outgoing transfers.",1,0,36650.0,0.0,0.0005308569205030126,0.0,2,False,False,False,False,False,
100000005939154100,100000005939154100,terminal,0.5,2,0.0087,"Genuine endpoint (depth 2): received 22,000 KZT from 1 payers with 0 outgoing transfers.",1,0,22000.0,0.0,0.0002936966648040269,0.0,2,False,False,False,False,False,
100000004386258100,100000004386258100,peripheral,0.3,13,0.0431,"Peripheral flow node with 6 active links (61,700 KZT in, 40,000 KZT out).",3,3,61700.0,40000.0,0.0005336690126056149,0.6482982171799028,2,False,False,True,False,True,480.0
100000008406609100,100000008406609100,terminal,0.5,5,0.0147,"Genuine endpoint (depth 2): received 34,000 KZT from 1 payers with 0 outgoing transfers.",1,0,34000.0,0.0,0.00043050382065094834,0.0,2,False,False,False,False,False,
100000007242833100,100000007242833100,peripheral,0.3,13,0.02,"Peripheral flow node with 2 active links (107,500 KZT in, 45,000 KZT out).",1,1,107500.0,45000.0,0.0005138001156911178,0.4186046511627907,2,False,False,False,True,False,24.0
100000004698193100,100000004698193100,peripheral,0.3,8,0.0429,"Peripheral flow node with 5 active links (222,700 KZT in, 38,000 KZT out).",2,3,222700.0,38000.0,0.0008254145941905158,0.17063313875168387,2,False,False,True,False,True,216.0
100000002733905100,100000002733905100,peripheral,0.3,33,0.142,"Peripheral flow node with 5 active links (100,000 KZT in, 717,839 KZT out).",3,2,100000.0,717839.0,0.0029169603294352297,7.17839,2,False,False,True,False,False,168.0
100000006912294100,100000006912294100,peripheral,0.3,6,0.0194,"Peripheral flow node with 3 active links (6,335 KZT in, 30,000 KZT out).",1,2,6335.09,30000.0,0.0004989220673206184,4.7355286191672095,2,False,False,True,False,True,-552.0
100000003036198100,100000003036198100,terminal,0.5,16,0.0084,"Genuine endpoint (depth 2): received 15,000 KZT from 1 payers with 0 outgoing transfers.",1,0,15000.0,0.0,0.0002879340067316298,0.0,2,False,False,False,False,False,
100000004687099100,100000004687099100,terminal,0.5,6,0.0105,"Genuine endpoint (depth 2): received 30,000 KZT from 1 payers with 0 outgoing transfers.",1,0,30000.0,0.0,0.0003342247396399686,0.0,2,False,False,False,False,False,
100000005242320100,100000005242320100,distributor,0.7,1,0.0453,"Distributes 8,936,295 KZT outward to 21 distinct recipient accounts across the network.",2,21,365700.0,8936295.0,0.0005001241314185612,24.43613617719442,2,False,False,False,False,False,-312.0
100000008762832100,100000008762832100,peripheral,0.3,12,0.0102,"Peripheral flow node with 2 active links (150,000 KZT in, 85,000 KZT out).",1,1,150000.0,85000.0,0.000308147620844976,0.5666666666666667,2,False,False,True,False,False,-48.0
100000002489253100,100000002489253100,terminal,0.5,2,0.009,"Genuine endpoint (depth 2): received 51,000 KZT from 1 payers with 0 outgoing transfers.",1,0,51000.0,0.0,0.00030184449124919286,0.0,2,False,False,False,False,False,
100000004756901100,100000004756901100,terminal,0.5,15,0.0094,"Genuine endpoint (depth 2): received 153,248 KZT from 1 payers with 0 outgoing transfers.",1,0,153248.0,0.0,0.0003109522914570363,0.0,2,False,False,False,False,False,
100000008749989100,100000008749989100,terminal,0.5,33,0.0086,"Genuine endpoint (depth 2): received 16,000 KZT from 1 payers with 0 outgoing transfers.",1,0,16000.0,0.0,0.00029100349118688865,0.0,2,False,False,False,False,False,
100000001380986100,100000001380986100,terminal,0.5,19,0.0086,"Genuine endpoint (depth 2): received 70,170 KZT from 1 payers with 0 outgoing transfers.",1,0,70170.0,0.0,0.000292172266547817,0.0,2,False,False,False,False,False,
100000003089018100,100000003089018100,terminal,0.5,19,0.0093,"Genuine endpoint (depth 2): received 230,000 KZT from 1 payers with 0 outgoing transfers.",1,0,230000.0,0.0,0.0003072122133568235,0.0,2,False,False,False,False,False,
100000008742266100,100000008742266100,terminal,0.5,33,0.0086,"Genuine endpoint (depth 2): received 21,000 KZT from 1 payers with 0 outgoing transfers.",1,0,21000.0,0.0,0.00029270167773988795,0.0,2,False,False,False,False,False,
100000003044431100,100000003044431100,terminal,0.667,0,0.0174,"Genuine endpoint (depth 2): received 60,000 KZT from 2 payers with 0 outgoing transfers.",2,0,60000.0,0.0,0.00030245857854886894,0.0,2,False,False,False,False,False,
100000003321423100,100000003321423100,terminal,0.5,24,0.0252,"Genuine endpoint (depth 2): received 100,000 KZT from 1 payers with 0 outgoing transfers.",1,0,100000.0,0.0,0.0006711029646605617,0.0,2,False,False,False,False,False,
100000002540623100,100000002540623100,terminal,0.5,4,0.0104,"Genuine endpoint (depth 2): received 100,000 KZT from 1 payers with 0 outgoing transfers.",1,0,100000.0,0.0,0.0003332150538717533,0.0,2,False,False,False,False,False,
100000004225615100,100000004225615100,terminal,0.5,19,0.0087,"Genuine endpoint (depth 2): received 90,000 KZT from 1 payers with 0 outgoing transfers.",1,0,90000.0,0.0,0.0002940382625762384,0.0,2,False,False,False,False,False,
100000004820260100,100000004820260100,transit,0.799,2,0.0605,"Receives from 1 payers (234,200 KZT), passes through 92% (215,350 KZT) to 3 accounts. Rapid turnaround (0h).",1,3,234200.0,215350.0,0.0014014565775826975,0.9195132365499573,2,False,False,True,True,False,0.0
100000000795129100,100000000795129100,terminal,0.5,2,0.013,"Genuine endpoint (depth 2): received 332,000 KZT from 1 payers with 0 outgoing transfers.",1,0,332000.0,0.0,0.0003911920814716179,0.0,2,False,False,False,False,False,
100000008213966100,100000008213966100,peripheral,0.3,26,0.0997,"Peripheral flow node with 4 active links (187,004 KZT in, 436,900 KZT out).",3,1,187004.0,436900.0,0.0019335519524195826,2.336313661739856,2,False,False,True,True,False,0.0
100000008478414100,100000008478414100,terminal,0.5,33,0.0085,"Genuine endpoint (depth 2): received 10,000 KZT from 1 payers with 0 outgoing transfers.",1,0,10000.0,0.0,0.00028896566732328953,0.0,2,False,False,False,False,False,
100000001330595100,100000001330595100,peripheral,0.3,40,0.043,"Peripheral flow node with 4 active links (87,000 KZT in, 154,000 KZT out).",3,1,87000.0,154000.0,0.0006755694259219613,1.7701149425287357,2,False,False,False,False,False,288.0
100000000076451100,100000000076451100,peripheral,0.3,2,0.0809,"Peripheral flow node with 7 active links (87,707 KZT in, 58,000 KZT out).",3,4,87707.0,58000.0,0.0013962008641423944,0.661292713238396,2,False,False,True,False,True,-264.0
100000005664632100,100000005664632100,terminal,0.5,12,0.0118,"Genuine endpoint (depth 2): received 198,620 KZT from 1 payers with 0 outgoing transfers.",1,0,198620.0,0.0,0.00036514203992280307,0.0,2,False,False,False,False,True,
100000002457464100,100000002457464100,terminal,0.5,14,0.0099,"Genuine endpoint (depth 2): received 66,647 KZT from 1 payers with 0 outgoing transfers.",1,0,66647.0,0.0,0.0003221740395394653,0.0,2,False,False,False,False,False,
100000002757240100,100000002757240100,terminal,0.5,12,0.0097,"Genuine endpoint (depth 2): received 51,183 KZT from 1 payers with 0 outgoing transfers.",1,0,51183.0,0.0,0.00031684650947480416,0.0,2,False,False,False,False,False,
100000003718221100,100000003718221100,peripheral,0.3,18,0.0548,"Peripheral flow node with 6 active links (350,000 KZT in, 423,500 KZT out).",2,4,350000.0,423500.0,0.0010434682866013792,1.21,2,False,False,True,False,False,-24.0
100000008629581100,100000008629581100,terminal,0.5,14,0.0096,"Genuine endpoint (depth 2): received 54,184 KZT from 1 payers with 0 outgoing transfers.",1,0,54184.0,0.0,0.00031532894612265345,0.0,2,False,False,False,False,False,
100000004806903100,100000004806903100,terminal,0.5,12,0.0192,"Genuine endpoint (depth 2): received 18,000 KZT from 1 payers with 0 outgoing transfers.",1,0,18000.0,0.0,0.0005335389049993343,0.0,2,False,False,False,False,False,
100000000913911100,100000000913911100,peripheral,0.3,12,0.0259,"Peripheral flow node with 3 active links (467,000 KZT in, 600,000 KZT out).",2,1,467000.0,600000.0,0.00045944318623889125,1.284796573875803,2,False,False,False,False,False,72.0
100000004905207100,100000004905207100,terminal,0.5,1,0.0149,"Genuine endpoint (depth 2): received 380,000 KZT from 1 payers with 0 outgoing transfers.",1,0,380000.0,0.0,0.00043470347319123927,0.0,2,False,False,False,False,False,
100000003831201100,100000003831201100,terminal,0.5,0,0.0192,"Genuine endpoint (depth 2): received 40,500 KZT from 1 payers with 0 outgoing transfers.",1,0,40500.0,0.0,0.0005343335334517986,0.0,2,False,False,False,False,True,
100000003073398100,100000003073398100,terminal,0.5,8,0.0091,"Genuine endpoint (depth 2): received 92,960 KZT from 1 payers with 0 outgoing transfers.",1,0,92960.0,0.0,0.0003031880744905432,0.0,2,False,False,False,False,False,
100000008418934100,100000008418934100,terminal,0.5,19,0.0098,"Genuine endpoint (depth 2): received 360,000 KZT from 1 payers with 0 outgoing transfers.",1,0,360000.0,0.0,0.00031944516765308105,0.0,2,False,False,False,False,False,
100000002741024100,100000002741024100,peripheral,0.3,16,0.164,"Peripheral flow node with 11 active links (817,981 KZT in, 434,989 KZT out).",5,6,817980.85,434989.0,0.0028551865328902163,0.5317838431058625,2,False,False,True,False,False,-48.0
100000008106997100,100000008106997100,peripheral,0.3,0,0.0191,"Peripheral flow node with 3 active links (35,600 KZT in, 20,600 KZT out).",2,1,35600.0,20600.0,0.0003053704876347346,0.5786516853932584,2,False,False,False,True,False,0.0
100000007998965100,100000007998965100,peripheral,0.3,17,0.0515,"Peripheral flow node with 6 active links (278,000 KZT in, 26,000 KZT out).",5,1,278000.0,26000.0,0.0004719217907251261,0.09352517985611511,2,False,False,False,False,False,240.0
100000001822623100,100000001822623100,terminal,0.5,0,0.01,"Genuine endpoint (depth 2): received 201,300 KZT from 1 payers with 0 outgoing transfers.",1,0,201300.0,0.0,0.0003234925604032018,0.0,2,False,False,False,False,False,
100000006424479100,100000006424479100,peripheral,0.3,11,0.0417,"Peripheral flow node with 3 active links (500,000 KZT in, 220,000 KZT out).",1,2,500000.0,220000.0,0.0009438231531441734,0.44,2,False,False,False,False,False,336.0
100000008696692100,100000008696692100,terminal,0.5,33,0.0086,"Genuine endpoint (depth 2): received 19,000 KZT from 1 payers with 0 outgoing transfers.",1,0,19000.0,0.0,0.00029202240311868824,0.0,2,False,False,False,False,False,
100000002748532100,100000002748532100,peripheral,0.3,19,0.0303,"Peripheral flow node with 5 active links (355,575 KZT in, 646,685 KZT out).",3,2,355575.0,646685.0,0.0003391055199443405,1.8187021022287844,2,False,False,False,False,False,96.0
100000004456564100,100000004456564100,terminal,0.5,4,0.013,"Genuine endpoint (depth 2): received 10,000 KZT from 1 payers with 0 outgoing transfers.",1,0,10000.0,0.0,0.00039238727982301855,0.0,2,False,False,False,False,False,
100000001530740100,100000001530740100,terminal,0.5,2,0.019,"Genuine endpoint (depth 2): received 15,000 KZT from 1 payers with 0 outgoing transfers.",1,0,15000.0,0.0,0.0005298197024409163,0.0,2,False,False,False,False,False,
100000001386612100,100000001386612100,terminal,0.5,5,0.0148,"Genuine endpoint (depth 2): received 62,264 KZT from 1 payers with 0 outgoing transfers.",1,0,62264.0,0.0,0.0004337700956812129,0.0,2,False,False,False,False,False,
100000003360542100,100000003360542100,peripheral,0.3,24,0.0697,"Peripheral flow node with 4 active links (317,000 KZT in, 51,800 KZT out).",2,2,317000.0,51800.0,0.0014564325480065506,0.16340694006309148,2,False,False,True,True,True,24.0
100000008352542100,100000008352542100,terminal,0.5,24,0.0103,"Genuine endpoint (depth 2): received 50,220 KZT from 1 payers with 0 outgoing transfers.",1,0,50220.0,0.0,0.00033147541987125204,0.0,2,False,False,False,False,False,
100000001138376100,100000001138376100,terminal,0.5,2,0.0085,"Genuine endpoint (depth 2): received 15,300 KZT from 1 payers with 0 outgoing transfers.",1,0,15300.0,0.0,0.00029043685037690294,0.0,2,False,False,False,False,False,
100000003246024100,100000003246024100,peripheral,0.3,20,0.0758,"Peripheral flow node with 2 active links (25,000 KZT in, 5,000 KZT out).",1,1,25000.0,5000.0,0.0003713400564301804,0.2,2,False,False,True,True,False,0.0
100000002680477100,100000002680477100,terminal,0.5,13,0.0087,"Genuine endpoint (depth 2): received 25,000 KZT from 1 payers with 0 outgoing transfers.",1,0,25000.0,0.0,0.00029455855419957777,0.0,2,False,False,False,False,False,
100000005882013100,100000005882013100,peripheral,0.3,11,0.0281,"Peripheral flow node with 3 active links (135,000 KZT in, 10,000 KZT out).",2,1,135000.0,10000.0,0.0005264244942722106,0.07407407407407407,2,False,False,True,True,True,24.0
100000005665181100,100000005665181100,coordinator,1.0,8,0.067,"High betweenness (0.0003) bridging 15 counterparties across clusters. Volume: 227,413 KZT; return cycle detected.",4,11,45498.0,181915.0,0.00039853973458055356,3.998307617917271,2,False,False,True,False,True,-72.0
100000008141170100,100000008141170100,terminal,0.5,2,0.0231,"Genuine endpoint (depth 2): received 11,000 KZT from 1 payers with 0 outgoing transfers.",1,0,11000.0,0.0,0.0006219001408928704,0.0,2,False,False,False,False,False,
100000001382002100,100000001382002100,transit,0.932,0,0.0257,"Receives from 1 payers (55,000 KZT), passes through 103% (56,500 KZT) to 1 accounts.",1,1,55000.0,56500.0,0.0006633074267595731,1.0272727272727273,2,False,False,True,False,True,96.0
100000002481735100,100000002481735100,terminal,0.5,2,0.0117,"Genuine endpoint (depth 2): received 22,436 KZT from 1 payers with 0 outgoing transfers.",1,0,22436.0,0.0,0.00036270354277617874,0.0,2,False,False,False,False,False,
100000000806727100,100000000806727100,peripheral,0.3,12,0.0118,"Peripheral flow node with 2 active links (45,000 KZT in, 5,000 KZT out).",1,1,45000.0,5000.0,0.0003458595620044754,0.1111111111111111,2,False,False,False,False,False,504.0
100000003039473100,100000003039473100,terminal,0.5,2,0.0095,"Genuine endpoint (depth 2): received 23,000 KZT from 1 payers with 0 outgoing transfers.",1,0,23000.0,0.0,0.0003122138956605188,0.0,2,False,False,False,False,False,
100000005205745100,100000005205745100,terminal,0.5,8,0.0095,"Genuine endpoint (depth 2): received 6,000 KZT from 1 payers with 0 outgoing transfers.",1,0,6000.0,0.0,0.0003122614004459651,0.0,2,False,False,False,False,False,
100000004356593100,100000004356593100,peripheral,0.3,16,0.0103,"Peripheral flow node with 2 active links (50,000 KZT in, 10,000 KZT out).",1,1,50000.0,10000.0,0.00029345166926508727,0.2,2,False,False,False,False,False,168.0
100000008688881100,100000008688881100,terminal,0.5,33,0.009,"Genuine endpoint (depth 2): received 44,211 KZT from 1 payers with 0 outgoing transfers.",1,0,44211.0,0.0,0.00030058499935622143,0.0,2,False,False,False,False,False,
100000008111003100,100000008111003100,peripheral,0.3,16,0.0933,"Peripheral flow node with 7 active links (222,716 KZT in, 35,000 KZT out).",6,1,222716.0,35000.0,0.000469621700735246,0.15715081089818422,2,False,False,True,False,False,192.0
100000003016773100,100000003016773100,terminal,0.5,19,0.0096,"Genuine endpoint (depth 2): received 46,555 KZT from 1 payers with 0 outgoing transfers.",1,0,46555.0,0.0,0.00031479566469907517,0.0,2,False,False,False,False,False,
100000004674799100,100000004674799100,terminal,0.5,0,0.0304,"Genuine endpoint (depth 2): received 140,000 KZT from 1 payers with 0 outgoing transfers.",1,0,140000.0,0.0,0.0007906731933061705,0.0,2,False,False,False,False,False,
100000005834479100,100000005834479100,peripheral,0.3,16,0.0102,"Peripheral flow node with 3 active links (7,500 KZT in, 14,470 KZT out).",1,2,7500.0,14470.0,0.00028675165047446034,1.9293333333333333,2,False,False,False,False,True,-96.0
100000003278020100,100000003278020100,terminal,0.5,20,0.01,"Genuine endpoint (depth 2): received 190,000 KZT from 1 payers with 0 outgoing transfers.",1,0,190000.0,0.0,0.0003245512930395254,0.0,2,False,False,False,False,False,
100000000831684100,100000000831684100,peripheral,0.3,13,0.0795,"Peripheral flow node with 2 active links (15,000 KZT in, 50,000 KZT out).",1,1,15000.0,50000.0,0.0018906089223340397,3.3333333333333335,2,False,False,True,False,True,-216.0
100000000307908100,100000000307908100,terminal,0.5,44,0.0088,"Genuine endpoint (depth 2): received 5,000 KZT from 1 payers with 0 outgoing transfers.",1,0,5000.0,0.0,0.0002964337747494595,0.0,2,False,False,False,False,False,
100000001782980100,100000001782980100,peripheral,0.3,62,0.0129,"Peripheral flow node with 2 active links (50,000 KZT in, 596,200 KZT out).",1,1,50000.0,596200.0,0.0003702831507848959,11.924,2,False,False,False,False,False,240.0
100000002454724100,100000002454724100,terminal,0.5,25,0.009,"Genuine endpoint (depth 2): received 125,000 KZT from 1 payers with 0 outgoing transfers.",1,0,125000.0,0.0,0.00030118599844023634,0.0,2,False,False,False,False,False,
100000005904580100,100000005904580100,terminal,0.667,13,0.027,"Genuine endpoint (depth 2): received 72,000 KZT from 2 payers with 0 outgoing transfers.",2,0,72000.0,0.0,0.0005227099859368698,0.0,2,False,False,False,False,False,
100000008474308100,100000008474308100,peripheral,0.3,13,0.0162,"Peripheral flow node with 2 active links (14,000 KZT in, 10,000 KZT out).",1,1,14000.0,10000.0,0.0004450220360099154,0.7142857142857143,2,False,False,True,False,True,-120.0
100000000795033100,100000000795033100,terminal,0.5,0,0.0192,"Genuine endpoint (depth 2): received 18,200 KZT from 1 payers with 0 outgoing transfers.",1,0,18200.0,0.0,0.0005330176535576377,0.0,2,False,False,False,False,False,
100000000861294100,100000000861294100,terminal,0.5,8,0.0096,"Genuine endpoint (depth 2): received 150,000 KZT from 1 payers with 0 outgoing transfers.",1,0,150000.0,0.0,0.00031399890954633404,0.0,2,False,False,False,False,False,
100000006557763100,100000006557763100,terminal,0.5,12,0.011,"Genuine endpoint (depth 2): received 10,000 KZT from 1 payers with 0 outgoing transfers.",1,0,10000.0,0.0,0.0003471751881752854,0.0,2,False,False,False,False,False,
100000005608515100,100000005608515100,terminal,0.5,6,0.0087,"Genuine endpoint (depth 2): received 64,000 KZT from 1 payers with 0 outgoing transfers.",1,0,64000.0,0.0,0.0002931596353300166,0.0,2,False,False,False,False,True,
100000003922499100,100000003922499100,terminal,0.5,13,0.0193,"Genuine endpoint (depth 2): received 50,000 KZT from 1 payers with 0 outgoing transfers.",1,0,50000.0,0.0,0.0005352399237782651,0.0,2,False,False,False,False,False,
100000008603629100,100000008603629100,coordinator,1.0,20,0.5463,"High betweenness (0.0058) bridging 80 counterparties across clusters. Volume: 6,803,456 KZT; return cycle detected.",19,61,1817300.0,4986156.0,0.0011918072731347837,2.7437165025037142,2,False,False,True,True,False,24.0
100000004825069100,100000004825069100,terminal,0.5,33,0.0088,"Genuine endpoint (depth 2): received 30,000 KZT from 1 payers with 0 outgoing transfers.",1,0,30000.0,0.0,0.00029575841353528677,0.0,2,False,False,False,False,True,
100000004331458100,100000004331458100,terminal,0.667,46,0.0621,"Genuine endpoint (depth 2): received 250,000 KZT from 2 payers with 0 outgoing transfers.",2,0,250000.0,0.0,0.0013234381164598692,0.0,2,False,False,False,False,False,
100000002911170100,100000002911170100,terminal,0.5,25,0.01,"Genuine endpoint (depth 2): received 300,000 KZT from 1 payers with 0 outgoing transfers.",1,0,300000.0,0.0,0.00032304938435236,0.0,2,False,False,False,False,False,
100000008011159100,100000008011159100,peripheral,0.3,16,0.0428,"Peripheral flow node with 8 active links (363,000 KZT in, 153,037 KZT out).",3,5,363000.0,153037.0,0.0004861091667224926,0.4215895316804408,2,False,False,True,False,False,240.0
100000003854444100,100000003854444100,coordinator,1.0,5,0.0808,"High betweenness (0.0011) bridging 15 counterparties across clusters. Volume: 2,532,909 KZT; return cycle detected.",1,14,210000.0,2322909.0,0.00046676162714719263,11.061471428571428,2,False,False,True,False,False,-48.0
100000008547948100,100000008547948100,coordinator,1.0,19,0.1412,"High betweenness (0.0011) bridging 32 counterparties across clusters. Volume: 5,398,265 KZT; return cycle detected.",6,26,212665.0,5185600.0,0.0004277037249167612,24.383890155878966,2,False,False,True,True,False,0.0
100000005175148100,100000005175148100,peripheral,0.3,2,0.0365,"Peripheral flow node with 3 active links (79,000 KZT in, 15,000 KZT out).",2,1,79000.0,15000.0,0.0007181459635567832,0.189873417721519,2,False,False,True,True,True,24.0
100000002087788100,100000002087788100,terminal,0.5,20,0.0247,"Genuine endpoint (depth 2): received 100,500 KZT from 1 payers with 0 outgoing transfers.",1,0,100500.0,0.0,0.0006585724738436675,0.0,2,False,False,False,False,False,
100000004150593100,100000004150593100,coordinator,1.0,2,0.0315,"High betweenness (0.0002) bridging 12 counterparties across clusters. Volume: 928,165 KZT; return cycle detected.",1,11,57000.0,871165.0,0.0003066265725556523,15.28359649122807,2,False,False,True,True,False,0.0
100000001597505100,100000001597505100,peripheral,0.3,14,0.0109,"Peripheral flow node with 2 active links (26,460 KZT in, 12,920 KZT out).",1,1,26460.0,12920.0,0.00031475890283167617,0.48828420256991684,2,False,False,False,False,False,-576.0
100000007629121100,100000007629121100,terminal,0.5,12,0.0132,"Genuine endpoint (depth 2): received 29,000 KZT from 1 payers with 0 outgoing transfers.",1,0,29000.0,0.0,0.00039603609156140836,0.0,2,False,False,False,False,False,
100000005614315100,100000005614315100,terminal,0.5,2,0.021,"Genuine endpoint (depth 2): received 455,000 KZT from 1 payers with 0 outgoing transfers.",1,0,455000.0,0.0,0.0005750924282981935,0.0,2,False,False,False,False,False,
100000008324800100,100000008324800100,transit,0.926,7,0.0952,"Receives from 3 payers (526,500 KZT), passes through 97% (511,000 KZT) to 1 accounts. Rapid turnaround (0h).",3,1,526500.0,511000.0,0.0018517826355651504,0.9705603038936372,2,False,False,True,True,False,0.0
100000005030592100,100000005030592100,terminal,0.5,2,0.0085,"Genuine endpoint (depth 2): received 10,000 KZT from 1 payers with 0 outgoing transfers.",1,0,10000.0,0.0,0.0002887507034719393,0.0,2,False,False,False,False,False,
100000001633685100,100000001633685100,terminal,1.0,16,0.0259,"Genuine endpoint (depth 2): received 45,000 KZT from 3 payers with 0 outgoing transfers.",3,0,45000.0,0.0,0.0003061866332400334,0.0,2,False,False,False,False,True,
100000001848426100,100000001848426100,terminal,0.5,8,0.0091,"Genuine endpoint (depth 2): received 95,530 KZT from 1 payers with 0 outgoing transfers.",1,0,95530.0,0.0,0.0003036751685665142,0.0,2,False,False,False,False,False,
100000004580202100,100000004580202100,peripheral,0.3,18,0.0148,"Peripheral flow node with 4 active links (9,000 KZT in, 45,000 KZT out).",1,3,9000.0,45000.0,0.00032162328322811565,5.0,2,False,False,False,False,True,-288.0
100000008717375100,100000008717375100,terminal,0.5,14,0.009,"Genuine endpoint (depth 2): received 29,506 KZT from 1 payers with 0 outgoing transfers.",1,0,29506.0,0.0,0.0003017749691235294,0.0,2,False,False,False,False,False,
100000007861311100,100000007861311100,terminal,0.5,6,0.0115,"Genuine endpoint (depth 2): received 45,000 KZT from 1 payers with 0 outgoing transfers.",1,0,45000.0,0.0,0.0003585524623513075,0.0,2,False,False,False,False,False,
100000005578559100,100000005578559100,coordinator,1.0,17,0.0886,"High betweenness (0.0010) bridging 23 counterparties across clusters. Volume: 1,024,164 KZT; return cycle detected.",2,21,131000.0,893163.67,0.0003910151132301349,6.818043282442749,2,False,False,True,False,False,-120.0
100000008764436100,100000008764436100,terminal,0.5,33,0.0085,"Genuine endpoint (depth 2): received 13,100 KZT from 1 payers with 0 outgoing transfers.",1,0,13100.0,0.0,0.00029001854298614906,0.0,2,False,False,False,False,False,
100000000190228100,100000000190228100,peripheral,0.3,6,0.023,"Peripheral flow node with 2 active links (5,000 KZT in, 28,560 KZT out).",1,1,5000.0,28560.0,0.0005820068181865648,5.712,2,False,False,False,False,False,-168.0
100000003971049100,100000003971049100,terminal,0.5,22,0.0087,"Genuine endpoint (depth 2): received 55,900 KZT from 1 payers with 0 outgoing transfers.",1,0,55900.0,0.0,0.00029426514402485876,0.0,2,False,False,False,False,True,
100000008743913100,100000008743913100,peripheral,0.3,19,0.0502,"Peripheral flow node with 16 active links (149,300 KZT in, 1,850,600 KZT out).",3,13,149300.0,1850600.0,0.00033210781237653756,12.395177494976558,2,False,False,False,False,False,96.0
100000004400361100,100000004400361100,terminal,0.5,15,0.0084,"Genuine endpoint (depth 2): received 10,000 KZT from 1 payers with 0 outgoing transfers.",1,0,10000.0,0.0,0.0002872256288669924,0.0,2,False,False,False,False,False,
100000002175422100,100000002175422100,coordinator,1.0,9,0.07,"High betweenness (0.0002) bridging 9 counterparties across clusters. Volume: 1,689,688 KZT; return cycle detected.",3,6,68500.0,1621188.0,0.0008458861317816028,23.66697810218978,2,False,False,True,False,False,-360.0
100000004544958100,100000004544958100,peripheral,0.3,24,0.0515,"Peripheral flow node with 3 active links (168,000 KZT in, 23,200 KZT out).",1,2,168000.0,23200.0,0.001214607508891017,0.1380952380952381,2,False,False,True,False,False,96.0
100000008466579100,100000008466579100,coordinator,1.0,19,0.0621,"High betweenness (0.0005) bridging 19 counterparties across clusters. Volume: 1,969,952 KZT; return cycle detected.",2,17,36952.0,1933000.0,0.0003534138885849357,52.31110630006495,2,False,False,True,False,False,-144.0
100000001184915100,100000001184915100,terminal,0.5,2,0.0111,"Genuine endpoint (depth 2): received 201,000 KZT from 1 payers with 0 outgoing transfers.",1,0,201000.0,0.0,0.00034951562023572384,0.0,2,False,False,False,False,False,
100000004435304100,100000004435304100,terminal,0.5,33,0.0087,"Genuine endpoint (depth 2): received 26,200 KZT from 1 payers with 0 outgoing transfers.",1,0,26200.0,0.0,0.0002944677917550073,0.0,2,False,False,False,False,False,
100000008762728100,100000008762728100,terminal,0.5,11,0.0097,"Genuine endpoint (depth 2): received 17,026 KZT from 1 payers with 0 outgoing transfers.",1,0,17026.0,0.0,0.00031770106594377663,0.0,2,False,False,False,False,False,
100000004285800100,100000004285800100,peripheral,0.3,24,0.0118,"Peripheral flow node with 2 active links (5,000 KZT in, 15,000 KZT out).",1,1,5000.0,15000.0,0.0003442181347833002,3.0,2,False,False,False,False,False,-312.0
100000008557672100,100000008557672100,terminal,0.5,33,0.0091,"Genuine endpoint (depth 2): received 49,125 KZT from 1 payers with 0 outgoing transfers.",1,0,49125.0,0.0,0.0003022539771005091,0.0,2,False,False,False,False,False,
100000005142589100,100000005142589100,terminal,0.5,16,0.0094,"Genuine endpoint (depth 2): received 50,000 KZT from 1 payers with 0 outgoing transfers.",1,0,50000.0,0.0,0.0003103697710860754,0.0,2,False,False,False,False,False,
100000003747133100,100000003747133100,transit,0.864,16,0.0512,"Receives from 5 payers (237,068 KZT), passes through 105% (250,000 KZT) to 2 accounts.",5,2,237068.0,250000.0,0.0003780707341340088,1.0545497494389795,2,False,False,False,False,False,144.0
100000003289405100,100000003289405100,terminal,0.5,12,0.0107,"Genuine endpoint (depth 2): received 355,000 KZT from 1 payers with 0 outgoing transfers.",1,0,355000.0,0.0,0.00033900466723614563,0.0,2,False,False,False,False,False,
100000002691858100,100000002691858100,terminal,0.5,14,0.0108,"Genuine endpoint (depth 2): received 51,500 KZT from 1 payers with 0 outgoing transfers.",1,0,51500.0,0.0,0.000342382024513619,0.0,2,False,False,False,False,False,
100000007534354100,100000007534354100,peripheral,0.3,13,0.0118,"Peripheral flow node with 4 active links (50,000 KZT in, 147,810 KZT out).",1,3,50000.0,147810.0,0.00030354781418186465,2.9562,2,False,False,False,False,False,-192.0
100000000765628100,100000000765628100,terminal,0.5,2,0.0096,"Genuine endpoint (depth 2): received 5,000 KZT from 1 payers with 0 outgoing transfers.",1,0,5000.0,0.0,0.0003154241694621746,0.0,2,False,False,False,False,False,
100000004962193100,100000004962193100,consolidator,0.5,16,0.0954,"Consolidates from 8 payers (900,468 KZT), forwards only 0% outward to 0 recipients.",8,0,900468.0,0.0,0.0006573150442725716,0.0,2,False,False,False,False,False,
100000005032294100,100000005032294100,terminal,0.5,4,0.013,"Genuine endpoint (depth 2): received 10,000 KZT from 1 payers with 0 outgoing transfers.",1,0,10000.0,0.0,0.00039238727982301855,0.0,2,False,False,False,False,False,
100000001251686100,100000001251686100,terminal,0.5,12,0.0088,"Genuine endpoint (depth 2): received 18,000 KZT from 1 payers with 0 outgoing transfers.",1,0,18000.0,0.0,0.00029656884239999295,0.0,2,False,False,False,False,False,
100000002398779100,100000002398779100,consolidator,0.812,16,0.1924,"Consolidates from 13 payers (1,095,690 KZT), forwards only 6% outward to 1 recipients.",13,1,1095690.0,66000.0,0.0016005031258790245,0.06023601566136407,2,False,False,False,True,False,48.0
100000008512827100,100000008512827100,peripheral,0.3,19,0.0411,"Peripheral flow node with 13 active links (107,949 KZT in, 1,944,500 KZT out).",3,10,107949.0,1944500.0,0.0003352561979240575,18.01313583266172,2,False,False,False,False,False,96.0
100000003943483100,100000003943483100,terminal,0.5,13,0.0102,"Genuine endpoint (depth 2): received 10,000 KZT from 1 payers with 0 outgoing transfers.",1,0,10000.0,0.0,0.0003289649862338494,0.0,2,False,False,False,False,False,
100000005031696100,100000005031696100,peripheral,0.3,12,0.0249,"Peripheral flow node with 3 active links (5,000 KZT in, 115,000 KZT out).",1,2,5000.0,115000.0,0.0005397118809391454,23.0,2,False,False,False,True,True,48.0
100000002703376100,100000002703376100,terminal,0.5,22,0.0087,"Genuine endpoint (depth 2): received 46,501 KZT from 1 payers with 0 outgoing transfers.",1,0,46501.0,0.0,0.00029280302788279564,0.0,2,False,False,False,False,False,
100000003617552100,100000003617552100,terminal,0.5,59,0.02,"Genuine endpoint (depth 2): received 25,000 KZT from 1 payers with 0 outgoing transfers.",1,0,25000.0,0.0,0.0005510452542740759,0.0,2,False,False,False,False,False,
100000007617808100,100000007617808100,terminal,0.5,15,0.0116,"Genuine endpoint (depth 2): received 450,000 KZT from 1 payers with 0 outgoing transfers.",1,0,450000.0,0.0,0.0003601043534538582,0.0,2,False,False,False,False,False,
100000002613776100,100000002613776100,terminal,0.5,0,0.009,"Genuine endpoint (depth 2): received 30,000 KZT from 1 payers with 0 outgoing transfers.",1,0,30000.0,0.0,0.00030148630332664647,0.0,2,False,False,False,False,False,
100000002578405100,100000002578405100,coordinator,1.0,29,0.1562,"High betweenness (0.0002) bridging 118 counterparties across clusters. Volume: 4,308,703 KZT; return cycle detected.",2,116,1200351.0,3108352.0,0.000570007125644813,2.589535894084314,2,False,False,True,False,False,-168.0
100000006161893100,100000006161893100,terminal,0.5,2,0.0191,"Genuine endpoint (depth 2): received 14,000 KZT from 1 payers with 0 outgoing transfers.",1,0,14000.0,0.0,0.0005318535188146678,0.0,2,False,False,False,False,False,
100000002633701100,100000002633701100,terminal,0.5,19,0.0094,"Genuine endpoint (depth 2): received 266,850 KZT from 1 payers with 0 outgoing transfers.",1,0,266850.0,0.0,0.00031067978540157034,0.0,2,False,False,False,False,False,
100000002432143100,100000002432143100,terminal,0.5,12,0.0105,"Genuine endpoint (depth 2): received 81,310 KZT from 1 payers with 0 outgoing transfers.",1,0,81310.0,0.0,0.00033525669770259663,0.0,2,False,False,False,False,False,
100000000490383100,100000000490383100,peripheral,0.3,2,0.0454,"Peripheral flow node with 11 active links (62,600 KZT in, 461,375 KZT out).",3,8,62600.0,461375.0,0.0005480373500605439,7.37020766773163,2,False,False,False,False,True,-96.0
100000005809252100,100000005809252100,terminal,0.5,20,0.0207,"Genuine endpoint (depth 2): received 25,000 KZT from 1 payers with 0 outgoing transfers.",1,0,25000.0,0.0,0.000567128634229815,0.0,2,False,False,False,False,False,
100000006612238100,100000006612238100,peripheral,0.3,33,0.0116,"Peripheral flow node with 2 active links (160,000 KZT in, 25,000 KZT out).",1,1,160000.0,25000.0,0.00033991126391326877,0.15625,2,False,False,True,True,False,0.0
100000002593038100,100000002593038100,terminal,0.5,13,0.0247,"Genuine endpoint (depth 2): received 28,500 KZT from 1 payers with 0 outgoing transfers.",1,0,28500.0,0.0,0.0006586124144995191,0.0,2,False,False,False,False,False,
100000002947299100,100000002947299100,terminal,0.5,12,0.0106,"Genuine endpoint (depth 2): received 85,000 KZT from 1 payers with 0 outgoing transfers.",1,0,85000.0,0.0,0.00033751160508005055,0.0,2,False,False,False,False,False,
100000004336312100,100000004336312100,transit,0.509,26,0.046,"Receives from 3 payers (90,415 KZT), passes through 80% (72,650 KZT) to 2 accounts.",3,2,90415.0,72650.0,0.0006960070275624515,0.8035171155228668,2,False,False,True,False,True,432.0
100000001308856100,100000001308856100,terminal,0.5,33,0.0087,"Genuine endpoint (depth 2): received 27,000 KZT from 1 payers with 0 outgoing transfers.",1,0,27000.0,0.0,0.0002947395016034872,0.0,2,False,False,False,False,False,
100000008238989100,100000008238989100,terminal,0.5,0,0.01,"Genuine endpoint (depth 2): received 200,000 KZT from 1 payers with 0 outgoing transfers.",1,0,200000.0,0.0,0.000323247651083571,0.0,2,False,False,False,False,False,
100000005561741100,100000005561741100,terminal,0.5,17,0.0103,"Genuine endpoint (depth 2): received 25,000 KZT from 1 payers with 0 outgoing transfers.",1,0,25000.0,0.0,0.00032984571931941946,0.0,2,False,False,False,False,False,
100000006248077100,100000006248077100,terminal,0.5,15,0.0087,"Genuine endpoint (depth 2): received 50,000 KZT from 1 payers with 0 outgoing transfers.",1,0,50000.0,0.0,0.00029385096746579835,0.0,2,False,False,False,False,False,
100000000646541100,100000000646541100,terminal,1.0,16,0.0346,"Genuine endpoint (depth 2): received 25,300 KZT from 3 payers with 0 outgoing transfers.",3,0,25300.0,0.0,0.0005058630830440055,0.0,2,False,False,False,False,True,
100000006595426100,100000006595426100,terminal,0.5,16,0.0105,"Genuine endpoint (depth 2): received 84,800 KZT from 1 payers with 0 outgoing transfers.",1,0,84800.0,0.0,0.00033431978040964773,0.0,2,False,False,False,False,False,
100000002956898100,100000002956898100,terminal,0.667,2,0.0207,"Genuine endpoint (depth 2): received 290,240 KZT from 2 payers with 0 outgoing transfers.",2,0,290240.0,0.0,0.00037684131481220104,0.0,2,False,False,False,False,False,
100000001262647100,100000001262647100,terminal,0.5,2,0.0091,"Genuine endpoint (depth 2): received 23,650 KZT from 1 payers with 0 outgoing transfers.",1,0,23650.0,0.0,0.00030339197249201576,0.0,2,False,False,False,False,False,
100000005849100100,100000005849100100,terminal,0.5,12,0.0173,"Genuine endpoint (depth 2): received 33,300 KZT from 1 payers with 0 outgoing transfers.",1,0,33300.0,0.0,0.0004907169210974125,0.0,2,False,False,False,False,False,
100000000533217100,100000000533217100,terminal,0.5,0,0.0244,"Genuine endpoint (depth 2): received 53,587 KZT from 1 payers with 0 outgoing transfers.",1,0,53587.0,0.0,0.0006536029907362595,0.0,2,False,False,False,False,False,
100000002812641100,100000002812641100,peripheral,0.3,17,0.0871,"Peripheral flow node with 2 active links (10,000 KZT in, 7,024 KZT out).",1,1,10000.0,7023.95,0.0020638538513460315,0.702395,2,False,False,True,True,False,24.0
100000008647905100,100000008647905100,peripheral,0.3,5,0.0134,"Peripheral flow node with 3 active links (50,000 KZT in, 344,222 KZT out).",1,2,50000.0,344222.0,0.0003287103258672675,6.88444,2,False,False,False,True,False,24.0
100000002842337100,100000002842337100,terminal,0.5,6,0.0119,"Genuine endpoint (depth 2): received 50,000 KZT from 1 payers with 0 outgoing transfers.",1,0,50000.0,0.0,0.0003666617032550871,0.0,2,False,False,False,False,False,
100000002445750100,100000002445750100,peripheral,0.3,0,0.021,"Peripheral flow node with 2 active links (70,000 KZT in, 10,000 KZT out).",1,1,70000.0,10000.0,0.000537290687034385,0.14285714285714285,2,False,False,False,False,False,-96.0
100000005619339100,100000005619339100,transit,0.779,2,0.0107,"Receives from 1 payers (5,000 KZT), passes through 109% (5,443 KZT) to 1 accounts.",1,1,5000.0,5442.6,0.0003208258534858518,1.0885200000000002,2,False,False,False,False,False,-432.0
100000006844768100,100000006844768100,peripheral,0.3,24,0.0591,"Peripheral flow node with 3 active links (282,000 KZT in, 188,000 KZT out).",1,2,282000.0,188000.0,0.0013707774167539038,0.6666666666666666,2,False,False,True,False,False,72.0
100000002488629100,100000002488629100,terminal,0.5,8,0.0089,"Genuine endpoint (depth 2): received 73,050 KZT from 1 payers with 0 outgoing transfers.",1,0,73050.0,0.0,0.00029941451688253495,0.0,2,False,False,False,False,False,
100000002796853100,100000002796853100,peripheral,0.3,19,0.0892,"Peripheral flow node with 2 active links (199,000 KZT in, 46,168 KZT out).",1,1,199000.0,46167.62,0.002113598432710708,0.23199809045226133,2,False,False,True,True,True,0.0
100000006755850100,100000006755850100,terminal,0.5,24,0.0243,"Genuine endpoint (depth 2): received 443,476 KZT from 1 payers with 0 outgoing transfers.",1,0,443475.8,0.0,0.0006492085817124324,0.0,2,False,False,False,False,False,
100000008733194100,100000008733194100,coordinator,1.0,11,0.0646,"High betweenness (0.0002) bridging 12 counterparties across clusters. Volume: 411,119 KZT; return cycle detected.",4,8,251424.0,159695.0,0.00047072559440912876,0.6351621165839378,2,False,False,True,True,False,0.0
100000001904863100,100000001904863100,terminal,0.5,1,0.0169,"Genuine endpoint (depth 2): received 500,000 KZT from 1 payers with 0 outgoing transfers.",1,0,500000.0,0.0,0.0004817984770777493,0.0,2,False,False,False,False,False,
100000001641951100,100000001641951100,terminal,0.5,12,0.0098,"Genuine endpoint (depth 2): received 25,000 KZT from 1 payers with 0 outgoing transfers.",1,0,25000.0,0.0,0.0003190638874323934,0.0,2,False,False,False,False,True,
100000004816564100,100000004816564100,peripheral,0.3,2,0.0139,"Peripheral flow node with 2 active links (285,480 KZT in, 5,000 KZT out).",1,1,285480.0,5000.0,0.0003763921656189936,0.01751436177665686,2,False,False,False,True,False,24.0
100000002205022100,100000002205022100,peripheral,0.3,15,0.0244,"Peripheral flow node with 4 active links (7,100 KZT in, 518,000 KZT out).",1,3,7100.0,518000.0,0.0005456370301467019,72.95774647887323,2,False,False,False,False,True,-72.0
100000002267998100,100000002267998100,peripheral,0.3,18,0.0784,"Peripheral flow node with 5 active links (420,000 KZT in, 1,115,000 KZT out).",2,3,420000.0,1115000.0,0.0015848317238056795,2.6547619047619047,2,False,False,True,False,False,-168.0
100000002199091100,100000002199091100,terminal,0.5,33,0.0093,"Genuine endpoint (depth 2): received 65,000 KZT from 1 payers with 0 outgoing transfers.",1,0,65000.0,0.0,0.0003076457194062819,0.0,2,False,False,False,False,False,
100000008571443100,100000008571443100,terminal,0.667,16,0.0179,"Genuine endpoint (depth 2): received 65,000 KZT from 2 payers with 0 outgoing transfers.",2,0,65000.0,0.0,0.00031474857317144927,0.0,2,False,False,False,False,False,
100000002742067100,100000002742067100,terminal,0.5,2,0.0085,"Genuine endpoint (depth 2): received 12,730 KZT from 1 payers with 0 outgoing transfers.",1,0,12730.0,0.0,0.0002896192281984583,0.0,2,False,False,False,False,False,
100000003292979100,100000003292979100,terminal,0.5,24,0.0103,"Genuine endpoint (depth 2): received 48,950 KZT from 1 payers with 0 outgoing transfers.",1,0,48950.0,0.0,0.0003303145122730734,0.0,2,False,False,False,False,False,
100000002558173100,100000002558173100,terminal,0.5,14,0.0088,"Genuine endpoint (depth 2): received 9,300 KZT from 1 payers with 0 outgoing transfers.",1,0,9300.0,0.0,0.0002958286804649773,0.0,2,False,False,False,False,False,
100000004687282100,100000004687282100,terminal,0.5,2,0.0104,"Genuine endpoint (depth 2): received 20,000 KZT from 1 payers with 0 outgoing transfers.",1,0,20000.0,0.0,0.0003322717689149048,0.0,2,False,False,False,False,False,
100000003034546100,100000003034546100,terminal,0.5,19,0.0103,"Genuine endpoint (depth 2): received 486,715 KZT from 1 payers with 0 outgoing transfers.",1,0,486715.0,0.0,0.000331369004604237,0.0,2,False,False,False,False,False,
100000003798151100,100000003798151100,terminal,0.5,2,0.021,"Genuine endpoint (depth 2): received 350,000 KZT from 1 payers with 0 outgoing transfers.",1,0,350000.0,0.0,0.0005753929174195443,0.0,2,False,False,False,False,False,
100000008710791100,100000008710791100,coordinator,1.0,19,0.0681,"High betweenness (0.0003) bridging 26 counterparties across clusters. Volume: 5,703,021 KZT.",3,23,181510.0,5521511.0,0.0003342621960762572,30.41987218335078,2,False,False,False,False,False,120.0
100000008688476100,100000008688476100,terminal,0.5,33,0.0087,"Genuine endpoint (depth 2): received 24,000 KZT from 1 payers with 0 outgoing transfers.",1,0,24000.0,0.0,0.0002937205896716876,0.0,2,False,False,False,False,False,
100000003242289100,100000003242289100,coordinator,1.0,22,0.1042,"High betweenness (0.0010) bridging 26 counterparties across clusters. Volume: 2,928,532 KZT; return cycle detected.",3,23,550791.0,2377741.0,0.0004397217042853967,4.316956885642648,2,False,False,True,False,False,-24.0
100000006564102100,100000006564102100,terminal,0.5,12,0.0146,"Genuine endpoint (depth 2): received 233,235 KZT from 1 payers with 0 outgoing transfers.",1,0,233235.0,0.0,0.00042809593979465266,0.0,2,False,False,False,False,False,
100000001526235100,100000001526235100,peripheral,0.3,10,0.0678,"Peripheral flow node with 11 active links (82,000 KZT in, 432,750 KZT out).",3,8,82000.0,432750.0,0.0008778562267377689,5.277439024390244,2,False,False,True,True,False,24.0
100000004398811100,100000004398811100,peripheral,0.3,12,0.0138,"Peripheral flow node with 4 active links (426,000 KZT in, 1,040,672 KZT out).",1,3,426000.0,1040672.0,0.00034969174183991655,2.4428920187793426,2,False,False,False,False,False,-336.0
100000002957787100,100000002957787100,coordinator,1.0,0,0.2802,"High betweenness (0.0043) bridging 38 counterparties across clusters. Volume: 1,361,110 KZT; return cycle detected.",4,34,84956.0,1276153.96,0.0006138323786231608,15.02135175855737,2,False,False,True,True,False,0.0
100000002621915100,100000002621915100,terminal,0.5,2,0.0191,"Genuine endpoint (depth 2): received 5,000 KZT from 1 payers with 0 outgoing transfers.",1,0,5000.0,0.0,0.000532039201173054,0.0,2,False,False,False,False,False,
100000008283183100,100000008283183100,terminal,0.5,33,0.0088,"Genuine endpoint (depth 2): received 29,000 KZT from 1 payers with 0 outgoing transfers.",1,0,29000.0,0.0,0.0002954187762246869,0.0,2,False,False,False,False,False,
100000003843844100,100000003843844100,peripheral,0.3,11,0.0102,"Peripheral flow node with 2 active links (16,680 KZT in, 238,000 KZT out).",1,1,16680.0,238000.0,0.00029174384813368293,14.268585131894485,3,False,False,False,False,False,216.0
100000000954884100,100000000954884100,terminal,0.5,22,0.0095,"Genuine endpoint (depth 3): received 34,000 KZT from 1 payers with 0 outgoing transfers.",1,0,34000.0,0.0,0.00031150191855239327,0.0,3,False,False,False,False,False,
100000005893892100,100000005893892100,terminal,0.5,7,0.0085,"Genuine endpoint (depth 3): received 102,780 KZT from 1 payers with 0 outgoing transfers.",1,0,102780.0,0.0,0.0002889003091286252,0.0,3,False,False,False,False,False,
100000001819396100,100000001819396100,terminal,0.5,21,0.0102,"Genuine endpoint (depth 3): received 166,080 KZT from 1 payers with 0 outgoing transfers.",1,0,166080.0,0.0,0.0003272175623678337,0.0,3,False,False,False,False,False,
100000008472324100,100000008472324100,terminal,0.5,7,0.0086,"Genuine endpoint (depth 3): received 205,200 KZT from 1 payers with 0 outgoing transfers.",1,0,205200.0,0.0,0.0002922196567372928,0.0,3,False,False,False,False,False,
100000002646745100,100000002646745100,terminal,0.5,29,0.0084,"Genuine endpoint (depth 3): received 12,300 KZT from 1 payers with 0 outgoing transfers.",1,0,12300.0,0.0,0.00028748905090124,0.0,3,False,False,False,False,False,
100000008405209100,100000008405209100,terminal,0.5,22,0.0087,"Genuine endpoint (depth 3): received 54,400 KZT from 1 payers with 0 outgoing transfers.",1,0,54400.0,0.0,0.00029413180237518533,0.0,3,False,False,False,False,False,
100000004417753100,100000004417753100,terminal,0.667,16,0.0214,"Genuine endpoint (depth 3): received 192,099 KZT from 2 payers with 0 outgoing transfers.",2,0,192099.0,0.0,0.0003931467756499767,0.0,3,False,False,False,False,False,
100000003457710100,100000003457710100,peripheral,0.3,7,0.0104,"Peripheral flow node with 2 active links (326,555 KZT in, 1,306,000 KZT out).",1,1,326555.0,1306000.0,0.0002961526720570531,3.999326300316945,3,False,False,False,True,False,0.0
100000007333038100,100000007333038100,peripheral,0.3,4,0.0107,"Peripheral flow node with 3 active links (17,500 KZT in, 34,994 KZT out).",1,2,17500.0,34994.0,0.00029968918055683897,1.9996571428571428,3,False,False,False,False,False,-576.0
100000006444163100,100000006444163100,terminal,0.5,16,0.0098,"Genuine endpoint (depth 3): received 6,026 KZT from 1 payers with 0 outgoing transfers.",1,0,6026.0,0.0,0.00031891138227469064,0.0,3,False,False,False,False,False,
100000008706947100,100000008706947100,terminal,0.5,29,0.0085,"Genuine endpoint (depth 3): received 17,200 KZT from 1 payers with 0 outgoing transfers.",1,0,17200.0,0.0,0.000288253832019236,0.0,3,False,False,False,False,False,
100000008761219100,100000008761219100,peripheral,0.3,19,0.0203,"Peripheral flow node with 4 active links (50,000 KZT in, 375,000 KZT out).",2,2,50000.0,375000.0,0.00029284083313645565,7.5,3,False,False,False,True,False,24.0
100000005022552100,100000005022552100,peripheral,0.3,2,0.0124,"Peripheral flow node with 2 active links (241,000 KZT in, 5,000 KZT out).",1,1,241000.0,5000.0,0.00035775639372368753,0.02074688796680498,3,False,False,False,False,False,360.0
100000008735832100,100000008735832100,terminal,0.5,29,0.0085,"Genuine endpoint (depth 3): received 17,600 KZT from 1 payers with 0 outgoing transfers.",1,0,17600.0,0.0,0.00028831626313090915,0.0,3,False,False,False,False,False,
100000005661528100,100000005661528100,terminal,0.5,3,0.0086,"Genuine endpoint (depth 3): received 25,000 KZT from 1 payers with 0 outgoing transfers.",1,0,25000.0,0.0,0.0002910914967995321,0.0,3,False,False,False,False,False,
100000002529880100,100000002529880100,terminal,0.667,19,0.0176,"Genuine endpoint (depth 3): received 147,000 KZT from 2 payers with 0 outgoing transfers.",2,0,147000.0,0.0,0.00030613354851985675,0.0,3,False,False,False,False,False,
100000001969496100,100000001969496100,terminal,0.5,1,0.0086,"Genuine endpoint (depth 3): received 22,740 KZT from 1 payers with 0 outgoing transfers.",1,0,22740.0,0.0,0.0002919967925367141,0.0,3,False,False,False,False,False,
100000003215448100,100000003215448100,peripheral,0.3,20,0.0124,"Peripheral flow node with 3 active links (91,309 KZT in, 124,000 KZT out).",1,2,91309.0,124000.0,0.00030414693187081325,1.3580260434349298,3,False,False,False,False,True,-384.0
100000006894637100,100000006894637100,terminal,0.5,24,0.0085,"Genuine endpoint (depth 3): received 52,831 KZT from 1 payers with 0 outgoing transfers.",1,0,52831.0,0.0,0.0002902544663373193,0.0,3,False,False,False,False,False,
100000002936322100,100000002936322100,terminal,0.667,3,0.0202,"Genuine endpoint (depth 3): received 787,133 KZT from 2 payers with 0 outgoing transfers.",2,0,787133.0,0.0,0.00036638128696323154,0.0,3,False,False,False,False,False,
100000005061890100,100000005061890100,terminal,0.5,16,0.0192,"Genuine endpoint (depth 3): received 90,000 KZT from 1 payers with 0 outgoing transfers.",1,0,90000.0,0.0,0.0005346252088600028,0.0,3,False,False,False,False,False,
100000004017410100,100000004017410100,peripheral,0.3,26,0.0596,"Peripheral flow node with 7 active links (193,650 KZT in, 1,330,915 KZT out).",2,5,193650.0,1330915.0,0.0011315419625793077,6.872785954040795,3,False,False,True,False,False,-432.0
100000002983426100,100000002983426100,terminal,0.5,17,0.0098,"Genuine endpoint (depth 3): received 88,945 KZT from 1 payers with 0 outgoing transfers.",1,0,88945.0,0.0,0.0003187086222678441,0.0,3,False,False,False,False,False,
100000005530114100,100000005530114100,peripheral,0.3,22,0.0269,"Peripheral flow node with 3 active links (136,970 KZT in, 25,000 KZT out).",2,1,136970.0,25000.0,0.000494873801534529,0.1825217200846901,3,False,False,False,True,False,48.0
100000001169666100,100000001169666100,peripheral,0.3,17,0.0115,"Peripheral flow node with 2 active links (220,000 KZT in, 24,000 KZT out).",1,1,220000.0,24000.0,0.0003195447456388584,0.10909090909090909,3,False,False,False,False,False,288.0
100000001784279100,100000001784279100,terminal,0.5,24,0.0085,"Genuine endpoint (depth 3): received 35,674 KZT from 1 payers with 0 outgoing transfers.",1,0,35674.0,0.0,0.00028873294491877093,0.0,3,False,False,False,False,False,
100000008744364100,100000008744364100,terminal,0.5,29,0.0085,"Genuine endpoint (depth 3): received 23,700 KZT from 1 payers with 0 outgoing transfers.",1,0,23700.0,0.0,0.00028926833758392454,0.0,3,False,False,False,False,False,
100000008714412100,100000008714412100,terminal,0.5,17,0.0095,"Genuine endpoint (depth 3): received 169,000 KZT from 1 payers with 0 outgoing transfers.",1,0,169000.0,0.0,0.0003116686182638587,0.0,3,False,False,False,False,False,
100000007754369100,100000007754369100,terminal,0.5,24,0.0087,"Genuine endpoint (depth 3): received 82,424 KZT from 1 payers with 0 outgoing transfers.",1,0,82424.0,0.0,0.00029287884025694984,0.0,3,False,False,False,False,False,
100000003122817100,100000003122817100,terminal,0.5,21,0.0132,"Genuine endpoint (depth 3): received 444,680 KZT from 1 payers with 0 outgoing transfers.",1,0,444680.0,0.0,0.0003970827328082313,0.0,3,False,False,False,False,False,
100000003711830100,100000003711830100,terminal,0.5,20,0.0088,"Genuine endpoint (depth 3): received 50,000 KZT from 1 payers with 0 outgoing transfers.",1,0,50000.0,0.0,0.00029574224412010574,0.0,3,False,False,False,False,False,
100000001110358100,100000001110358100,terminal,0.667,22,0.017,"Genuine endpoint (depth 3): received 32,000 KZT from 2 payers with 0 outgoing transfers.",2,0,32000.0,0.0,0.00029298593062142844,0.0,3,False,False,False,False,False,
100000006530134100,100000006530134100,terminal,0.667,0,0.0173,"Genuine endpoint (depth 3): received 144,663 KZT from 2 payers with 0 outgoing transfers.",2,0,144663.0,0.0,0.0002990877788977742,0.0,3,False,False,False,False,False,
100000001639766100,100000001639766100,terminal,0.5,8,0.0243,"Genuine endpoint (depth 3): received 20,000 KZT from 1 payers with 0 outgoing transfers.",1,0,20000.0,0.0,0.0006506628579150655,0.0,3,False,False,False,False,False,
100000003242795100,100000003242795100,terminal,0.5,7,0.0085,"Genuine endpoint (depth 3): received 111,000 KZT from 1 payers with 0 outgoing transfers.",1,0,111000.0,0.0,0.00028916671253951414,0.0,3,False,False,False,False,False,
100000004970752100,100000004970752100,terminal,0.5,0,0.0284,"Genuine endpoint (depth 3): received 10,000 KZT from 1 payers with 0 outgoing transfers.",1,0,10000.0,0.0,0.0007428614561261708,0.0,3,False,False,False,False,False,
100000004564736100,100000004564736100,terminal,0.5,18,0.0123,"Genuine endpoint (depth 3): received 15,000 KZT from 1 payers with 0 outgoing transfers.",1,0,15000.0,0.0,0.00037675536447064306,0.0,3,False,False,False,False,False,
100000005873152100,100000005873152100,transit,1.0,24,0.0172,"Receives from 1 payers (10,000 KZT), passes through 100% (10,000 KZT) to 1 accounts.",1,1,10000.0,10000.0,0.0004674555308962058,1.0,3,False,False,True,False,False,-48.0
100000001637376100,100000001637376100,peripheral,0.3,7,0.0101,"Peripheral flow node with 2 active links (116,700 KZT in, 234,250 KZT out).",1,1,116700.0,234250.0,0.0002893514448317364,2.0072836332476434,3,False,False,False,False,False,-168.0
100000006710485100,100000006710485100,terminal,0.5,29,0.0085,"Genuine endpoint (depth 3): received 20,000 KZT from 1 payers with 0 outgoing transfers.",1,0,20000.0,0.0,0.000288690849800948,0.0,3,False,False,False,False,False,
100000003582677100,100000003582677100,coordinator,1.0,16,0.0315,"High betweenness (0.0002) bridging 6 counterparties across clusters. Volume: 85,757 KZT; return cycle detected.",2,4,29756.989999999998,56000.0,0.00029329270913900144,1.881910771217116,3,False,False,True,False,True,216.0
100000008713685100,100000008713685100,terminal,0.5,29,0.0087,"Genuine endpoint (depth 3): received 49,700 KZT from 1 payers with 0 outgoing transfers.",1,0,49700.0,0.0,0.0002933263598426788,0.0,3,False,False,False,False,False,
100000008070101100,100000008070101100,terminal,0.5,19,0.0086,"Genuine endpoint (depth 3): received 100,000 KZT from 1 payers with 0 outgoing transfers.",1,0,100000.0,0.0,0.00029258785293762344,0.0,3,False,False,False,False,False,
100000004475818100,100000004475818100,peripheral,0.3,14,0.0147,"Peripheral flow node with 4 active links (13,000 KZT in, 53,989 KZT out).",1,3,13000.0,53989.0,0.0003098079503095039,4.153,3,False,False,True,True,False,0.0
100000007197866100,100000007197866100,peripheral,0.3,20,0.0101,"Peripheral flow node with 2 active links (20,000 KZT in, 15,000 KZT out).",1,1,20000.0,15000.0,0.0002896384741784168,0.75,3,False,False,False,True,False,0.0
100000006965162100,100000006965162100,terminal,0.5,26,0.0094,"Genuine endpoint (depth 3): received 10,000 KZT from 1 payers with 0 outgoing transfers.",1,0,10000.0,0.0,0.0003092890887695541,0.0,3,False,False,False,False,False,
100000005995391100,100000005995391100,terminal,0.5,29,0.0085,"Genuine endpoint (depth 3): received 17,200 KZT from 1 payers with 0 outgoing transfers.",1,0,17200.0,0.0,0.000288253832019236,0.0,3,False,False,False,False,False,
100000003834495100,100000003834495100,peripheral,0.3,24,0.0407,"Peripheral flow node with 4 active links (602,441 KZT in, 20,000 KZT out).",3,1,602441.0,20000.0,0.0006208601664329539,0.0331982716979754,3,False,False,False,False,False,576.0
100000001223977100,100000001223977100,peripheral,0.3,12,0.011,"Peripheral flow node with 2 active links (5,000 KZT in, 18,000 KZT out).",1,1,5000.0,18000.0,0.00030554127989763816,3.6,3,False,False,False,False,False,456.0
100000001046057100,100000001046057100,terminal,0.5,19,0.0098,"Genuine endpoint (depth 3): received 83,420 KZT from 1 payers with 0 outgoing transfers.",1,0,83420.0,0.0,0.00031851488108134123,0.0,3,False,False,False,False,False,
100000002989353100,100000002989353100,peripheral,0.3,1,0.0112,"Peripheral flow node with 3 active links (500,000 KZT in, 321,160 KZT out).",1,2,500000.0,321160.0,0.00030938521828855235,0.64232,3,False,False,False,False,False,120.0
100000006714366100,100000006714366100,peripheral,0.3,11,0.0101,"Peripheral flow node with 2 active links (10,500 KZT in, 5,000 KZT out).",1,1,10500.0,5000.0,0.0002894561536970341,0.47619047619047616,3,False,False,False,True,False,0.0
100000001063678100,100000001063678100,peripheral,0.3,18,0.0134,"Peripheral flow node with 3 active links (35,000 KZT in, 90,000 KZT out).",1,2,35000.0,90000.0,0.00032774872839870327,2.5714285714285716,3,False,False,False,True,False,48.0
100000004889043100,100000004889043100,terminal,0.667,16,0.0172,"Genuine endpoint (depth 3): received 272,000 KZT from 2 payers with 0 outgoing transfers.",2,0,272000.0,0.0,0.0002984972459578193,0.0,3,False,False,False,False,False,
100000002984403100,100000002984403100,peripheral,0.3,10,0.0115,"Peripheral flow node with 2 active links (20,000 KZT in, 25,000 KZT out).",1,1,20000.0,25000.0,0.00032010276016592864,1.25,3,False,False,False,False,False,-120.0
100000003951827100,100000003951827100,peripheral,0.3,16,0.0101,"Peripheral flow node with 3 active links (9,000 KZT in, 17,000 KZT out).",1,2,9000.0,17000.0,0.0002860761739207681,1.8888888888888888,3,False,False,False,False,True,120.0
100000000933075100,100000000933075100,peripheral,0.3,13,0.0338,"Peripheral flow node with 3 active links (40,000 KZT in, 55,000 KZT out).",1,2,40000.0,55000.0,0.0008086964755110838,1.375,3,False,False,True,True,False,0.0
100000008502995100,100000008502995100,terminal,0.5,15,0.0277,"Genuine endpoint (depth 3): received 25,000 KZT from 1 payers with 0 outgoing transfers.",1,0,25000.0,0.0,0.0007270949451502088,0.0,3,False,False,False,False,False,
100000008086440100,100000008086440100,transit,0.519,24,0.019,"Receives from 1 payers (199,733 KZT), passes through 81% (161,300 KZT) to 5 accounts.",1,5,199733.0,161300.0,0.0003376739457034379,0.8075781167859092,3,False,False,True,False,False,-216.0
100000008465789100,100000008465789100,coordinator,1.0,19,0.0635,"High betweenness (0.0008) bridging 17 counterparties across clusters. Volume: 1,888,199 KZT; return cycle detected.",1,16,30099.0,1858100.0,0.0002898880397943201,61.732947938469714,3,False,False,True,False,False,-48.0
100000002550141100,100000002550141100,terminal,0.5,3,0.0093,"Genuine endpoint (depth 3): received 100,586 KZT from 1 payers with 0 outgoing transfers.",1,0,100586.0,0.0,0.0003077875449747836,0.0,3,False,False,False,False,False,
100000008739887100,100000008739887100,peripheral,0.3,20,0.022,"Peripheral flow node with 4 active links (214,000 KZT in, 307,000 KZT out).",2,2,214000.0,307000.0,0.0003333006339697427,1.4345794392523366,3,False,False,False,False,False,120.0
100000008532050100,100000008532050100,terminal,0.5,7,0.009,"Genuine endpoint (depth 3): received 455,156 KZT from 1 payers with 0 outgoing transfers.",1,0,455156.0,0.0,0.0003003205242521543,0.0,3,False,False,False,False,False,
100000008422226100,100000008422226100,terminal,0.5,16,0.0085,"Genuine endpoint (depth 3): received 87,450 KZT from 1 payers with 0 outgoing transfers.",1,0,87450.0,0.0,0.0002904944753360778,0.0,3,False,False,False,False,False,
100000002369874100,100000002369874100,terminal,1.0,19,0.0356,"Genuine endpoint (depth 3): received 600,000 KZT from 4 payers with 0 outgoing transfers.",4,0,600000.0,0.0,0.0003373478549116593,0.0,3,False,False,False,False,False,
100000003321895100,100000003321895100,peripheral,0.3,2,0.0127,"Peripheral flow node with 3 active links (24,000 KZT in, 553,830 KZT out).",1,2,24000.0,553830.0,0.00031125966376989726,23.07625,3,False,False,False,False,False,-96.0
100000001875239100,100000001875239100,terminal,1.0,19,0.0271,"Genuine endpoint (depth 3): received 712,000 KZT from 3 payers with 0 outgoing transfers.",3,0,712000.0,0.0,0.00033397863057687676,0.0,3,False,False,False,False,False,
100000002216999100,100000002216999100,terminal,0.5,29,0.0085,"Genuine endpoint (depth 3): received 23,677 KZT from 1 payers with 0 outgoing transfers.",1,0,23677.0,0.0,0.0002892647477950034,0.0,3,False,False,False,False,False,
100000002653948100,100000002653948100,terminal,0.5,7,0.0085,"Genuine endpoint (depth 3): received 85,200 KZT from 1 payers with 0 outgoing transfers.",1,0,85200.0,0.0,0.0002883305558484028,0.0,3,False,False,False,False,False,
100000008632060100,100000008632060100,coordinator,1.0,16,0.0427,"High betweenness (0.0005) bridging 10 counterparties across clusters. Volume: 345,200 KZT; return cycle detected.",1,9,6000.0,339200.0,0.0002880256481640291,56.53333333333333,3,False,False,True,False,False,-120.0
100000008746449100,100000008746449100,peripheral,0.3,19,0.0235,"Peripheral flow node with 11 active links (10,000 KZT in, 1,009,000 KZT out).",1,10,10000.0,1009000.0,0.00028700414108164825,100.9,3,False,False,False,False,False,72.0
100000003031761100,100000003031761100,terminal,0.5,3,0.0098,"Genuine endpoint (depth 3): received 460,408 KZT from 1 payers with 0 outgoing transfers.",1,0,460408.0,0.0,0.0003183607828225481,0.0,3,False,False,False,False,False,
100000008388049100,100000008388049100,terminal,0.5,1,0.0094,"Genuine endpoint (depth 3): received 496,400 KZT from 1 payers with 0 outgoing transfers.",1,0,496400.0,0.0,0.00030921374363523924,0.0,3,False,False,False,False,False,
100000002677201100,100000002677201100,peripheral,0.3,19,0.0111,"Peripheral flow node with 2 active links (150,000 KZT in, 87,750 KZT out).",1,1,150000.0,87750.0,0.00030890584852738594,0.585,3,False,False,False,False,False,216.0
100000002901457100,100000002901457100,peripheral,0.3,12,0.0178,"Peripheral flow node with 4 active links (340,000 KZT in, 119,000 KZT out).",1,3,340000.0,119000.0,0.00037426561132708236,0.35,3,False,False,False,False,False,-144.0
100000001160401100,100000001160401100,terminal,0.5,0,0.0092,"Genuine endpoint (depth 3): received 47,190 KZT from 1 payers with 0 outgoing transfers.",1,0,47190.0,0.0,0.00030488851800838674,0.0,3,False,False,False,False,False,
100000002842321100,100000002842321100,terminal,0.5,7,0.0086,"Genuine endpoint (depth 3): received 160,000 KZT from 1 payers with 0 outgoing transfers.",1,0,160000.0,0.0,0.00029075476206914423,0.0,3,False,False,False,False,False,
100000002547110100,100000002547110100,terminal,1.0,19,0.0616,"Genuine endpoint (depth 3): received 1,500,000 KZT from 6 payers with 0 outgoing transfers.",6,0,1500000.0,0.0,0.0005516278220472679,0.0,3,False,False,False,False,False,
100000001600934100,100000001600934100,peripheral,0.3,20,0.1003,"Peripheral flow node with 2 active links (180,300 KZT in, 11,000 KZT out).",1,1,180300.0,11000.0,0.0023668517583921712,0.06100942872989462,3,False,False,True,False,False,432.0
100000002818726100,100000002818726100,terminal,0.5,11,0.0085,"Genuine endpoint (depth 3): received 10,879 KZT from 1 payers with 0 outgoing transfers.",1,0,10879.0,0.0,0.0002895964508153981,0.0,3,False,False,False,False,False,
100000008712827100,100000008712827100,terminal,0.5,29,0.0089,"Genuine endpoint (depth 3): received 76,000 KZT from 1 payers with 0 outgoing transfers.",1,0,76000.0,0.0,0.0002974312054351879,0.0,3,False,False,False,False,False,
100000008259451100,100000008259451100,terminal,0.5,1,0.009,"Genuine endpoint (depth 3): received 55,000 KZT from 1 payers with 0 outgoing transfers.",1,0,55000.0,0.0,0.0003011151344797481,0.0,3,False,False,False,False,False,
100000003060517100,100000003060517100,terminal,0.5,20,0.0117,"Genuine endpoint (depth 3): received 315,955 KZT from 1 payers with 0 outgoing transfers.",1,0,315955.0,0.0,0.00036188349261669046,0.0,3,False,False,False,False,False,
100000002621434100,100000002621434100,terminal,0.5,19,0.0085,"Genuine endpoint (depth 3): received 81,000 KZT from 1 payers with 0 outgoing transfers.",1,0,81000.0,0.0,0.0002897423900896509,0.0,3,False,False,False,False,False,
100000001860090100,100000001860090100,terminal,0.5,8,0.0124,"Genuine endpoint (depth 3): received 5,000 KZT from 1 payers with 0 outgoing transfers.",1,0,5000.0,0.0,0.00037803658179597294,0.0,3,False,False,False,False,False,
100000004689658100,100000004689658100,peripheral,0.3,3,0.0144,"Peripheral flow node with 2 active links (456,100 KZT in, 7,092 KZT out).",1,1,456100.0,7092.0,0.0003863163581277,0.015549221661916246,3,False,False,False,False,False,-24.0
100000003486970100,100000003486970100,terminal,0.5,7,0.0085,"Genuine endpoint (depth 3): received 150,000 KZT from 1 payers with 0 outgoing transfers.",1,0,150000.0,0.0,0.00029043067032840335,0.0,3,False,False,False,False,False,
100000004659919100,100000004659919100,peripheral,0.3,12,0.0294,"Peripheral flow node with 2 active links (110,000 KZT in, 39,000 KZT out).",1,1,110000.0,39000.0,0.0007249529791849307,0.35454545454545455,3,False,False,False,False,False,336.0
100000006111439100,100000006111439100,transit,0.583,16,0.0326,"Receives from 3 payers (20,570 KZT), passes through 117% (24,000 KZT) to 4 accounts.",3,4,20570.0,24000.0,0.00036550170106991627,1.166747690811862,3,False,False,True,False,True,216.0
100000002521039100,100000002521039100,terminal,0.5,16,0.0092,"Genuine endpoint (depth 3): received 349,370 KZT from 1 payers with 0 outgoing transfers.",1,0,349370.0,0.0,0.00030524580110660585,0.0,3,False,False,False,False,False,
100000008493007100,100000008493007100,transit,1.0,27,0.0094,"Receives from 1 payers (26,150 KZT), passes through 100% (26,150 KZT) to 1 accounts. Rapid turnaround (24h).",1,1,26150.0,26150.0,0.0002896507281429226,1.0,3,False,False,False,True,False,24.0
100000007793871100,100000007793871100,terminal,0.5,17,0.0259,"Genuine endpoint (depth 3): received 26,000 KZT from 1 payers with 0 outgoing transfers.",1,0,26000.0,0.0,0.0006872267875117614,0.0,3,False,False,False,False,True,
100000001650895100,100000001650895100,peripheral,0.3,17,0.0111,"Peripheral flow node with 2 active links (153,500 KZT in, 10,000 KZT out).",1,1,153500.0,10000.0,0.00030927489327733915,0.06514657980456026,3,False,False,False,False,False,-216.0
100000002567887100,100000002567887100,terminal,0.5,7,0.0084,"Genuine endpoint (depth 3): received 50,915 KZT from 1 payers with 0 outgoing transfers.",1,0,50915.0,0.0,0.00028721940731527283,0.0,3,False,False,False,False,False,
100000008055972100,100000008055972100,terminal,0.5,29,0.0085,"Genuine endpoint (depth 3): received 28,300 KZT from 1 payers with 0 outgoing transfers.",1,0,28300.0,0.0,0.0002899862953681657,0.0,3,False,False,False,False,False,
100000008684452100,100000008684452100,terminal,0.5,29,0.0087,"Genuine endpoint (depth 3): received 51,800 KZT from 1 payers with 0 outgoing transfers.",1,0,51800.0,0.0,0.0002936541231789628,0.0,3,False,False,False,False,False,
100000000764836100,100000000764836100,peripheral,0.3,20,0.0138,"Peripheral flow node with 3 active links (251,716 KZT in, 50,000 KZT out).",1,2,251716.0,50000.0,0.00033678317937202955,0.1986365586613485,3,False,False,False,False,False,-216.0
100000003072676100,100000003072676100,terminal,0.5,20,0.0087,"Genuine endpoint (depth 3): received 31,545 KZT from 1 payers with 0 outgoing transfers.",1,0,31545.0,0.0,0.00029318851653853617,0.0,3,False,False,False,False,False,
100000008757369100,100000008757369100,peripheral,0.3,24,0.01,"Peripheral flow node with 2 active links (25,961 KZT in, 58,398 KZT out).",1,1,25961.0,58398.0,0.0002878715741932152,2.249451099726513,3,False,False,False,False,False,-24.0
100000007618425100,100000007618425100,terminal,0.5,20,0.0087,"Genuine endpoint (depth 3): received 39,348 KZT from 1 payers with 0 outgoing transfers.",1,0,39348.0,0.0,0.0002950732143281281,0.0,3,False,False,False,False,False,
100000004671609100,100000004671609100,terminal,0.5,19,0.009,"Genuine endpoint (depth 3): received 100,000 KZT from 1 payers with 0 outgoing transfers.",1,0,100000.0,0.0,0.00030024211151879094,0.0,3,False,False,False,False,False,
100000004676985100,100000004676985100,transit,0.6,16,0.01,"Receives from 1 payers (32,260 KZT), passes through 84% (27,102 KZT) to 1 accounts.",1,1,32260.0,27102.0,0.0002873861763544214,0.8401115933044018,3,False,False,False,False,False,72.0
100000002531406100,100000002531406100,transit,0.904,3,0.0108,"Receives from 1 payers (520,000 KZT), passes through 96% (500,000 KZT) to 1 accounts.",1,1,520000.0,500000.0,0.0003226050843745726,0.9615384615384616,3,False,False,False,False,False,-24.0
100000002877262100,100000002877262100,terminal,0.5,19,0.009,"Genuine endpoint (depth 3): received 100,000 KZT from 1 payers with 0 outgoing transfers.",1,0,100000.0,0.0,0.00029991776286086456,0.0,3,False,False,False,False,False,
100000007591246100,100000007591246100,peripheral,0.3,2,0.0098,"Peripheral flow node with 2 active links (12,190 KZT in, 120,000 KZT out).",1,1,12190.0,120000.0,0.00029789309382384895,9.844134536505333,3,False,False,False,False,False,-144.0
100000008712184100,100000008712184100,terminal,0.5,29,0.0085,"Genuine endpoint (depth 3): received 18,000 KZT from 1 payers with 0 outgoing transfers.",1,0,18000.0,0.0,0.0002883786942425823,0.0,3,False,False,False,False,False,
100000002975437100,100000002975437100,peripheral,0.3,9,0.0195,"Peripheral flow node with 2 active links (530,000 KZT in, 8,500 KZT out).",1,1,530000.0,8500.0,0.0005210057143091022,0.016037735849056604,3,False,False,True,False,False,-96.0
100000005008589100,100000005008589100,terminal,0.5,0,0.0091,"Genuine endpoint (depth 3): received 42,807 KZT from 1 payers with 0 outgoing transfers.",1,0,42806.68,0.0,0.00030309402044475066,0.0,3,False,False,False,False,False,
100000000782285100,100000000782285100,terminal,0.5,16,0.0098,"Genuine endpoint (depth 3): received 6,151 KZT from 1 payers with 0 outgoing transfers.",1,0,6151.0,0.0,0.0003196030120468737,0.0,3,False,False,False,False,False,
100000005198498100,100000005198498100,terminal,0.5,29,0.0085,"Genuine endpoint (depth 3): received 28,800 KZT from 1 payers with 0 outgoing transfers.",1,0,28800.0,0.0,0.00029006433425775714,0.0,3,False,False,False,False,False,
100000008517538100,100000008517538100,distributor,0.567,19,0.0502,"Distributes 1,439,000 KZT outward to 17 distinct recipient accounts across the network.",3,17,155500.0,1439000.0,0.00030701646079282416,9.254019292604502,3,False,False,False,True,False,48.0
100000005756535100,100000005756535100,terminal,0.5,33,0.0195,"Genuine endpoint (depth 3): received 20,000 KZT from 1 payers with 0 outgoing transfers.",1,0,20000.0,0.0,0.0005415991635083555,0.0,3,False,False,False,False,False,
100000004917367100,100000004917367100,terminal,0.667,20,0.017,"Genuine endpoint (depth 3): received 120,000 KZT from 2 payers with 0 outgoing transfers.",2,0,120000.0,0.0,0.0002940276420429223,0.0,3,False,False,False,False,False,
100000001222263100,100000001222263100,peripheral,0.3,7,0.011,"Peripheral flow node with 2 active links (745,570 KZT in, 420,000 KZT out).",1,1,745570.0,420000.0,0.0003097326021317051,0.5633273870998028,3,False,False,False,False,False,-288.0
100000001149815100,100000001149815100,terminal,0.5,29,0.0084,"Genuine endpoint (depth 3): received 12,000 KZT from 1 payers with 0 outgoing transfers.",1,0,12000.0,0.0,0.00028744222756748515,0.0,3,False,False,False,False,False,
100000006020215100,100000006020215100,transit,0.683,2,0.0129,"Receives from 1 payers (30,000 KZT), passes through 113% (33,800 KZT) to 2 accounts.",1,2,30000.0,33800.0,0.00029667460701655716,1.1266666666666667,3,False,False,False,False,False,-240.0
100000000673868100,100000000673868100,peripheral,0.3,25,0.0531,"Peripheral flow node with 6 active links (2,030,650 KZT in, 383,000 KZT out).",1,5,2030650.0,383000.0,0.0011728050936714379,0.18860955851574618,3,False,False,True,False,False,-24.0
100000008749900100,100000008749900100,terminal,0.5,29,0.0085,"Genuine endpoint (depth 3): received 17,150 KZT from 1 payers with 0 outgoing transfers.",1,0,17150.0,0.0,0.00028824602813027684,0.0,3,False,False,False,False,False,
100000002862113100,100000002862113100,terminal,0.5,1,0.0089,"Genuine endpoint (depth 3): received 47,405 KZT from 1 payers with 0 outgoing transfers.",1,0,47405.0,0.0,0.00029896839526532333,0.0,3,False,False,False,False,False,
100000001066017100,100000001066017100,peripheral,0.3,20,0.0238,"Peripheral flow node with 6 active links (136,123 KZT in, 82,500 KZT out).",2,4,136123.0,82500.0,0.0003012384075340412,0.6060695106631503,3,False,False,False,False,False,312.0
100000008436257100,100000008436257100,terminal,0.667,22,0.0171,"Genuine endpoint (depth 3): received 35,000 KZT from 2 payers with 0 outgoing transfers.",2,0,35000.0,0.0,0.0002945798149854981,0.0,3,False,False,False,False,False,
100000003016438100,100000003016438100,peripheral,0.3,19,0.0114,"Peripheral flow node with 2 active links (200,000 KZT in, 300,000 KZT out).",1,1,200000.0,300000.0,0.00031668469996408427,1.5,3,False,False,False,False,False,-216.0
100000002534091100,100000002534091100,terminal,0.5,16,0.0088,"Genuine endpoint (depth 3): received 22,200 KZT from 1 payers with 0 outgoing transfers.",1,0,22200.0,0.0,0.00029636616273709014,0.0,3,False,False,False,False,False,
100000006882208100,100000006882208100,terminal,0.5,2,0.0239,"Genuine endpoint (depth 3): received 18,000 KZT from 1 payers with 0 outgoing transfers.",1,0,18000.0,0.0,0.0006403184460375346,0.0,3,False,False,False,False,False,
100000005362848100,100000005362848100,terminal,0.5,17,0.0088,"Genuine endpoint (depth 3): received 29,000 KZT from 1 payers with 0 outgoing transfers.",1,0,29000.0,0.0,0.000296374179410006,0.0,3,False,False,False,False,False,
100000001073568100,100000001073568100,peripheral,0.3,1,0.0196,"Peripheral flow node with 3 active links (707,465 KZT in, 219,503 KZT out).",1,2,707465.0,219503.0,0.000485535437513278,0.31026693900051594,3,False,False,False,True,False,0.0
100000008687733100,100000008687733100,terminal,0.5,29,0.0084,"Genuine endpoint (depth 3): received 14,650 KZT from 1 payers with 0 outgoing transfers.",1,0,14650.0,0.0,0.00028785583368231974,0.0,3,False,False,False,False,False,
100000007229557100,100000007229557100,terminal,1.0,19,0.0298,"Genuine endpoint (depth 3): received 878,000 KZT from 3 payers with 0 outgoing transfers.",3,0,878000.0,0.0,0.00039420933069834964,0.0,3,False,False,False,False,False,
100000001052789100,100000001052789100,terminal,0.5,5,0.0089,"Genuine endpoint (depth 3): received 70,975 KZT from 1 payers with 0 outgoing transfers.",1,0,70975.0,0.0,0.00029770710734911807,0.0,3,False,False,False,False,False,
100000006967370100,100000006967370100,peripheral,0.3,20,0.0103,"Peripheral flow node with 2 active links (33,225 KZT in, 13,526 KZT out).",1,1,33225.0,13526.27,0.0002935942953782791,0.40711121143717083,3,False,False,False,True,False,0.0
100000001837130100,100000001837130100,terminal,0.5,24,0.009,"Genuine endpoint (depth 3): received 172,900 KZT from 1 payers with 0 outgoing transfers.",1,0,172900.0,0.0,0.000300902455799561,0.0,3,False,False,False,False,False,
100000005820746100,100000005820746100,peripheral,0.3,23,0.04,"Peripheral flow node with 2 active links (1,989,000 KZT in, 60,000 KZT out).",1,1,1989000.0,60000.0,0.0009894619054566852,0.030165912518853696,3,False,False,True,False,False,96.0
100000002883402100,100000002883402100,terminal,1.0,1,0.0257,"Genuine endpoint (depth 3): received 300,000 KZT from 3 payers with 0 outgoing transfers.",3,0,300000.0,0.0,0.0003006570717458922,0.0,3,False,False,False,False,False,
100000008582730100,100000008582730100,transit,1.0,0,0.0358,"Receives from 1 payers (5,000 KZT), passes through 100% (5,000 KZT) to 1 accounts. Rapid turnaround (0h).",1,1,5000.0,5000.0,0.0008925911171850298,1.0,3,False,False,True,True,False,0.0
100000003116106100,100000003116106100,terminal,0.5,7,0.009,"Genuine endpoint (depth 3): received 494,050 KZT from 1 payers with 0 outgoing transfers.",1,0,494050.0,0.0,0.0003015810466685917,0.0,3,False,False,False,False,False,
100000001818442100,100000001818442100,terminal,0.5,17,0.009,"Genuine endpoint (depth 3): received 42,215 KZT from 1 payers with 0 outgoing transfers.",1,0,42215.0,0.0,0.00030129785381765185,0.0,3,False,False,False,False,False,
100000008690762100,100000008690762100,terminal,0.5,29,0.0085,"Genuine endpoint (depth 3): received 26,750 KZT from 1 payers with 0 outgoing transfers.",1,0,26750.0,0.0,0.00028974437481043224,0.0,3,False,False,False,False,False,
100000008712991100,100000008712991100,terminal,0.5,29,0.0088,"Genuine endpoint (depth 3): received 66,100 KZT from 1 payers with 0 outgoing transfers.",1,0,66100.0,0.0,0.00029588603542127765,0.0,3,False,False,False,False,False,
100000003292191100,100000003292191100,terminal,0.5,19,0.0089,"Genuine endpoint (depth 3): received 112,000 KZT from 1 payers with 0 outgoing transfers.",1,0,112000.0,0.0,0.0002996284816997216,0.0,3,False,False,False,False,False,
100000005367284100,100000005367284100,peripheral,0.3,20,0.0117,"Peripheral flow node with 3 active links (13,700 KZT in, 48,300 KZT out).",1,2,13700.0,48300.0,0.00028914323405377366,3.5255474452554743,3,False,False,False,False,True,-120.0
100000003216073100,100000003216073100,peripheral,0.3,3,0.0093,"Peripheral flow node with 2 active links (37,001 KZT in, 70,000 KZT out).",1,1,37001.0,70000.0,0.0002882046043550016,1.891840761060512,3,False,False,False,False,False,72.0
100000006169033100,100000006169033100,peripheral,0.3,16,0.0182,"Peripheral flow node with 4 active links (49,000 KZT in, 1,140,271 KZT out).",1,3,49000.0,1140271.0,0.00041804163396876693,23.270836734693876,3,False,False,True,False,False,-240.0
100000004407753100,100000004407753100,peripheral,0.3,26,0.0352,"Peripheral flow node with 2 active links (250,000 KZT in, 100,000 KZT out).",1,1,250000.0,100000.0,0.0008785641580238728,0.4,3,False,False,True,True,False,48.0
100000004420041100,100000004420041100,peripheral,0.3,13,0.021,"Peripheral flow node with 8 active links (69,638 KZT in, 651,830 KZT out).",1,7,69638.0,651830.0,0.00029973777192393526,9.360263074758034,3,False,False,False,False,False,-720.0
100000004715209100,100000004715209100,peripheral,0.3,19,0.0158,"Peripheral flow node with 6 active links (5,000 KZT in, 350,450 KZT out).",1,5,5000.0,350450.0,0.0002875439757603291,70.09,3,False,False,True,False,True,-288.0
100000004580254100,100000004580254100,terminal,0.667,8,0.0178,"Genuine endpoint (depth 3): received 27,940 KZT from 2 payers with 0 outgoing transfers.",2,0,27940.0,0.0,0.0003122789899791896,0.0,3,False,False,False,False,False,
100000001056414100,100000001056414100,terminal,0.5,1,0.0089,"Genuine endpoint (depth 3): received 250,000 KZT from 1 payers with 0 outgoing transfers.",1,0,250000.0,0.0,0.0002974772562529216,0.0,3,False,False,False,False,False,
100000008686494100,100000008686494100,terminal,0.5,29,0.0084,"Genuine endpoint (depth 3): received 15,700 KZT from 1 payers with 0 outgoing transfers.",1,0,15700.0,0.0,0.00028801971535046174,0.0,3,False,False,False,False,False,
100000002822472100,100000002822472100,terminal,0.667,1,0.0178,"Genuine endpoint (depth 3): received 266,722 KZT from 2 payers with 0 outgoing transfers.",2,0,266722.0,0.0,0.00031223557685989975,0.0,3,False,False,False,False,False,
100000001831496100,100000001831496100,peripheral,0.3,1,0.0096,"Peripheral flow node with 2 active links (25,000 KZT in, 373,000 KZT out).",1,1,25000.0,373000.0,0.0002926355852456805,14.92,3,False,False,False,False,False,432.0
100000008732488100,100000008732488100,peripheral,0.3,20,0.0112,"Peripheral flow node with 2 active links (137,000 KZT in, 10,000 KZT out).",1,1,137000.0,10000.0,0.0003134431769510035,0.072992700729927,3,False,False,False,True,False,0.0
100000004007197100,100000004007197100,terminal,0.5,37,0.0084,"Genuine endpoint (depth 3): received 10,048 KZT from 1 payers with 0 outgoing transfers.",1,0,10048.0,0.0,0.00028768870831810195,0.0,3,False,False,False,False,False,
100000002815005100,100000002815005100,terminal,0.5,19,0.0098,"Genuine endpoint (depth 3): received 476,500 KZT from 1 payers with 0 outgoing transfers.",1,0,476500.0,0.0,0.00031901272651967556,0.0,3,False,False,False,False,False,
100000005756189100,100000005756189100,peripheral,0.3,7,0.01,"Peripheral flow node with 2 active links (65,000 KZT in, 49,050 KZT out).",1,1,65000.0,49050.0,0.0002876758905321063,0.7546153846153846,3,False,False,False,True,False,0.0
100000004877085100,100000004877085100,peripheral,0.3,11,0.0136,"Peripheral flow node with 4 active links (25,000 KZT in, 95,600 KZT out).",1,3,25000.0,95600.0,0.00029482372155001277,3.824,3,False,False,False,False,True,-120.0
100000002713074100,100000002713074100,peripheral,0.3,20,0.0248,"Peripheral flow node with 3 active links (700,000 KZT in, 430,000 KZT out).",2,1,700000.0,430000.0,0.00043360981661775996,0.6142857142857143,3,False,False,False,False,False,288.0
100000002356167100,100000002356167100,peripheral,0.3,7,0.012,"Peripheral flow node with 3 active links (300,000 KZT in, 29,500 KZT out).",1,2,300000.0,29500.0,0.0002952920464395158,0.09833333333333333,3,False,False,False,True,True,0.0
100000004140487100,100000004140487100,coordinator,1.0,16,0.0343,"High betweenness (0.0003) bridging 11 counterparties across clusters. Volume: 287,110 KZT; return cycle detected.",1,10,24510.0,262600.0,0.000289427144859754,10.713994288045695,3,False,False,True,True,True,0.0
100000003147719100,100000003147719100,terminal,0.5,19,0.0086,"Genuine endpoint (depth 3): received 100,000 KZT from 1 payers with 0 outgoing transfers.",1,0,100000.0,0.0,0.00029072126443008105,0.0,3,False,False,False,False,False,
100000008745884100,100000008745884100,terminal,0.5,29,0.0085,"Genuine endpoint (depth 3): received 20,000 KZT from 1 payers with 0 outgoing transfers.",1,0,20000.0,0.0,0.000288690849800948,0.0,3,False,False,False,False,False,
100000002559089100,100000002559089100,terminal,0.667,19,0.0213,"Genuine endpoint (depth 3): received 715,000 KZT from 2 payers with 0 outgoing transfers.",2,0,715000.0,0.0,0.00039242595373201265,0.0,3,False,False,False,False,False,
100000004984689100,100000004984689100,terminal,0.5,20,0.0088,"Genuine endpoint (depth 3): received 53,030 KZT from 1 payers with 0 outgoing transfers.",1,0,53030.0,0.0,0.0002963587248842163,0.0,3,False,False,False,False,False,
100000004340038100,100000004340038100,peripheral,0.3,11,0.0101,"Peripheral flow node with 2 active links (9,978 KZT in, 49,000 KZT out).",1,1,9978.0,49000.0,0.0002892629212543268,4.910803768290238,3,False,False,False,False,False,216.0
100000005052998100,100000005052998100,peripheral,0.3,20,0.0094,"Peripheral flow node with 2 active links (9,500 KZT in, 28,400 KZT out).",1,1,9500.0,28400.0,0.0002861043339042946,2.9894736842105263,3,False,False,True,False,False,-96.0
100000007597382100,100000007597382100,terminal,0.5,7,0.0084,"Genuine endpoint (depth 3): received 15,700 KZT from 1 payers with 0 outgoing transfers.",1,0,15700.0,0.0,0.00028607811825025404,0.0,3,False,False,False,False,False,
100000008697670100,100000008697670100,terminal,0.5,29,0.0085,"Genuine endpoint (depth 3): received 25,350 KZT from 1 payers with 0 outgoing transfers.",1,0,25350.0,0.0,0.0002895258659195763,0.0,3,False,False,False,False,False,
100000008460102100,100000008460102100,coordinator,1.0,4,0.0848,"High betweenness (0.0010) bridging 32 counterparties across clusters. Volume: 494,070 KZT.",1,31,17500.0,476570.0,0.00029968918055683897,27.23257142857143,3,False,False,False,False,True,-432.0
100000004399686100,100000004399686100,terminal,0.5,23,0.0208,"Genuine endpoint (depth 3): received 806,000 KZT from 1 payers with 0 outgoing transfers.",1,0,806000.0,0.0,0.0005708068229548233,0.0,3,False,False,False,False,False,
100000008688155100,100000008688155100,terminal,0.5,29,0.0085,"Genuine endpoint (depth 3): received 23,600 KZT from 1 payers with 0 outgoing transfers.",1,0,23600.0,0.0,0.00028925272980600625,0.0,3,False,False,False,False,False,
100000004386331100,100000004386331100,transit,0.688,13,0.0208,"Receives from 1 payers (20,000 KZT), passes through 88% (17,500 KZT) to 2 accounts.",1,2,20000.0,17500.0,0.0005126940455197122,0.875,3,False,False,True,False,True,-600.0
100000007999728100,100000007999728100,terminal,0.5,1,0.0086,"Genuine endpoint (depth 3): received 23,250 KZT from 1 payers with 0 outgoing transfers.",1,0,23250.0,0.0,0.00029214094487369326,0.0,3,False,False,False,False,False,
100000001597424100,100000001597424100,terminal,0.5,1,0.0089,"Genuine endpoint (depth 3): received 48,100 KZT from 1 payers with 0 outgoing transfers.",1,0,48100.0,0.0,0.00029916483815591255,0.0,3,False,False,False,False,False,
100000003677936100,100000003677936100,peripheral,0.3,16,0.011,"Peripheral flow node with 2 active links (71,000 KZT in, 13,000 KZT out).",1,1,71000.0,13000.0,0.000308883638599444,0.18309859154929578,3,False,False,False,True,True,0.0
100000002943472100,100000002943472100,terminal,0.5,19,0.0094,"Genuine endpoint (depth 3): received 170,000 KZT from 1 payers with 0 outgoing transfers.",1,0,170000.0,0.0,0.00030996169091136613,0.0,3,False,False,False,False,False,
100000004892144100,100000004892144100,peripheral,0.3,23,0.1269,"Peripheral flow node with 3 active links (4,500,000 KZT in, 180,300 KZT out).",2,1,4500000.0,180300.0,0.0027832036872124303,0.04006666666666667,3,False,False,True,False,False,240.0
100000008077552100,100000008077552100,terminal,0.5,20,0.0102,"Genuine endpoint (depth 3): received 214,000 KZT from 1 payers with 0 outgoing transfers.",1,0,214000.0,0.0,0.00032910951980133827,0.0,3,False,False,False,False,False,
100000002914245100,100000002914245100,terminal,0.5,3,0.0088,"Genuine endpoint (depth 3): received 140,611 KZT from 1 payers with 0 outgoing transfers.",1,0,140611.0,0.0,0.00029558398554384,0.0,3,False,False,False,False,False,
100000004906181100,100000004906181100,peripheral,0.3,7,0.0198,"Peripheral flow node with 8 active links (100,000 KZT in, 2,473,418 KZT out).",1,7,100000.0,2473417.91,0.00028881021162469923,24.734179100000002,3,False,False,False,False,False,-96.0
100000008514970100,100000008514970100,peripheral,0.3,3,0.0104,"Peripheral flow node with 2 active links (379,966 KZT in, 31,000 KZT out).",1,1,379966.0,31000.0,0.0003126314885305634,0.0815862471905381,3,False,False,False,True,False,0.0
100000008258458100,100000008258458100,peripheral,0.3,2,0.0118,"Peripheral flow node with 3 active links (19,000 KZT in, 1,557,988 KZT out).",1,2,19000.0,1557988.0,0.0002912603933485006,81.99936842105264,3,False,False,False,False,False,-360.0
100000003484058100,100000003484058100,peripheral,0.3,1,0.0113,"Peripheral flow node with 2 active links (110,000 KZT in, 6,000 KZT out).",1,1,110000.0,6000.0,0.0003166609747422053,0.05454545454545454,3,False,False,False,False,False,312.0
100000003574895100,100000003574895100,peripheral,0.3,16,0.01,"Peripheral flow node with 2 active links (27,968 KZT in, 20,000 KZT out).",1,1,27968.0,20000.0,0.00028714445105582987,0.7151029748283753,3,False,False,False,True,False,0.0
100000000896111100,100000000896111100,terminal,0.5,23,0.0128,"Genuine endpoint (depth 3): received 287,100 KZT from 1 payers with 0 outgoing transfers.",1,0,287100.0,0.0,0.00038717189285320344,0.0,3,False,False,False,False,False,
100000008715887100,100000008715887100,terminal,0.5,29,0.0085,"Genuine endpoint (depth 3): received 18,000 KZT from 1 payers with 0 outgoing transfers.",1,0,18000.0,0.0,0.0002883786942425823,0.0,3,False,False,False,False,False,
100000000560751100,100000000560751100,terminal,0.5,11,0.02,"Genuine endpoint (depth 3): received 25,000 KZT from 1 payers with 0 outgoing transfers.",1,0,25000.0,0.0,0.0005524500973404968,0.0,3,False,False,False,False,False,
100000008708207100,100000008708207100,terminal,0.667,19,0.0199,"Genuine endpoint (depth 3): received 465,000 KZT from 2 payers with 0 outgoing transfers.",2,0,465000.0,0.0,0.00035978690472981295,0.0,3,False,False,False,False,False,
100000003152964100,100000003152964100,peripheral,0.3,20,0.0112,"Peripheral flow node with 2 active links (141,847 KZT in, 5,500 KZT out).",1,1,141847.0,5500.0,0.0003144293427145823,0.03877417217142414,3,False,False,False,False,False,72.0
100000004991812100,100000004991812100,terminal,0.5,18,0.011,"Genuine endpoint (depth 3): received 10,000 KZT from 1 payers with 0 outgoing transfers.",1,0,10000.0,0.0,0.0003463600077195257,0.0,3,False,False,False,False,False,
100000000291908100,100000000291908100,peripheral,0.3,0,0.0284,"Peripheral flow node with 2 active links (295,500 KZT in, 13,300 KZT out).",1,1,295500.0,13300.0,0.0007065527083397005,0.045008460236886635,3,False,False,False,False,False,96.0
100000003132484100,100000003132484100,terminal,0.5,19,0.0194,"Genuine endpoint (depth 3): received 90,000 KZT from 1 payers with 0 outgoing transfers.",1,0,90000.0,0.0,0.0005388233251189476,0.0,3,False,False,False,False,False,
100000004077081100,100000004077081100,peripheral,0.3,12,0.0165,"Peripheral flow node with 5 active links (140,000 KZT in, 615,000 KZT out).",1,4,140000.0,615000.0,0.0002901065785876625,4.392857142857143,3,False,False,False,False,False,-336.0
100000004770073100,100000004770073100,transit,0.998,0,0.01,"Receives from 1 payers (5,462 KZT), passes through 100% (5,467 KZT) to 1 accounts. Rapid turnaround (0h).",1,1,5462.4,5466.97,0.0002878055588504013,1.0008366285881665,3,False,False,False,True,False,0.0
100000003163886100,100000003163886100,terminal,0.5,15,0.028,"Genuine endpoint (depth 3): received 500,000 KZT from 1 payers with 0 outgoing transfers.",1,0,500000.0,0.0,0.0007338350680593711,0.0,3,False,False,False,False,False,
100000000795374100,100000000795374100,terminal,0.5,20,0.0088,"Genuine endpoint (depth 3): received 50,000 KZT from 1 payers with 0 outgoing transfers.",1,0,50000.0,0.0,0.00029574224412010574,0.0,3,False,False,False,False,False,
100000002391278100,100000002391278100,peripheral,0.3,6,0.0138,"Peripheral flow node with 2 active links (30,000 KZT in, 52,700 KZT out).",1,1,30000.0,52700.0,0.00039132234113293564,1.7566666666666666,3,False,False,True,True,True,24.0
100000004635886100,100000004635886100,terminal,0.5,2,0.0086,"Genuine endpoint (depth 3): received 23,000 KZT from 1 payers with 0 outgoing transfers.",1,0,23000.0,0.0,0.00029245851948138683,0.0,3,False,False,False,False,False,
100000000413678100,100000000413678100,peripheral,0.3,12,0.0222,"Peripheral flow node with 5 active links (306,500 KZT in, 528,198 KZT out).",2,3,306500.0,528198.0,0.00030069885417385005,1.723321370309951,3,False,False,False,False,True,-312.0
100000008659950100,100000008659950100,terminal,0.5,19,0.0099,"Genuine endpoint (depth 3): received 246,000 KZT from 1 payers with 0 outgoing transfers.",1,0,246000.0,0.0,0.0003208665270804821,0.0,3,False,False,False,False,False,
100000003964910100,100000003964910100,terminal,0.667,22,0.0265,"Genuine endpoint (depth 3): received 1,000,000 KZT from 2 payers with 0 outgoing transfers.",2,0,1000000.0,0.0,0.0005093616966720359,0.0,3,False,False,False,False,False,
100000008764654100,100000008764654100,terminal,0.5,29,0.0085,"Genuine endpoint (depth 3): received 26,150 KZT from 1 payers with 0 outgoing transfers.",1,0,26150.0,0.0,0.0002896507281429226,0.0,3,False,False,False,False,False,
100000005830339100,100000005830339100,peripheral,0.3,20,0.0461,"Peripheral flow node with 6 active links (476,341 KZT in, 339,251 KZT out).",5,1,476341.0,339251.0,0.00036360006135440447,0.7122019729563485,3,False,False,False,False,False,480.0
100000002032323100,100000002032323100,peripheral,0.3,19,0.0151,"Peripheral flow node with 2 active links (300,000 KZT in, 1,050,000 KZT out).",1,1,300000.0,1050000.0,0.00040405018679958674,3.5,3,False,False,False,False,False,-24.0
100000008668099100,100000008668099100,terminal,0.5,29,0.0084,"Genuine endpoint (depth 3): received 15,700 KZT from 1 payers with 0 outgoing transfers.",1,0,15700.0,0.0,0.00028801971535046174,0.0,3,False,False,False,False,False,
100000008634520100,100000008634520100,terminal,0.5,19,0.0089,"Genuine endpoint (depth 3): received 90,000 KZT from 1 payers with 0 outgoing transfers.",1,0,90000.0,0.0,0.00029848291599650714,0.0,3,False,False,False,False,False,
100000002103448100,100000002103448100,terminal,0.5,29,0.0085,"Genuine endpoint (depth 3): received 27,000 KZT from 1 payers with 0 outgoing transfers.",1,0,27000.0,0.0,0.000289783394255228,0.0,3,False,False,False,False,False,
100000005996909100,100000005996909100,terminal,0.5,2,0.0097,"Genuine endpoint (depth 3): received 5,500 KZT from 1 payers with 0 outgoing transfers.",1,0,5500.0,0.0,0.00031594960600230085,0.0,3,False,False,False,False,False,
100000007392365100,100000007392365100,peripheral,0.3,16,0.018,"Peripheral flow node with 7 active links (9,613 KZT in, 1,765,600 KZT out).",1,6,9613.0,1765600.0,0.0002861106980605716,183.66794965151357,3,False,False,False,False,False,-624.0
100000008279405100,100000008279405100,terminal,0.5,20,0.0104,"Genuine endpoint (depth 3): received 234,738 KZT from 1 payers with 0 outgoing transfers.",1,0,234738.0,0.0,0.00033332885250302973,0.0,3,False,False,False,False,False,
100000008343874100,100000008343874100,peripheral,0.3,3,0.0209,"Peripheral flow node with 4 active links (283,535 KZT in, 176,400 KZT out).",2,2,283535.0,176400.0,0.0003076522795593052,0.6221454141464017,3,False,False,False,True,False,48.0
100000002548759100,100000002548759100,terminal,0.667,19,0.0177,"Genuine endpoint (depth 3): received 375,000 KZT from 2 payers with 0 outgoing transfers.",2,0,375000.0,0.0,0.00030852903010496164,0.0,3,False,False,False,False,False,
100000003069463100,100000003069463100,peripheral,0.3,21,0.0101,"Peripheral flow node with 2 active links (11,500 KZT in, 17,920 KZT out).",1,1,11500.0,17920.0,0.0002884531759834954,1.5582608695652174,3,False,False,False,False,False,216.0
100000008474391100,100000008474391100,terminal,0.5,18,0.0137,"Genuine endpoint (depth 3): received 20,000 KZT from 1 payers with 0 outgoing transfers.",1,0,20000.0,0.0,0.0004071507212217605,0.0,3,False,False,False,False,False,
100000003097324100,100000003097324100,terminal,0.667,19,0.0184,"Genuine endpoint (depth 3): received 294,000 KZT from 2 payers with 0 outgoing transfers.",2,0,294000.0,0.0,0.0003260131114572481,0.0,3,False,False,False,False,False,
100000001852140100,100000001852140100,terminal,0.5,48,0.0311,"Genuine endpoint (depth 3): received 30,000 KZT from 1 payers with 0 outgoing transfers.",1,0,30000.0,0.0,0.0008047208113869022,0.0,3,False,False,False,False,False,
100000003293377100,100000003293377100,terminal,0.5,7,0.0084,"Genuine endpoint (depth 3): received 50,000 KZT from 1 payers with 0 outgoing transfers.",1,0,50000.0,0.0,0.000287189752920995,0.0,3,False,False,False,False,False,
100000006048193100,100000006048193100,terminal,0.5,20,0.0088,"Genuine endpoint (depth 3): received 41,559 KZT from 1 payers with 0 outgoing transfers.",1,0,41559.0,0.0,0.00029641085375483743,0.0,3,False,False,False,False,False,
100000002435265100,100000002435265100,terminal,0.5,16,0.0087,"Genuine endpoint (depth 3): received 132,628 KZT from 1 payers with 0 outgoing transfers.",1,0,132628.0,0.0,0.00029303889880759933,0.0,3,False,False,False,False,True,
100000004587414100,100000004587414100,terminal,0.667,24,0.0179,"Genuine endpoint (depth 3): received 533,603 KZT from 2 payers with 0 outgoing transfers.",2,0,533603.0,0.0,0.0003148717706403767,0.0,3,False,False,False,False,False,
100000001726614100,100000001726614100,terminal,0.5,24,0.0089,"Genuine endpoint (depth 3): received 138,717 KZT from 1 payers with 0 outgoing transfers.",1,0,138717.0,0.0,0.0002978710303376365,0.0,3,False,False,False,False,False,
100000003934614100,100000003934614100,peripheral,0.3,26,0.0188,"Peripheral flow node with 3 active links (17,000 KZT in, 11,500 KZT out).",2,1,17000.0,11500.0,0.0003134906893691794,0.6764705882352942,3,False,False,True,False,True,168.0
100000008772246100,100000008772246100,terminal,0.5,29,0.0086,"Genuine endpoint (depth 3): received 44,500 KZT from 1 payers with 0 outgoing transfers.",1,0,44500.0,0.0,0.00029251475539092793,0.0,3,False,False,False,False,False,
100000002603371100,100000002603371100,terminal,0.5,0,0.0085,"Genuine endpoint (depth 3): received 9,300 KZT from 1 payers with 0 outgoing transfers.",1,0,9300.0,0.0,0.0002893766428347351,0.0,3,False,False,False,False,False,
100000004445291100,100000004445291100,terminal,0.5,10,0.0098,"Genuine endpoint (depth 3): received 19,500 KZT from 1 payers with 0 outgoing transfers.",1,0,19500.0,0.0,0.0003192394235172127,0.0,3,False,False,False,False,False,
100000008571243100,100000008571243100,terminal,0.5,17,0.0092,"Genuine endpoint (depth 3): received 134,000 KZT from 1 payers with 0 outgoing transfers.",1,0,134000.0,0.0,0.00030626343281042745,0.0,3,False,False,False,False,False,
100000001138283100,100000001138283100,peripheral,0.3,20,0.0115,"Peripheral flow node with 3 active links (81,805 KZT in, 50,000 KZT out).",1,2,81805.0,50000.0,0.0003022132575532862,0.6112095837662734,3,False,False,True,False,False,-312.0
100000002593344100,100000002593344100,terminal,0.667,19,0.0199,"Genuine endpoint (depth 3): received 431,000 KZT from 2 payers with 0 outgoing transfers.",2,0,431000.0,0.0,0.0003589615897510939,0.0,3,False,False,False,False,False,
100000007390016100,100000007390016100,peripheral,0.3,7,0.0774,"Peripheral flow node with 2 active links (511,000 KZT in, 346,500 KZT out).",1,1,511000.0,346500.0,0.0018430013608097095,0.678082191780822,3,False,False,True,True,False,0.0
100000001285440100,100000001285440100,terminal,0.667,19,0.0182,"Genuine endpoint (depth 3): received 243,000 KZT from 2 payers with 0 outgoing transfers.",2,0,243000.0,0.0,0.0003203647790984497,0.0,3,False,False,False,False,False,
100000006746688100,100000006746688100,terminal,0.5,29,0.0086,"Genuine endpoint (depth 3): received 41,000 KZT from 1 payers with 0 outgoing transfers.",1,0,41000.0,0.0,0.000291968483163788,0.0,3,False,False,False,False,False,
100000006471232100,100000006471232100,terminal,0.5,29,0.0086,"Genuine endpoint (depth 3): received 41,800 KZT from 1 payers with 0 outgoing transfers.",1,0,41800.0,0.0,0.00029209334538713425,0.0,3,False,False,False,False,False,
100000008662805100,100000008662805100,terminal,0.5,29,0.0084,"Genuine endpoint (depth 3): received 16,500 KZT from 1 payers with 0 outgoing transfers.",1,0,16500.0,0.0,0.000288144577573808,0.0,3,False,False,False,False,False,
100000004292885100,100000004292885100,terminal,0.5,29,0.0091,"Genuine endpoint (depth 3): received 112,700 KZT from 1 payers with 0 outgoing transfers.",1,0,112700.0,0.0,0.00030315925993119875,0.0,3,False,False,False,False,False,
100000008190442100,100000008190442100,terminal,0.5,29,0.0084,"Genuine endpoint (depth 3): received 13,000 KZT from 1 payers with 0 outgoing transfers.",1,0,13000.0,0.0,0.000287598305346668,0.0,3,False,False,False,False,False,
100000007131370100,100000007131370100,transit,1.0,2,0.0361,"Receives from 1 payers (30,000 KZT), passes through 100% (30,000 KZT) to 1 accounts.",1,1,30000.0,30000.0,0.0008999890359090033,1.0,3,False,False,True,False,False,-120.0
100000008717802100,100000008717802100,terminal,0.5,29,0.0085,"Genuine endpoint (depth 3): received 26,150 KZT from 1 payers with 0 outgoing transfers.",1,0,26150.0,0.0,0.0002896507281429226,0.0,3,False,False,False,False,False,
100000005357034100,100000005357034100,terminal,0.5,16,0.0084,"Genuine endpoint (depth 3): received 9,754 KZT from 1 payers with 0 outgoing transfers.",1,0,9754.0,0.0,0.0002861186391759261,0.0,3,False,False,False,False,False,
100000005532138100,100000005532138100,terminal,0.5,16,0.0087,"Genuine endpoint (depth 3): received 25,046 KZT from 1 payers with 0 outgoing transfers.",1,0,25046.0,0.0,0.00029379367547638114,0.0,3,False,False,False,False,False,
100000005264874100,100000005264874100,peripheral,0.3,14,0.0163,"Peripheral flow node with 3 active links (30,000 KZT in, 78,000 KZT out).",1,2,30000.0,78000.0,0.00042829267239375297,2.6,3,False,False,True,False,False,-456.0
100000008193258100,100000008193258100,peripheral,0.3,22,0.0105,"Peripheral flow node with 2 active links (75,000 KZT in, 30,000 KZT out).",1,1,75000.0,30000.0,0.00029737422274379974,0.4,3,False,False,False,False,False,312.0
100000003190207100,100000003190207100,peripheral,0.3,5,0.0106,"Peripheral flow node with 2 active links (5,000 KZT in, 377,000 KZT out).",1,1,5000.0,377000.0,0.0002991258827616204,75.4,3,False,False,False,False,True,-120.0
100000004321983100,100000004321983100,peripheral,0.3,6,0.0118,"Peripheral flow node with 3 active links (10,840 KZT in, 36,200 KZT out).",1,2,10840.0,36200.0,0.0003237813951694772,3.339483394833948,3,False,False,True,False,True,-552.0
100000002633108100,100000002633108100,terminal,0.5,1,0.0123,"Genuine endpoint (depth 3): received 320,000 KZT from 1 payers with 0 outgoing transfers.",1,0,320000.0,0.0,0.0003760178193806783,0.0,3,False,False,False,False,False,
100000005941908100,100000005941908100,terminal,0.5,4,0.0261,"Genuine endpoint (depth 3): received 10,000 KZT from 1 payers with 0 outgoing transfers.",1,0,10000.0,0.0,0.0006923487710335455,0.0,3,False,False,False,False,False,
100000001835625100,100000001835625100,terminal,0.5,7,0.0084,"Genuine endpoint (depth 3): received 75,130 KZT from 1 payers with 0 outgoing transfers.",1,0,75130.0,0.0,0.0002880041954654767,0.0,3,False,False,False,False,False,
100000008671081100,100000008671081100,terminal,0.5,29,0.0086,"Genuine endpoint (depth 3): received 37,200 KZT from 1 payers with 0 outgoing transfers.",1,0,37200.0,0.0,0.0002913753876028931,0.0,3,False,False,False,False,False,
100000002908521100,100000002908521100,terminal,0.5,29,0.0086,"Genuine endpoint (depth 3): received 44,500 KZT from 1 payers with 0 outgoing transfers.",1,0,44500.0,0.0,0.00029251475539092793,0.0,3,False,False,False,False,False,
100000000749118100,100000000749118100,peripheral,0.3,16,0.01,"Peripheral flow node with 2 active links (10,330 KZT in, 16,500 KZT out).",1,1,10330.0,16500.0,0.00028615107947694863,1.5972894482090998,3,False,False,False,False,False,456.0
100000008652094100,100000008652094100,terminal,0.5,16,0.0084,"Genuine endpoint (depth 3): received 35,000 KZT from 1 payers with 0 outgoing transfers.",1,0,35000.0,0.0,0.0002875404930641467,0.0,3,False,False,False,False,False,
100000007647294100,100000007647294100,terminal,0.5,22,0.0212,"Genuine endpoint (depth 3): received 385,000 KZT from 1 payers with 0 outgoing transfers.",1,0,385000.0,0.0,0.000579218128600068,0.0,3,False,False,False,False,False,
100000003270419100,100000003270419100,terminal,0.5,11,0.0323,"Genuine endpoint (depth 3): received 150,000 KZT from 1 payers with 0 outgoing transfers.",1,0,150000.0,0.0,0.0008334814098706033,0.0,3,False,False,False,False,False,
100000003050771100,100000003050771100,terminal,0.5,11,0.012,"Genuine endpoint (depth 3): received 229,000 KZT from 1 payers with 0 outgoing transfers.",1,0,229000.0,0.0,0.00037033984858502356,0.0,3,False,False,False,False,False,
100000008427027100,100000008427027100,terminal,0.5,12,0.02,"Genuine endpoint (depth 3): received 300,000 KZT from 1 payers with 0 outgoing transfers.",1,0,300000.0,0.0,0.0005512640793595239,0.0,3,False,False,False,False,False,
100000004291560100,100000004291560100,terminal,0.5,16,0.0084,"Genuine endpoint (depth 3): received 47,190 KZT from 1 payers with 0 outgoing transfers.",1,0,47190.0,0.0,0.00028822703346252307,0.0,3,False,False,False,False,False,
100000003594472100,100000003594472100,terminal,0.5,9,0.0087,"Genuine endpoint (depth 3): received 20,000 KZT from 1 payers with 0 outgoing transfers.",1,0,20000.0,0.0,0.0002944536874283026,0.0,3,False,False,False,False,False,
100000002575080100,100000002575080100,transit,0.904,2,0.0216,"Receives from 1 payers (13,000 KZT), passes through 96% (12,500 KZT) to 1 accounts. Rapid turnaround (0h).",1,1,13000.0,12500.0,0.0005518178489503663,0.9615384615384616,3,False,False,False,True,False,0.0
100000008038077100,100000008038077100,terminal,0.5,7,0.009,"Genuine endpoint (depth 3): received 499,850 KZT from 1 payers with 0 outgoing transfers.",1,0,499850.0,0.0,0.0003017690198782214,0.0,3,False,False,False,False,False,
100000003899325100,100000003899325100,terminal,0.5,3,0.0088,"Genuine endpoint (depth 3): received 50,120 KZT from 1 payers with 0 outgoing transfers.",1,0,50120.0,0.0,0.0002966402059541681,0.0,3,False,False,False,False,False,
100000001155773100,100000001155773100,terminal,0.5,29,0.0085,"Genuine endpoint (depth 3): received 21,500 KZT from 1 payers with 0 outgoing transfers.",1,0,21500.0,0.0,0.0002889249664697223,0.0,3,False,False,False,False,False,
100000000611474100,100000000611474100,terminal,0.5,0,0.0219,"Genuine endpoint (depth 3): received 32,000 KZT from 1 payers with 0 outgoing transfers.",1,0,32000.0,0.0,0.0005956216679556007,0.0,3,False,False,False,False,False,
100000006704530100,100000006704530100,transit,0.875,21,0.0182,"Receives from 1 payers (450,500 KZT), passes through 95% (428,000 KZT) to 3 accounts.",1,3,450500.0,428000.0,0.0003985422277542583,0.9500554938956715,3,False,False,False,False,False,-264.0
100000003996562100,100000003996562100,terminal,0.5,16,0.0102,"Genuine endpoint (depth 3): received 7,700 KZT from 1 payers with 0 outgoing transfers.",1,0,7700.0,0.0,0.0003281736881837659,0.0,3,False,False,False,False,False,
100000002646887100,100000002646887100,terminal,0.5,19,0.0088,"Genuine endpoint (depth 3): received 24,354 KZT from 1 payers with 0 outgoing transfers.",1,0,24354.0,0.0,0.00029518757307712165,0.0,3,False,False,False,False,False,
100000002556775100,100000002556775100,terminal,0.5,7,0.0088,"Genuine endpoint (depth 3): received 300,000 KZT from 1 payers with 0 outgoing transfers.",1,0,300000.0,0.0,0.0002952920464395158,0.0,3,False,False,False,False,False,
100000002722108100,100000002722108100,terminal,0.5,1,0.01,"Genuine endpoint (depth 3): received 800,000 KZT from 1 payers with 0 outgoing transfers.",1,0,800000.0,0.0,0.00032367477273130915,0.0,3,False,False,False,False,False,
100000002737980100,100000002737980100,terminal,0.5,2,0.0088,"Genuine endpoint (depth 3): received 32,900 KZT from 1 payers with 0 outgoing transfers.",1,0,32900.0,0.0,0.00029542388166028027,0.0,3,False,False,False,False,False,
100000002913340100,100000002913340100,terminal,0.5,29,0.0085,"Genuine endpoint (depth 3): received 23,600 KZT from 1 payers with 0 outgoing transfers.",1,0,23600.0,0.0,0.00028925272980600625,0.0,3,False,False,False,False,False,
100000003610172100,100000003610172100,terminal,0.5,7,0.0084,"Genuine endpoint (depth 3): received 70,000 KZT from 1 payers with 0 outgoing transfers.",1,0,70000.0,0.0,0.0002878379364024767,0.0,3,False,False,False,False,False,
100000001052945100,100000001052945100,peripheral,0.3,1,0.0139,"Peripheral flow node with 4 active links (56,520 KZT in, 1,595,700 KZT out).",1,3,56520.0,1595700.0,0.0003015447649742742,28.23248407643312,3,False,False,False,False,False,408.0
100000002369510100,100000002369510100,terminal,0.5,29,0.0086,"Genuine endpoint (depth 3): received 37,150 KZT from 1 payers with 0 outgoing transfers.",1,0,37150.0,0.0,0.000291367583713934,0.0,3,False,False,False,False,False,
100000001954534100,100000001954534100,peripheral,0.3,24,0.0135,"Peripheral flow node with 2 active links (13,000 KZT in, 40,000 KZT out).",1,1,13000.0,40000.0,0.0003659515092221361,3.076923076923077,3,False,False,False,False,False,504.0
100000008488166100,100000008488166100,terminal,0.5,29,0.0084,"Genuine endpoint (depth 3): received 5,600 KZT from 1 payers with 0 outgoing transfers.",1,0,5600.0,0.0,0.0002864433297807149,0.0,3,False,False,False,False,False,
100000005100475100,100000005100475100,terminal,0.5,8,0.0106,"Genuine endpoint (depth 3): received 40,000 KZT from 1 payers with 0 outgoing transfers.",1,0,40000.0,0.0,0.0003377497462501435,0.0,3,False,False,False,False,False,
100000002708624100,100000002708624100,terminal,0.5,10,0.0102,"Genuine endpoint (depth 3): received 25,000 KZT from 1 payers with 0 outgoing transfers.",1,0,25000.0,0.0,0.000328736126653088,0.0,3,False,False,False,False,False,
100000004591973100,100000004591973100,peripheral,0.3,13,0.015,"Peripheral flow node with 2 active links (10,000 KZT in, 100,000 KZT out).",1,1,10000.0,100000.0,0.00039913166986850154,10.0,3,False,False,False,False,False,-144.0
100000000802149100,100000000802149100,terminal,0.5,24,0.0087,"Genuine endpoint (depth 3): received 104,128 KZT from 1 payers with 0 outgoing transfers.",1,0,104128.0,0.0,0.0002948035998809035,0.0,3,False,False,False,False,False,
100000003095610100,100000003095610100,terminal,0.5,17,0.0087,"Genuine endpoint (depth 3): received 23,665 KZT from 1 payers with 0 outgoing transfers.",1,0,23665.0,0.0,0.00029438645311679446,0.0,3,False,False,False,False,False,
100000004183610100,100000004183610100,peripheral,0.3,11,0.0124,"Peripheral flow node with 2 active links (22,000 KZT in, 915,000 KZT out).",1,1,22000.0,915000.0,0.0003407627226653414,41.59090909090909,3,False,False,False,False,False,-240.0
100000005198906100,100000005198906100,peripheral,0.3,7,0.0103,"Peripheral flow node with 2 active links (227,970 KZT in, 60,000 KZT out).",1,1,227970.0,60000.0,0.0002929576136309596,0.26319252533228055,3,False,False,False,False,False,-336.0
100000008599354100,100000008599354100,peripheral,0.3,20,0.0114,"Peripheral flow node with 2 active links (177,000 KZT in, 38,200 KZT out).",1,1,177000.0,38200.0,0.0003317435534185647,0.21581920903954802,3,False,False,False,False,False,240.0
100000001303311100,100000001303311100,terminal,1.0,19,0.0511,"Genuine endpoint (depth 3): received 1,324,000 KZT from 5 payers with 0 outgoing transfers.",5,0,1324000.0,0.0,0.0005016994290161644,0.0,3,False,False,False,False,False,
100000008776420100,100000008776420100,terminal,0.5,29,0.0088,"Genuine endpoint (depth 3): received 69,500 KZT from 1 payers with 0 outgoing transfers.",1,0,69500.0,0.0,0.00029641669987049937,0.0,3,False,False,False,False,False,
100000004737764100,100000004737764100,terminal,0.5,12,0.0255,"Genuine endpoint (depth 3): received 600,000 KZT from 1 payers with 0 outgoing transfers.",1,0,600000.0,0.0,0.0006766224227546179,0.0,3,False,False,False,False,False,
100000003154105100,100000003154105100,peripheral,0.3,15,0.0314,"Peripheral flow node with 8 active links (60,000 KZT in, 338,000 KZT out).",1,7,60000.0,338000.0,0.000550680796574537,5.633333333333334,3,False,False,False,True,False,0.0
100000008708025100,100000008708025100,terminal,0.5,26,0.0094,"Genuine endpoint (depth 3): received 10,000 KZT from 1 payers with 0 outgoing transfers.",1,0,10000.0,0.0,0.0003092890887695541,0.0,3,False,False,False,False,False,
100000008740793100,100000008740793100,terminal,0.5,29,0.0085,"Genuine endpoint (depth 3): received 21,000 KZT from 1 payers with 0 outgoing transfers.",1,0,21000.0,0.0,0.00028884692758013086,0.0,3,False,False,False,False,False,
100000008459449100,100000008459449100,terminal,0.5,20,0.0089,"Genuine endpoint (depth 3): received 53,700 KZT from 1 payers with 0 outgoing transfers.",1,0,53700.0,0.0,0.0002995780948902197,0.0,3,False,False,False,False,False,
100000008677518100,100000008677518100,terminal,0.5,29,0.0087,"Genuine endpoint (depth 3): received 48,700 KZT from 1 payers with 0 outgoing transfers.",1,0,48700.0,0.0,0.000293170282063496,0.0,3,False,False,False,False,False,
100000002212494100,100000002212494100,terminal,0.5,9,0.0114,"Genuine endpoint (depth 3): received 160,000 KZT from 1 payers with 0 outgoing transfers.",1,0,160000.0,0.0,0.00035664443990538483,0.0,3,False,False,False,False,False,
100000001825934100,100000001825934100,peripheral,0.3,14,0.0176,"Peripheral flow node with 2 active links (40,000 KZT in, 97,000 KZT out).",1,1,40000.0,97000.0,0.00047586713178590705,2.425,3,False,False,False,False,False,-120.0
100000003736419100,100000003736419100,peripheral,0.3,20,0.0102,"Peripheral flow node with 2 active links (23,300 KZT in, 10,000 KZT out).",1,1,23300.0,10000.0,0.0002916476006545207,0.4291845493562232,3,False,False,False,True,False,0.0
100000008430691100,100000008430691100,peripheral,0.3,2,0.0118,"Peripheral flow node with 3 active links (20,000 KZT in, 604,900 KZT out).",1,2,20000.0,604900.0,0.0003069779355111296,30.245,3,False,False,True,True,False,0.0
100000003073635100,100000003073635100,terminal,0.5,20,0.0095,"Genuine endpoint (depth 3): received 129,231 KZT from 1 payers with 0 outgoing transfers.",1,0,129231.0,0.0,0.0003118625039951041,0.0,3,False,False,False,False,False,
100000001686328100,100000001686328100,terminal,0.5,19,0.0096,"Genuine endpoint (depth 3): received 140,000 KZT from 1 payers with 0 outgoing transfers.",1,0,140000.0,0.0,0.0003150543933476953,0.0,3,False,False,False,False,False,
100000008707810100,100000008707810100,terminal,0.5,29,0.0085,"Genuine endpoint (depth 3): received 26,200 KZT from 1 payers with 0 outgoing transfers.",1,0,26200.0,0.0,0.00028965853203188175,0.0,3,False,False,False,False,False,
100000001236706100,100000001236706100,peripheral,0.3,5,0.0493,"Peripheral flow node with 5 active links (142,700 KZT in, 36,000 KZT out).",3,2,142700.0,36000.0,0.0007662915221773794,0.25227750525578135,3,False,False,False,False,False,120.0
100000008536546100,100000008536546100,terminal,0.667,19,0.0181,"Genuine endpoint (depth 3): received 250,000 KZT from 2 payers with 0 outgoing transfers.",2,0,250000.0,0.0,0.0003172528720016747,0.0,3,False,False,False,False,False,
100000007140834100,100000007140834100,terminal,0.5,8,0.027,"Genuine endpoint (depth 3): received 10,200 KZT from 1 payers with 0 outgoing transfers.",1,0,10200.0,0.0,0.0007122600056993953,0.0,3,False,False,False,False,False,
100000007022818100,100000007022818100,terminal,0.5,29,0.0085,"Genuine endpoint (depth 3): received 17,200 KZT from 1 payers with 0 outgoing transfers.",1,0,17200.0,0.0,0.000288253832019236,0.0,3,False,False,False,False,False,
100000007484343100,100000007484343100,terminal,0.667,20,0.0168,"Genuine endpoint (depth 3): received 26,757 KZT from 2 payers with 0 outgoing transfers.",2,0,26757.0,0.0,0.0002891334225528798,0.0,3,False,False,False,False,False,
100000001379511100,100000001379511100,terminal,0.5,19,0.0093,"Genuine endpoint (depth 3): received 55,000 KZT from 1 payers with 0 outgoing transfers.",1,0,55000.0,0.0,0.0003072907911907118,0.0,3,False,False,False,False,False,
100000004569484100,100000004569484100,coordinator,1.0,17,0.15,"High betweenness (0.0028) bridging 6 counterparties across clusters. Volume: 254,312 KZT; return cycle detected.",2,4,98312.0,156000.0,0.00031938100409198596,1.586784929611848,3,False,False,True,False,False,72.0
100000002948492100,100000002948492100,terminal,0.5,1,0.0086,"Genuine endpoint (depth 3): received 23,660 KZT from 1 payers with 0 outgoing transfers.",1,0,23660.0,0.0,0.00029225683204655884,0.0,3,False,False,False,False,False,
100000002116705100,100000002116705100,terminal,0.5,29,0.0085,"Genuine endpoint (depth 3): received 17,600 KZT from 1 payers with 0 outgoing transfers.",1,0,17600.0,0.0,0.00028831626313090915,0.0,3,False,False,False,False,False,
100000002481974100,100000002481974100,peripheral,0.3,3,0.0219,"Peripheral flow node with 4 active links (89,447 KZT in, 318,000 KZT out).",2,2,89447.0,318000.0,0.0003316686610389915,3.5551779265934016,3,False,False,False,False,False,216.0
100000003920950100,100000003920950100,terminal,0.5,16,0.013,"Genuine endpoint (depth 3): received 323,290 KZT from 1 payers with 0 outgoing transfers.",1,0,323290.0,0.0,0.0003917283702075202,0.0,3,False,False,False,False,False,
100000000733451100,100000000733451100,peripheral,0.3,11,0.0213,"Peripheral flow node with 2 active links (70,000 KZT in, 300,000 KZT out).",1,1,70000.0,300000.0,0.0005412616148555033,4.285714285714286,3,False,False,False,False,False,-288.0
100000005182219100,100000005182219100,terminal,0.667,16,0.0197,"Genuine endpoint (depth 3): received 55,000 KZT from 2 payers with 0 outgoing transfers.",2,0,55000.0,0.0,0.000354129497884144,0.0,3,False,False,False,False,False,
100000008633099100,100000008633099100,peripheral,0.3,16,0.0102,"Peripheral flow node with 2 active links (19,468 KZT in, 13,500 KZT out).",1,1,19468.0,13500.0,0.00029196202177266776,0.6934456544072324,3,False,False,False,False,False,192.0
100000001380107100,100000001380107100,terminal,0.5,15,0.0086,"Genuine endpoint (depth 3): received 6,000 KZT from 1 payers with 0 outgoing transfers.",1,0,6000.0,0.0,0.00029094848350339587,0.0,3,False,False,False,False,False,
100000008755168100,100000008755168100,terminal,0.5,29,0.0085,"Genuine endpoint (depth 3): received 17,600 KZT from 1 payers with 0 outgoing transfers.",1,0,17600.0,0.0,0.00028831626313090915,0.0,3,False,False,False,False,False,
100000002628576100,100000002628576100,peripheral,0.3,7,0.021,"Peripheral flow node with 4 active links (727,882 KZT in, 539,000 KZT out).",2,2,727882.0,539000.0,0.0003113901539132389,0.7405046422359668,3,False,False,False,False,False,144.0
100000001611488100,100000001611488100,terminal,0.667,16,0.0426,"Genuine endpoint (depth 3): received 779,300 KZT from 2 payers with 0 outgoing transfers.",2,0,779300.0,0.0,0.0008775368508533171,0.0,3,False,False,False,False,False,
100000005375968100,100000005375968100,peripheral,0.3,16,0.012,"Peripheral flow node with 3 active links (170,082 KZT in, 86,000 KZT out).",1,2,170082.0,86000.0,0.0002951483068536033,0.5056384567443939,3,False,False,False,False,False,-528.0
100000003581109100,100000003581109100,terminal,0.5,16,0.0084,"Genuine endpoint (depth 3): received 42,750 KZT from 1 payers with 0 outgoing transfers.",1,0,42750.0,0.0,0.00028797697280880764,0.0,3,False,False,False,False,False,
100000002933386100,100000002933386100,peripheral,0.3,16,0.0261,"Peripheral flow node with 2 active links (15,000 KZT in, 58,000 KZT out).",1,1,15000.0,58000.0,0.0006527823249129211,3.8666666666666667,3,False,False,False,False,False,-336.0
100000002284426100,100000002284426100,terminal,0.5,7,0.0085,"Genuine endpoint (depth 3): received 90,000 KZT from 1 payers with 0 outgoing transfers.",1,0,90000.0,0.0,0.00028848611988395835,0.0,3,False,False,False,False,False,
100000008579978100,100000008579978100,peripheral,0.3,7,0.01,"Peripheral flow node with 2 active links (34,000 KZT in, 77,000 KZT out).",1,1,34000.0,77000.0,0.0002866712061358097,2.264705882352941,3,False,False,False,False,False,-24.0
100000001549194100,100000001549194100,terminal,0.5,1,0.0089,"Genuine endpoint (depth 3): received 46,500 KZT from 1 payers with 0 outgoing transfers.",1,0,46500.0,0.0,0.0002987125955300956,0.0,3,False,False,False,False,False,
100000001427082100,100000001427082100,peripheral,0.3,15,0.0224,"Peripheral flow node with 6 active links (5,000 KZT in, 124,900 KZT out).",1,5,5000.0,124900.0,0.0004392450523980504,24.98,3,False,False,False,False,True,-192.0
100000004657034100,100000004657034100,terminal,0.5,7,0.0085,"Genuine endpoint (depth 3): received 141,250 KZT from 1 payers with 0 outgoing transfers.",1,0,141250.0,0.0,0.0002901470900552552,0.0,3,False,False,False,False,False,
100000003796063100,100000003796063100,coordinator,1.0,16,0.0974,"High betweenness (0.0012) bridging 16 counterparties across clusters. Volume: 994,150 KZT; return cycle detected.",1,15,35000.0,959150.0,0.0006852648705720575,27.404285714285713,3,False,False,True,False,False,-264.0
100000005268319100,100000005268319100,peripheral,0.3,16,0.0146,"Peripheral flow node with 6 active links (19,713 KZT in, 91,000 KZT out).",1,5,19712.8,91000.0,0.0002936395632308343,4.6162899232985675,3,False,False,True,True,True,0.0
100000008744799100,100000008744799100,terminal,0.5,29,0.0084,"Genuine endpoint (depth 3): received 12,600 KZT from 1 payers with 0 outgoing transfers.",1,0,12600.0,0.0,0.00028753587423499484,0.0,3,False,False,False,False,False,
100000008677215100,100000008677215100,terminal,0.5,18,0.0092,"Genuine endpoint (depth 3): received 9,000 KZT from 1 payers with 0 outgoing transfers.",1,0,9000.0,0.0,0.0003043767156368611,0.0,3,False,False,False,False,False,
100000007593823100,100000007593823100,coordinator,1.0,16,0.0724,"High betweenness (0.0007) bridging 16 counterparties across clusters. Volume: 187,900 KZT; return cycle detected.",3,13,25000.0,162900.0,0.000290592094563477,6.516,3,False,False,True,False,True,-48.0
100000001282143100,100000001282143100,terminal,1.0,19,0.0468,"Genuine endpoint (depth 3): received 1,700,000 KZT from 5 payers with 0 outgoing transfers.",5,0,1700000.0,0.0,0.00040176306143270535,0.0,3,False,False,False,False,False,
100000008029279100,100000008029279100,terminal,0.5,20,0.0085,"Genuine endpoint (depth 3): received 17,000 KZT from 1 payers with 0 outgoing transfers.",1,0,17000.0,0.0,0.0002890280971842479,0.0,3,False,False,False,False,False,
100000000594783100,100000000594783100,peripheral,0.3,23,0.058,"Peripheral flow node with 3 active links (2,635,000 KZT in, 152,500 KZT out).",1,2,2635000.0,152500.0,0.0013815888060884878,0.05787476280834915,3,False,False,True,True,False,48.0
100000002705460100,100000002705460100,terminal,0.5,2,0.0202,"Genuine endpoint (depth 3): received 95,000 KZT from 1 payers with 0 outgoing transfers.",1,0,95000.0,0.0,0.000557727242255144,0.0,3,False,False,False,False,False,
100000002952756100,100000002952756100,terminal,0.5,13,0.0119,"Genuine endpoint (depth 3): received 47,000 KZT from 1 payers with 0 outgoing transfers.",1,0,47000.0,0.0,0.0003677090010006242,0.0,3,False,False,False,False,False,
100000004634420100,100000004634420100,terminal,0.5,29,0.0085,"Genuine endpoint (depth 3): received 26,150 KZT from 1 payers with 0 outgoing transfers.",1,0,26150.0,0.0,0.0002896507281429226,0.0,3,False,False,False,False,False,
100000000583220100,100000000583220100,peripheral,0.3,11,0.0105,"Peripheral flow node with 2 active links (5,000 KZT in, 761,255 KZT out).",1,1,5000.0,761255.0,0.0002981132552282115,152.251,3,False,False,False,False,False,-504.0
100000003286537100,100000003286537100,terminal,0.667,19,0.0173,"Genuine endpoint (depth 3): received 153,000 KZT from 2 payers with 0 outgoing transfers.",2,0,153000.0,0.0,0.0003010947151858364,0.0,3,False,False,False,False,False,
100000002958345100,100000002958345100,terminal,0.5,1,0.009,"Genuine endpoint (depth 3): received 307,000 KZT from 1 payers with 0 outgoing transfers.",1,0,307000.0,0.0,0.0003001922715970454,0.0,3,False,False,False,False,False,
100000005055454100,100000005055454100,terminal,0.5,62,0.018,"Genuine endpoint (depth 3): received 6,500 KZT from 1 payers with 0 outgoing transfers.",1,0,6500.0,0.0,0.0005059810158324262,0.0,3,False,False,False,False,False,
100000008738526100,100000008738526100,peripheral,0.3,19,0.0101,"Peripheral flow node with 2 active links (15,000 KZT in, 140,000 KZT out).",1,1,15000.0,140000.0,0.0002874522211122593,9.333333333333334,3,False,False,False,False,False,120.0
100000001298099100,100000001298099100,terminal,0.5,17,0.0086,"Genuine endpoint (depth 3): received 19,000 KZT from 1 payers with 0 outgoing transfers.",1,0,19000.0,0.0,0.0002926483569297594,0.0,3,False,False,False,False,False,
100000006491272100,100000006491272100,terminal,0.5,29,0.0085,"Genuine endpoint (depth 3): received 26,200 KZT from 1 payers with 0 outgoing transfers.",1,0,26200.0,0.0,0.00028965853203188175,0.0,3,False,False,False,False,False,
100000000552584100,100000000552584100,peripheral,0.3,23,0.0547,"Peripheral flow node with 2 active links (2,500,000 KZT in, 57,500 KZT out).",1,1,2500000.0,57500.0,0.0013254360037725063,0.023,3,False,False,True,False,False,96.0
100000005187208100,100000005187208100,terminal,0.5,8,0.0095,"Genuine endpoint (depth 3): received 14,160 KZT from 1 payers with 0 outgoing transfers.",1,0,14160.0,0.0,0.0003119707842377321,0.0,3,False,False,False,False,False,
100000003528285100,100000003528285100,peripheral,0.3,16,0.0465,"Peripheral flow node with 8 active links (118,870 KZT in, 548,000 KZT out).",4,4,118870.0,548000.0,0.00040427564554845465,4.6100782367292,3,False,False,False,False,False,-264.0
100000001484381100,100000001484381100,terminal,0.667,17,0.0182,"Genuine endpoint (depth 3): received 95,585 KZT from 2 payers with 0 outgoing transfers.",2,0,95585.0,0.0,0.0003213079861341874,0.0,3,False,False,False,False,False,
100000002508637100,100000002508637100,peripheral,0.3,3,0.0102,"Peripheral flow node with 2 active links (306,410 KZT in, 8,000 KZT out).",1,1,306410.0,8000.0,0.00030739263356746913,0.02610880845925394,3,False,False,False,False,False,288.0
100000003149149100,100000003149149100,terminal,0.5,7,0.0087,"Genuine endpoint (depth 3): received 245,000 KZT from 1 payers with 0 outgoing transfers.",1,0,245000.0,0.0,0.00029350954186544125,0.0,3,False,False,False,False,False,
100000001538095100,100000001538095100,terminal,0.667,19,0.0186,"Genuine endpoint (depth 3): received 280,000 KZT from 2 payers with 0 outgoing transfers.",2,0,280000.0,0.0,0.00033013522666239774,0.0,3,False,False,False,False,False,
100000008695133100,100000008695133100,terminal,0.5,29,0.0086,"Genuine endpoint (depth 3): received 36,610 KZT from 1 payers with 0 outgoing transfers.",1,0,36610.0,0.0,0.00029128330171317526,0.0,3,False,False,False,False,False,
100000008749405100,100000008749405100,terminal,0.5,29,0.0086,"Genuine endpoint (depth 3): received 37,150 KZT from 1 payers with 0 outgoing transfers.",1,0,37150.0,0.0,0.000291367583713934,0.0,3,False,False,False,False,False,
100000005815602100,100000005815602100,peripheral,0.3,2,0.0216,"Peripheral flow node with 2 active links (20,000 KZT in, 165,000 KZT out).",1,1,20000.0,165000.0,0.0005521710322392155,8.25,3,False,False,False,False,False,456.0
100000006641671100,100000006641671100,transit,0.659,16,0.0245,"Receives from 2 payers (22,000 KZT), passes through 114% (25,000 KZT) to 1 accounts.",2,1,22000.0,25000.0,0.0004399911079982389,1.1363636363636365,3,False,False,False,False,True,-168.0
100000002945031100,100000002945031100,terminal,0.5,11,0.0086,"Genuine endpoint (depth 3): received 15,000 KZT from 1 payers with 0 outgoing transfers.",1,0,15000.0,0.0,0.000291121950616924,0.0,3,False,False,False,False,False,
100000003497735100,100000003497735100,terminal,0.5,5,0.0093,"Genuine endpoint (depth 3): received 125,000 KZT from 1 payers with 0 outgoing transfers.",1,0,125000.0,0.0,0.0003069462106171275,0.0,3,False,False,False,False,False,
100000004644615100,100000004644615100,peripheral,0.3,13,0.014,"Peripheral flow node with 3 active links (50,810 KZT in, 379,665 KZT out).",1,2,50810.0,379665.0,0.00037436756021008163,7.472249557173785,3,False,False,False,False,False,-24.0
100000002755292100,100000002755292100,terminal,0.5,7,0.0086,"Genuine endpoint (depth 3): received 203,400 KZT from 1 payers with 0 outgoing transfers.",1,0,203400.0,0.0,0.0002921613202239594,0.0,3,False,False,False,False,False,
100000005142492100,100000005142492100,peripheral,0.3,8,0.0802,"Peripheral flow node with 2 active links (10,000 KZT in, 57,000 KZT out).",1,1,10000.0,57000.0,0.0019077900971988632,5.7,3,False,False,True,True,False,0.0
100000002893020100,100000002893020100,terminal,0.5,17,0.0086,"Genuine endpoint (depth 3): received 18,340 KZT from 1 payers with 0 outgoing transfers.",1,0,18340.0,0.0,0.00029240245264606314,0.0,3,False,False,False,False,False,
100000004500444100,100000004500444100,peripheral,0.3,1,0.0261,"Peripheral flow node with 3 active links (180,000 KZT in, 74,000 KZT out).",2,1,180000.0,74000.0,0.0004643947559108734,0.4111111111111111,3,False,False,False,False,False,288.0
100000008454065100,100000008454065100,terminal,0.5,1,0.0086,"Genuine endpoint (depth 3): received 24,050 KZT from 1 payers with 0 outgoing transfers.",1,0,24050.0,0.0,0.00029236706618660175,0.0,3,False,False,False,False,False,
100000008416433100,100000008416433100,terminal,0.5,1,0.0086,"Genuine endpoint (depth 3): received 20,000 KZT from 1 payers with 0 outgoing transfers.",1,0,20000.0,0.0,0.0002912223270400026,0.0,3,False,False,False,False,False,
100000005265073100,100000005265073100,peripheral,0.3,5,0.0106,"Peripheral flow node with 2 active links (5,000 KZT in, 9,000 KZT out).",1,1,5000.0,9000.0,0.0002991258827616204,1.8,3,False,False,False,False,False,-336.0
100000006734214100,100000006734214100,peripheral,0.3,20,0.0606,"Peripheral flow node with 8 active links (610,000 KZT in, 36,000 KZT out).",5,3,610000.0,36000.0,0.0006063901366273084,0.05901639344262295,3,False,False,False,False,False,192.0
100000002611334100,100000002611334100,peripheral,0.3,0,0.0108,"Peripheral flow node with 2 active links (48,288 KZT in, 15,500 KZT out).",1,1,48288.0,15500.0,0.0003053380307806398,0.3209907223326706,3,False,False,False,False,False,648.0
100000006225798100,100000006225798100,peripheral,0.3,22,0.0315,"Peripheral flow node with 5 active links (722,000 KZT in, 26,300 KZT out).",3,2,722000.0,26300.0,0.00035996892038230857,0.03642659279778394,3,False,False,False,False,False,-72.0
100000002849158100,100000002849158100,peripheral,0.3,19,0.029,"Peripheral flow node with 4 active links (723,000 KZT in, 1,313,000 KZT out).",3,1,723000.0,1313000.0,0.00033624556849174277,1.8160442600276625,3,False,False,False,False,False,-144.0
100000008686214100,100000008686214100,terminal,0.5,16,0.0089,"Genuine endpoint (depth 3): received 25,000 KZT from 1 payers with 0 outgoing transfers.",1,0,25000.0,0.0,0.00029772792993778554,0.0,3,False,False,False,False,False,
100000004931931100,100000004931931100,peripheral,0.3,20,0.0102,"Peripheral flow node with 2 active links (23,938 KZT in, 45,000 KZT out).",1,1,23938.0,45000.0,0.000291814036684862,1.8798562954298605,3,False,False,False,False,False,72.0
100000007510875100,100000007510875100,terminal,0.5,6,0.0114,"Genuine endpoint (depth 3): received 5,000 KZT from 1 payers with 0 outgoing transfers.",1,0,5000.0,0.0,0.00035624626017075875,0.0,3,False,False,False,False,False,
100000005233755100,100000005233755100,peripheral,0.3,20,0.0102,"Peripheral flow node with 2 active links (25,000 KZT in, 5,000 KZT out).",1,1,25000.0,5000.0,0.0002916076698087042,0.2,3,False,False,False,True,False,0.0
100000008042075100,100000008042075100,terminal,0.5,23,0.0086,"Genuine endpoint (depth 3): received 5,000 KZT from 1 payers with 0 outgoing transfers.",1,0,5000.0,0.0,0.00029195667457243503,0.0,3,False,False,False,False,False,
100000001680944100,100000001680944100,terminal,0.5,19,0.011,"Genuine endpoint (depth 3): received 393,000 KZT from 1 payers with 0 outgoing transfers.",1,0,393000.0,0.0,0.00034558988439926675,0.0,3,False,False,False,False,False,
100000008417029100,100000008417029100,terminal,0.5,19,0.0093,"Genuine endpoint (depth 3): received 100,000 KZT from 1 payers with 0 outgoing transfers.",1,0,100000.0,0.0,0.00030663007931043686,0.0,3,False,False,False,False,False,
100000004975919100,100000004975919100,peripheral,0.3,20,0.0118,"Peripheral flow node with 3 active links (22,351 KZT in, 15,000 KZT out).",1,2,22351.0,15000.0,0.00029011680628284717,0.6711109122634334,3,False,False,False,False,True,-456.0
100000003087877100,100000003087877100,terminal,0.5,3,0.0086,"Genuine endpoint (depth 3): received 91,486 KZT from 1 payers with 0 outgoing transfers.",1,0,91486.0,0.0,0.00029208517171407756,0.0,3,False,False,False,False,False,
100000008295429100,100000008295429100,terminal,0.5,7,0.0088,"Genuine endpoint (depth 3): received 352,000 KZT from 1 payers with 0 outgoing transfers.",1,0,352000.0,0.0,0.00029697732349136816,0.0,3,False,False,False,False,False,
100000003254277100,100000003254277100,transit,0.786,16,0.0101,"Receives from 1 payers (49,200 KZT), passes through 91% (44,997 KZT) to 1 accounts. Rapid turnaround (0h).",1,1,49200.0,44997.0,0.0002883402365962997,0.9145731707317073,3,False,False,False,True,False,0.0
100000005314565100,100000005314565100,terminal,0.5,0,0.0122,"Genuine endpoint (depth 3): received 218,500 KZT from 1 payers with 0 outgoing transfers.",1,0,218500.0,0.0,0.0003750215171110066,0.0,3,False,False,False,False,False,
100000002951898100,100000002951898100,terminal,0.5,1,0.0088,"Genuine endpoint (depth 3): received 39,990 KZT from 1 payers with 0 outgoing transfers.",1,0,39990.0,0.0,0.00029687253334630294,0.0,3,False,False,False,False,False,
100000001009583100,100000001009583100,terminal,0.5,7,0.0089,"Genuine endpoint (depth 3): received 393,740 KZT from 1 payers with 0 outgoing transfers.",1,0,393740.0,0.0,0.00029833008241722037,0.0,3,False,False,False,False,False,
100000004064431100,100000004064431100,peripheral,0.3,37,0.0095,"Peripheral flow node with 2 active links (26,000 KZT in, 10,000 KZT out).",1,1,26000.0,10000.0,0.0002910534469463005,0.38461538461538464,3,False,False,False,True,False,48.0
100000001927599100,100000001927599100,terminal,0.667,17,0.0185,"Genuine endpoint (depth 3): received 188,000 KZT from 2 payers with 0 outgoing transfers.",2,0,188000.0,0.0,0.0003272554677154655,0.0,3,False,False,False,False,False,
100000007737775100,100000007737775100,terminal,0.5,24,0.0091,"Genuine endpoint (depth 3): received 6,000 KZT from 1 payers with 0 outgoing transfers.",1,0,6000.0,0.0,0.00030312962676534933,0.0,3,False,False,False,False,False,
100000003157679100,100000003157679100,terminal,1.0,19,0.0372,"Genuine endpoint (depth 3): received 541,000 KZT from 4 payers with 0 outgoing transfers.",4,0,541000.0,0.0,0.0003728530959036694,0.0,3,False,False,False,False,False,
100000001229743100,100000001229743100,peripheral,0.3,0,0.0101,"Peripheral flow node with 2 active links (7,000 KZT in, 9,000 KZT out).",1,1,7000.0,9000.0,0.0002884350404884854,1.2857142857142858,3,False,False,False,False,False,144.0
100000003795588100,100000003795588100,terminal,0.5,24,0.0099,"Genuine endpoint (depth 3): received 400,000 KZT from 1 payers with 0 outgoing transfers.",1,0,400000.0,0.0,0.00032104219550652184,0.0,3,False,False,False,False,False,
100000002301828100,100000002301828100,terminal,0.5,22,0.0087,"Genuine endpoint (depth 3): received 46,977 KZT from 1 payers with 0 outgoing transfers.",1,0,46977.0,0.0,0.00029296342924915497,0.0,3,False,False,False,False,False,
100000005409156100,100000005409156100,terminal,0.667,8,0.0227,"Genuine endpoint (depth 3): received 260,080 KZT from 2 payers with 0 outgoing transfers.",2,0,260080.0,0.0,0.00042393100512820185,0.0,3,False,False,False,False,False,
100000002513028100,100000002513028100,peripheral,0.3,16,0.0142,"Peripheral flow node with 4 active links (9,500 KZT in, 332,709 KZT out).",1,3,9500.0,332709.0,0.0003055978968624265,35.022,3,False,False,False,False,True,-672.0
100000003218308100,100000003218308100,terminal,0.5,16,0.0084,"Genuine endpoint (depth 3): received 11,165 KZT from 1 payers with 0 outgoing transfers.",1,0,11165.0,0.0,0.0002861981066494379,0.0,3,False,False,False,False,False,
100000008489604100,100000008489604100,terminal,0.5,29,0.0084,"Genuine endpoint (depth 3): received 11,000 KZT from 1 payers with 0 outgoing transfers.",1,0,11000.0,0.0,0.0002872861497883023,0.0,3,False,False,False,False,False,
100000004450649100,100000004450649100,peripheral,0.3,5,0.0244,"Peripheral flow node with 4 active links (192,528 KZT in, 46,527 KZT out).",2,2,192528.0,46527.0,0.0002989552239324566,0.24166355023684866,3,False,False,False,False,False,-240.0
100000008767065100,100000008767065100,terminal,0.5,19,0.0084,"Genuine endpoint (depth 3): received 10,000 KZT from 1 payers with 0 outgoing transfers.",1,0,10000.0,0.0,0.0002870965356977483,0.0,3,False,False,False,False,False,
100000003035737100,100000003035737100,peripheral,0.3,3,0.0224,"Peripheral flow node with 3 active links (809,170 KZT in, 6,545 KZT out).",2,1,809170.0,6544.53,0.0003788112784639957,0.008087954323566123,3,False,False,False,False,False,216.0
100000002748761100,100000002748761100,terminal,0.5,1,0.01,"Genuine endpoint (depth 3): received 796,800 KZT from 1 payers with 0 outgoing transfers.",1,0,796800.0,0.0,0.0003235223508172531,0.0,3,False,False,False,False,False,
100000008432942100,100000008432942100,terminal,0.5,16,0.0084,"Genuine endpoint (depth 3): received 44,542 KZT from 1 payers with 0 outgoing transfers.",1,0,44542.0,0.0,0.0002880778981897667,0.0,3,False,False,False,False,False,
100000004278574100,100000004278574100,peripheral,0.3,7,0.01,"Peripheral flow node with 2 active links (25,000 KZT in, 12,500 KZT out).",1,1,25000.0,12500.0,0.000286379523569143,0.5,3,False,False,False,False,False,264.0
100000000926766100,100000000926766100,peripheral,0.3,10,0.0106,"Peripheral flow node with 2 active links (18,750 KZT in, 6,000 KZT out).",1,1,18750.0,6000.0,0.00031794441854413876,0.32,3,False,False,True,True,False,0.0
100000008661550100,100000008661550100,terminal,0.5,29,0.0085,"Genuine endpoint (depth 3): received 22,800 KZT from 1 payers with 0 outgoing transfers.",1,0,22800.0,0.0,0.00028912786758266,0.0,3,False,False,False,False,False,
100000000783406100,100000000783406100,terminal,0.5,22,0.0085,"Genuine endpoint (depth 3): received 6,066 KZT from 1 payers with 0 outgoing transfers.",1,0,6066.0,0.0,0.0002901959794883712,0.0,3,False,False,False,False,False,
100000008730371100,100000008730371100,terminal,0.667,24,0.0417,"Genuine endpoint (depth 3): received 520,000 KZT from 2 payers with 0 outgoing transfers.",2,0,520000.0,0.0,0.0008583627263123977,0.0,3,False,False,False,False,False,
100000002878467100,100000002878467100,terminal,0.667,19,0.0179,"Genuine endpoint (depth 3): received 200,000 KZT from 2 payers with 0 outgoing transfers.",2,0,200000.0,0.0,0.00031440364212176087,0.0,3,False,False,False,False,False,
100000003171587100,100000003171587100,peripheral,0.3,3,0.0212,"Peripheral flow node with 4 active links (700,000 KZT in, 431,300 KZT out).",2,2,700000.0,431300.0,0.00031601841593021003,0.6161428571428571,3,False,False,False,False,False,96.0
100000002696152100,100000002696152100,peripheral,0.3,24,0.0511,"Peripheral flow node with 3 active links (21,800 KZT in, 69,000 KZT out).",1,2,21800.0,69000.0,0.0012050605596790834,3.165137614678899,3,False,False,True,True,True,24.0
100000002109656100,100000002109656100,terminal,0.5,1,0.0094,"Genuine endpoint (depth 3): received 500,000 KZT from 1 payers with 0 outgoing transfers.",1,0,500000.0,0.0,0.00030938521828855235,0.0,3,False,False,False,False,False,
100000001317336100,100000001317336100,peripheral,0.3,9,0.0142,"Peripheral flow node with 3 active links (131,196 KZT in, 1,752,000 KZT out).",1,2,131196.0,1752000.0,0.0003438491368028857,13.354065672733924,3,False,False,False,False,False,-96.0
100000005222360100,100000005222360100,peripheral,0.3,20,0.0974,"Peripheral flow node with 2 active links (5,000 KZT in, 27,000 KZT out).",1,1,5000.0,27000.0,0.0006008605701429426,5.4,3,False,False,True,False,False,96.0
100000001445848100,100000001445848100,peripheral,0.3,22,0.0274,"Peripheral flow node with 2 active links (546,000 KZT in, 351,850 KZT out).",1,1,546000.0,351850.0,0.0007020167320692293,0.6444139194139195,3,False,False,True,False,False,-96.0
100000008720856100,100000008720856100,peripheral,0.3,8,0.0114,"Peripheral flow node with 2 active links (18,105 KZT in, 46,000 KZT out).",1,1,18105.0,46000.0,0.00031932628410571523,2.5407346037006353,3,False,False,False,False,False,-264.0
100000002448088100,100000002448088100,peripheral,0.3,15,0.0364,"Peripheral flow node with 4 active links (20,000 KZT in, 25,000 KZT out).",3,1,20000.0,25000.0,0.0005086560796474201,1.25,3,False,False,False,False,True,120.0
100000003109805100,100000003109805100,terminal,0.5,22,0.0086,"Genuine endpoint (depth 3): received 36,929 KZT from 1 payers with 0 outgoing transfers.",1,0,36929.0,0.0,0.00029138188362469686,0.0,3,False,False,False,False,False,
100000008223661100,100000008223661100,coordinator,1.0,16,0.0402,"High betweenness (0.0003) bridging 7 counterparties across clusters. Volume: 464,580 KZT.",2,5,202000.0,262580.0,0.00031466917502238233,1.29990099009901,3,False,False,False,False,False,-144.0
100000004096559100,100000004096559100,terminal,0.5,6,0.0386,"Genuine endpoint (depth 3): received 46,200 KZT from 1 payers with 0 outgoing transfers.",1,0,46200.0,0.0,0.0009765877187482858,0.0,3,False,False,False,False,False,
100000002257794100,100000002257794100,terminal,0.5,40,0.0335,"Genuine endpoint (depth 3): received 154,000 KZT from 1 payers with 0 outgoing transfers.",1,0,154000.0,0.0,0.0008606341011324361,0.0,3,False,False,False,False,False,
100000003112578100,100000003112578100,terminal,0.5,1,0.0085,"Genuine endpoint (depth 3): received 101,080 KZT from 1 payers with 0 outgoing transfers.",1,0,101080.0,0.0,0.0002903839214275371,0.0,3,False,False,False,False,False,
100000007020162100,100000007020162100,terminal,0.5,1,0.0094,"Genuine endpoint (depth 3): received 86,395 KZT from 1 payers with 0 outgoing transfers.",1,0,86395.0,0.0,0.0003099889827531998,0.0,3,False,False,False,False,False,
100000001934935100,100000001934935100,terminal,0.5,16,0.0086,"Genuine endpoint (depth 3): received 118,935 KZT from 1 payers with 0 outgoing transfers.",1,0,118935.0,0.0,0.0002922677094987423,0.0,3,False,False,False,False,False,
100000002663511100,100000002663511100,terminal,0.5,24,0.0094,"Genuine endpoint (depth 3): received 268,940 KZT from 1 payers with 0 outgoing transfers.",1,0,268940.0,0.0,0.00030941949939910536,0.0,3,False,False,False,False,False,
100000003338583100,100000003338583100,terminal,0.5,37,0.0085,"Genuine endpoint (depth 3): received 21,765 KZT from 1 payers with 0 outgoing transfers.",1,0,21765.0,0.0,0.00029016016283832526,0.0,3,False,False,False,False,False,
100000002904919100,100000002904919100,peripheral,0.3,24,0.0102,"Peripheral flow node with 2 active links (60,325 KZT in, 5,500 KZT out).",1,1,60325.0,5500.0,0.00029091905114297305,0.09117281392457521,3,False,False,False,False,False,-24.0
100000005127767100,100000005127767100,terminal,0.5,2,0.0143,"Genuine endpoint (depth 3): received 7,000 KZT from 1 payers with 0 outgoing transfers.",1,0,7000.0,0.0,0.00042253166627963246,0.0,3,False,False,False,False,False,
100000004066647100,100000004066647100,terminal,0.5,5,0.0087,"Genuine endpoint (depth 3): received 51,000 KZT from 1 payers with 0 outgoing transfers.",1,0,51000.0,0.0,0.0002942910761084242,0.0,3,False,False,False,False,False,
100000002394199100,100000002394199100,peripheral,0.3,6,0.1266,"Peripheral flow node with 2 active links (277,398 KZT in, 76,777 KZT out).",1,1,277398.0,76777.0,0.0029678523915121872,0.2767756076107254,3,False,False,True,False,False,264.0
100000003968044100,100000003968044100,peripheral,0.3,12,0.0139,"Peripheral flow node with 4 active links (40,000 KZT in, 311,000 KZT out).",1,3,40000.0,311000.0,0.000296004155053737,7.775,3,False,False,True,False,False,96.0
100000001808684100,100000001808684100,peripheral,0.3,8,0.0479,"Peripheral flow node with 2 active links (48,400 KZT in, 37,700 KZT out).",1,1,48400.0,37700.0,0.0011690957183659054,0.7789256198347108,3,False,False,True,False,True,-528.0
100000008097580100,100000008097580100,terminal,0.667,16,0.0337,"Genuine endpoint (depth 3): received 32,000 KZT from 2 payers with 0 outgoing transfers.",2,0,32000.0,0.0,0.0006747919200885517,0.0,3,False,False,False,False,True,
100000008687617100,100000008687617100,terminal,0.5,29,0.0086,"Genuine endpoint (depth 3): received 43,350 KZT from 1 payers with 0 outgoing transfers.",1,0,43350.0,0.0,0.0002923352659448677,0.0,3,False,False,False,False,False,
100000005667841100,100000005667841100,terminal,0.667,19,0.0178,"Genuine endpoint (depth 3): received 186,000 KZT from 2 payers with 0 outgoing transfers.",2,0,186000.0,0.0,0.00031222556371948533,0.0,3,False,False,False,False,False,
100000001329153100,100000001329153100,terminal,0.5,16,0.0087,"Genuine endpoint (depth 3): received 150,687 KZT from 1 payers with 0 outgoing transfers.",1,0,150687.0,0.0,0.00029405598109260987,0.0,3,False,False,False,False,False,
100000007689942100,100000007689942100,peripheral,0.3,0,0.0374,"Peripheral flow node with 3 active links (5,000 KZT in, 25,000 KZT out).",1,2,5000.0,25000.0,0.0008925911171850298,5.0,3,False,False,True,False,True,-528.0
100000006476758100,100000006476758100,terminal,0.5,24,0.0185,"Genuine endpoint (depth 3): received 5,200 KZT from 1 payers with 0 outgoing transfers.",1,0,5200.0,0.0,0.0005168074362570573,0.0,3,False,False,False,False,False,
100000002184107100,100000002184107100,terminal,0.5,22,0.0085,"Genuine endpoint (depth 3): received 6,066 KZT from 1 payers with 0 outgoing transfers.",1,0,6066.0,0.0,0.0002901959794883712,0.0,3,False,False,False,False,False,
100000008663723100,100000008663723100,terminal,0.5,29,0.0084,"Genuine endpoint (depth 3): received 15,600 KZT from 1 payers with 0 outgoing transfers.",1,0,15600.0,0.0,0.00028800410757254345,0.0,3,False,False,False,False,False,
100000000254336100,100000000254336100,peripheral,0.3,24,0.0186,"Peripheral flow node with 3 active links (97,177 KZT in, 60,000 KZT out).",2,1,97177.0,60000.0,0.0002919351427687482,0.6174300503205491,3,False,False,False,True,False,24.0
100000008750464100,100000008750464100,terminal,0.5,29,0.0084,"Genuine endpoint (depth 3): received 8,500 KZT from 1 payers with 0 outgoing transfers.",1,0,8500.0,0.0,0.00028689595534034515,0.0,3,False,False,False,False,False,
100000001530709100,100000001530709100,terminal,0.5,16,0.0085,"Genuine endpoint (depth 3): received 53,961 KZT from 1 payers with 0 outgoing transfers.",1,0,53961.0,0.0,0.00028860837595943913,0.0,3,False,False,False,False,False,
100000000656682100,100000000656682100,transit,0.683,16,0.0117,"Receives from 1 payers (71,000 KZT), passes through 113% (80,000 KZT) to 2 accounts.",1,2,71000.0,80000.0,0.0002895680118780556,1.1267605633802817,3,False,False,False,False,False,-168.0
100000008755754100,100000008755754100,terminal,0.5,13,0.0088,"Genuine endpoint (depth 3): received 7,000 KZT from 1 payers with 0 outgoing transfers.",1,0,7000.0,0.0,0.0002958990020703291,0.0,3,False,False,False,False,False,
100000002691583100,100000002691583100,terminal,0.5,21,0.0115,"Genuine endpoint (depth 3): received 285,200 KZT from 1 payers with 0 outgoing transfers.",1,0,285200.0,0.0,0.0003570895620191624,0.0,3,False,False,False,False,False,
100000005241556100,100000005241556100,terminal,0.5,19,0.0199,"Genuine endpoint (depth 3): received 100,000 KZT from 1 payers with 0 outgoing transfers.",1,0,100000.0,0.0,0.0005490718879795895,0.0,3,False,False,False,False,False,
100000004713684100,100000004713684100,terminal,0.5,16,0.0084,"Genuine endpoint (depth 3): received 37,500 KZT from 1 payers with 0 outgoing transfers.",1,0,37500.0,0.0,0.00028768129298177927,0.0,3,False,False,False,False,False,
100000006919124100,100000006919124100,terminal,0.5,16,0.0084,"Genuine endpoint (depth 3): received 25,000 KZT from 1 payers with 0 outgoing transfers.",1,0,25000.0,0.0,0.0002869772933936165,0.0,3,False,False,False,False,False,
100000003006633100,100000003006633100,terminal,0.5,22,0.0087,"Genuine endpoint (depth 3): received 10,000 KZT from 1 payers with 0 outgoing transfers.",1,0,10000.0,0.0,0.0002931965366687916,0.0,3,False,False,False,False,False,
100000008306857100,100000008306857100,terminal,0.5,1,0.0086,"Genuine endpoint (depth 3): received 125,000 KZT from 1 payers with 0 outgoing transfers.",1,0,125000.0,0.0,0.0002915232752351062,0.0,3,False,False,False,False,False,
100000003671721100,100000003671721100,terminal,0.5,17,0.0203,"Genuine endpoint (depth 3): received 5,000 KZT from 1 payers with 0 outgoing transfers.",1,0,5000.0,0.0,0.000558742155523584,0.0,3,False,False,False,False,False,
100000002613929100,100000002613929100,terminal,0.5,6,0.03,"Genuine endpoint (depth 3): received 28,560 KZT from 1 payers with 0 outgoing transfers.",1,0,28560.0,0.0,0.0007809340979896418,0.0,3,False,False,False,False,False,
100000008669310100,100000008669310100,terminal,0.5,16,0.0085,"Genuine endpoint (depth 3): received 59,567 KZT from 1 payers with 0 outgoing transfers.",1,0,59567.0,0.0,0.00028892410569473836,0.0,3,False,False,False,False,False,
100000006573438100,100000006573438100,terminal,0.5,16,0.0089,"Genuine endpoint (depth 3): received 5,000 KZT from 1 payers with 0 outgoing transfers.",1,0,5000.0,0.0,0.000299086879906217,0.0,3,False,False,False,False,False,
100000006165886100,100000006165886100,peripheral,0.3,24,0.0181,"Peripheral flow node with 3 active links (184,481 KZT in, 75,000 KZT out).",2,1,184481.0,75000.0,0.00029856163893927847,0.4065459315593476,3,False,False,False,False,False,264.0
100000008491390100,100000008491390100,terminal,0.5,16,0.0084,"Genuine endpoint (depth 3): received 36,000 KZT from 1 payers with 0 outgoing transfers.",1,0,36000.0,0.0,0.00028759681303119975,0.0,3,False,False,False,False,False,
100000005186131100,100000005186131100,transit,1.0,16,0.01,"Receives from 1 payers (10,000 KZT), passes through 100% (10,000 KZT) to 1 accounts. Rapid turnaround (0h).",1,1,10000.0,10000.0,0.00028613249388782113,1.0,3,False,False,False,True,False,0.0
100000001550419100,100000001550419100,terminal,0.5,1,0.0086,"Genuine endpoint (depth 3): received 23,000 KZT from 1 payers with 0 outgoing transfers.",1,0,23000.0,0.0,0.0002920702819634094,0.0,3,False,False,False,False,False,
100000004979283100,100000004979283100,terminal,0.5,17,0.009,"Genuine endpoint (depth 3): received 40,132 KZT from 1 payers with 0 outgoing transfers.",1,0,40132.0,0.0,0.0003005217649950165,0.0,3,False,False,False,False,False,
100000002537811100,100000002537811100,peripheral,0.3,24,0.0516,"Peripheral flow node with 2 active links (52,000 KZT in, 15,000 KZT out).",1,1,52000.0,15000.0,0.0012313777249476486,0.28846153846153844,3,False,False,False,False,False,-192.0
100000002990675100,100000002990675100,terminal,0.5,7,0.0084,"Genuine endpoint (depth 3): received 51,143 KZT from 1 payers with 0 outgoing transfers.",1,0,51143.0,0.0,0.00028722679660696173,0.0,3,False,False,False,False,False,
100000008763688100,100000008763688100,terminal,0.5,29,0.0085,"Genuine endpoint (depth 3): received 21,000 KZT from 1 payers with 0 outgoing transfers.",1,0,21000.0,0.0,0.00028884692758013086,0.0,3,False,False,False,False,False,
100000002809896100,100000002809896100,terminal,0.5,17,0.009,"Genuine endpoint (depth 3): received 38,000 KZT from 1 payers with 0 outgoing transfers.",1,0,38000.0,0.0,0.0002997274196422279,0.0,3,False,False,False,False,False,
100000008716072100,100000008716072100,terminal,0.5,29,0.0084,"Genuine endpoint (depth 3): received 12,100 KZT from 1 payers with 0 outgoing transfers.",1,0,12100.0,0.0,0.00028745783534540344,0.0,3,False,False,False,False,False,
100000001279272100,100000001279272100,peripheral,0.3,24,0.0227,"Peripheral flow node with 3 active links (250,000 KZT in, 136,758 KZT out).",1,2,250000.0,136758.0,0.0003077398575230603,0.547032,3,False,False,True,True,False,48.0
100000001714173100,100000001714173100,terminal,0.5,19,0.0208,"Genuine endpoint (depth 3): received 638,905 KZT from 1 payers with 0 outgoing transfers.",1,0,638905.0,0.0,0.0005706777097822567,0.0,3,False,False,False,False,False,
100000008729597100,100000008729597100,terminal,0.5,20,0.0091,"Genuine endpoint (depth 3): received 83,090 KZT from 1 payers with 0 outgoing transfers.",1,0,83090.0,0.0,0.0003024747023657885,0.0,3,False,False,False,False,False,
100000002255058100,100000002255058100,terminal,0.5,12,0.0145,"Genuine endpoint (depth 3): received 491,500 KZT from 1 payers with 0 outgoing transfers.",1,0,491500.0,0.0,0.0004261286722180512,0.0,3,False,False,False,False,False,
100000006111442100,100000006111442100,terminal,0.5,19,0.0088,"Genuine endpoint (depth 3): received 64,000 KZT from 1 payers with 0 outgoing transfers.",1,0,64000.0,0.0,0.00029552622405626476,0.0,3,False,False,False,False,False,
100000008686247100,100000008686247100,peripheral,0.3,23,0.0104,"Peripheral flow node with 2 active links (22,000 KZT in, 5,000 KZT out).",1,1,22000.0,5000.0,0.0003136737677799251,0.22727272727272727,3,False,False,True,False,True,288.0
100000001893287100,100000001893287100,peripheral,0.3,8,0.0238,"Peripheral flow node with 2 active links (18,000 KZT in, 152,700 KZT out).",1,1,18000.0,152700.0,0.0006184515295005462,8.483333333333333,3,False,False,True,False,True,-216.0
100000005172860100,100000005172860100,terminal,0.5,0,0.0086,"Genuine endpoint (depth 3): received 15,209 KZT from 1 payers with 0 outgoing transfers.",1,0,15209.2,0.0,0.00029179582395841264,0.0,3,False,False,False,False,False,
100000001788284100,100000001788284100,peripheral,0.3,10,0.0156,"Peripheral flow node with 6 active links (8,000 KZT in, 296,700 KZT out).",1,5,8000.0,296700.0,0.000299382680596746,37.0875,3,False,False,True,False,True,-360.0
100000008755580100,100000008755580100,terminal,0.5,29,0.0084,"Genuine endpoint (depth 3): received 16,000 KZT from 1 payers with 0 outgoing transfers.",1,0,16000.0,0.0,0.0002880665386842166,0.0,3,False,False,False,False,False,
100000003896956100,100000003896956100,peripheral,0.3,2,0.0101,"Peripheral flow node with 2 active links (10,000 KZT in, 27,000 KZT out).",1,1,10000.0,27000.0,0.0002885646095495065,2.7,3,False,False,False,True,True,24.0
100000002475601100,100000002475601100,terminal,0.5,3,0.0091,"Genuine endpoint (depth 3): received 232,301 KZT from 1 payers with 0 outgoing transfers.",1,0,232301.0,0.0,0.0003021143924659961,0.0,3,False,False,False,False,False,
100000008619857100,100000008619857100,peripheral,0.3,16,0.0102,"Peripheral flow node with 3 active links (29,000 KZT in, 13,000 KZT out).",1,2,29000.0,13000.0,0.0002872025732618286,0.4482758620689655,3,False,False,False,False,True,-480.0
100000001373265100,100000001373265100,peripheral,0.3,20,0.0112,"Peripheral flow node with 2 active links (142,482 KZT in, 5,000 KZT out).",1,1,142482.0,5000.0,0.0003145585391783481,0.0350921519911287,3,False,False,False,False,False,-168.0
100000004185681100,100000004185681100,terminal,0.5,16,0.0193,"Genuine endpoint (depth 3): received 10,000 KZT from 1 payers with 0 outgoing transfers.",1,0,10000.0,0.0,0.0005352962052822023,0.0,3,False,False,False,False,False,
100000003031633100,100000003031633100,terminal,0.5,19,0.0096,"Genuine endpoint (depth 3): received 414,000 KZT from 1 payers with 0 outgoing transfers.",1,0,414000.0,0.0,0.00031462612731946766,0.0,3,False,False,False,False,False,
100000002632742100,100000002632742100,terminal,0.667,19,0.0181,"Genuine endpoint (depth 3): received 235,500 KZT from 2 payers with 0 outgoing transfers.",2,0,235500.0,0.0,0.00031756431519578917,0.0,3,False,False,False,False,False,
100000005847078100,100000005847078100,terminal,0.5,29,0.0084,"Genuine endpoint (depth 3): received 16,300 KZT from 1 payers with 0 outgoing transfers.",1,0,16300.0,0.0,0.0002881133620179714,0.0,3,False,False,False,False,False,
100000002807334100,100000002807334100,terminal,0.5,7,0.0084,"Genuine endpoint (depth 3): received 54,715 KZT from 1 payers with 0 outgoing transfers.",1,0,54715.0,0.0,0.00028734256217675437,0.0,3,False,False,False,False,False,
100000008748795100,100000008748795100,terminal,0.5,16,0.0084,"Genuine endpoint (depth 3): received 47,057 KZT from 1 payers with 0 outgoing transfers.",1,0,47057.0,0.0,0.000288219542906905,0.0,3,False,False,False,False,False,
100000003899899100,100000003899899100,peripheral,0.3,2,0.0344,"Peripheral flow node with 3 active links (218,500 KZT in, 10,000 KZT out).",2,1,218500.0,10000.0,0.0006539846029635868,0.04576659038901602,3,False,False,False,False,True,72.0
100000002308091100,100000002308091100,terminal,0.5,13,0.0204,"Genuine endpoint (depth 3): received 186,720 KZT from 1 payers with 0 outgoing transfers.",1,0,186720.0,0.0,0.0005611068728343334,0.0,3,False,False,False,False,False,
100000008680912100,100000008680912100,peripheral,0.3,16,0.0201,"Peripheral flow node with 2 active links (45,112 KZT in, 5,991 KZT out).",1,1,45112.0,5990.85,0.0005351757124790598,0.13279947685759888,3,False,False,True,False,True,120.0
100000008742053100,100000008742053100,peripheral,0.3,19,0.0234,"Peripheral flow node with 13 active links (10,000 KZT in, 2,789,000 KZT out).",1,12,10000.0,2789000.0,0.0002862711500893241,278.9,3,False,False,False,False,False,72.0
100000008473765100,100000008473765100,terminal,0.5,20,0.0086,"Genuine endpoint (depth 3): received 30,000 KZT from 1 payers with 0 outgoing transfers.",1,0,30000.0,0.0,0.0002916730641589798,0.0,3,False,False,False,False,False,
100000007472293100,100000007472293100,peripheral,0.3,19,0.0128,"Peripheral flow node with 4 active links (5,000 KZT in, 345,900 KZT out).",1,3,5000.0,345900.0,0.00028633291495751956,69.18,3,False,False,False,False,False,96.0
100000008753061100,100000008753061100,terminal,0.5,29,0.0085,"Genuine endpoint (depth 3): received 28,400 KZT from 1 payers with 0 outgoing transfers.",1,0,28400.0,0.0,0.000290001903146084,0.0,3,False,False,False,False,False,
100000008501413100,100000008501413100,transit,0.95,24,0.0136,"Receives from 1 payers (5,000 KZT), passes through 102% (5,100 KZT) to 1 accounts. Rapid turnaround (48h).",1,1,5000.0,5100.0,0.00036664528360685786,1.02,3,False,False,False,True,False,48.0
100000002748581100,100000002748581100,terminal,0.5,1,0.0088,"Genuine endpoint (depth 3): received 41,180 KZT from 1 payers with 0 outgoing transfers.",1,0,41180.0,0.0,0.0002972088887992543,0.0,3,False,False,False,False,False,
100000001384826100,100000001384826100,peripheral,0.3,7,0.0105,"Peripheral flow node with 2 active links (364,260 KZT in, 10,000 KZT out).",1,1,364260.0,10000.0,0.0002973746599655164,0.027452918245209467,3,False,False,False,False,False,288.0
100000004099450100,100000004099450100,terminal,0.5,5,0.0088,"Genuine endpoint (depth 3): received 31,000 KZT from 1 payers with 0 outgoing transfers.",1,0,31000.0,0.0,0.00029616586394753193,0.0,3,False,False,False,False,False,
100000002926970100,100000002926970100,terminal,0.5,17,0.0097,"Genuine endpoint (depth 3): received 85,000 KZT from 1 payers with 0 outgoing transfers.",1,0,85000.0,0.0,0.00031723878529938684,0.0,3,False,False,False,False,False,
100000002753146100,100000002753146100,terminal,0.5,1,0.01,"Genuine endpoint (depth 3): received 803,540 KZT from 1 payers with 0 outgoing transfers.",1,0,803540.0,0.0,0.00032384338947373374,0.0,3,False,False,False,False,False,
100000003943247100,100000003943247100,terminal,0.5,16,0.0084,"Genuine endpoint (depth 3): received 40,000 KZT from 1 payers with 0 outgoing transfers.",1,0,40000.0,0.0,0.0002878220928994118,0.0,3,False,False,False,False,False,
100000002872399100,100000002872399100,terminal,0.5,6,0.0267,"Genuine endpoint (depth 3): received 1,090,000 KZT from 1 payers with 0 outgoing transfers.",1,0,1090000.0,0.0,0.0007057669186571367,0.0,3,False,False,False,False,False,
100000008417359100,100000008417359100,peripheral,0.3,22,0.0103,"Peripheral flow node with 3 active links (40,810 KZT in, 110,760 KZT out).",1,2,40810.0,110760.0,0.0002919927493261819,2.714040676304827,3,False,False,True,False,True,-144.0
100000002614095100,100000002614095100,terminal,0.5,29,0.0084,"Genuine endpoint (depth 3): received 5,300 KZT from 1 payers with 0 outgoing transfers.",1,0,5300.0,0.0,0.00028639650644696,0.0,3,False,False,False,False,False,
100000004717647100,100000004717647100,peripheral,0.3,16,0.048,"Peripheral flow node with 6 active links (300,000 KZT in, 2,240,000 KZT out).",1,5,300000.0,2240000.0,0.0010233609552644499,7.466666666666667,3,False,False,True,False,False,-600.0
100000008537380100,100000008537380100,terminal,0.5,29,0.0084,"Genuine endpoint (depth 3): received 8,000 KZT from 1 payers with 0 outgoing transfers.",1,0,8000.0,0.0,0.00028681791645075375,0.0,3,False,False,False,False,False,
100000001534244100,100000001534244100,peripheral,0.3,19,0.0208,"Peripheral flow node with 3 active links (366,000 KZT in, 45,000 KZT out).",2,1,366000.0,45000.0,0.00034150708804052437,0.12295081967213115,3,False,False,False,False,False,-624.0
100000008767950100,100000008767950100,terminal,0.5,29,0.0085,"Genuine endpoint (depth 3): received 17,350 KZT from 1 payers with 0 outgoing transfers.",1,0,17350.0,0.0,0.0002882772436861134,0.0,3,False,False,False,False,False,
100000004613582100,100000004613582100,peripheral,0.3,6,0.0209,"Peripheral flow node with 2 active links (5,000 KZT in, 9,500 KZT out).",1,1,5000.0,9500.0,0.0005534434661680618,1.9,3,False,False,False,False,False,360.0
100000008121806100,100000008121806100,coordinator,1.0,3,0.0493,"High betweenness (0.0008) bridging 5 counterparties across clusters. Volume: 315,509 KZT; return cycle detected.",1,4,67000.0,248509.0,0.0003003687971376974,3.709089552238806,3,False,False,True,True,False,0.0
100000002369443100,100000002369443100,terminal,0.5,29,0.0087,"Genuine endpoint (depth 3): received 50,000 KZT from 1 payers with 0 outgoing transfers.",1,0,50000.0,0.0,0.00029337318317643364,0.0,3,False,False,False,False,False,
100000008655779100,100000008655779100,peripheral,0.3,26,0.0172,"Peripheral flow node with 3 active links (47,000 KZT in, 24,704 KZT out).",1,2,47000.0,24704.0,0.00039705232861292827,0.5256170212765957,3,False,False,False,False,False,360.0
100000008561016100,100000008561016100,transit,0.931,19,0.0105,"Receives from 1 payers (180,000 KZT), passes through 103% (185,000 KZT) to 1 accounts. Rapid turnaround (0h).",1,1,180000.0,185000.0,0.0002948428406003132,1.0277777777777777,3,False,False,False,True,False,0.0
100000002727288100,100000002727288100,terminal,0.5,2,0.0119,"Genuine endpoint (depth 3): received 16,000 KZT from 1 payers with 0 outgoing transfers.",1,0,16000.0,0.0,0.00036616923373624543,0.0,3,False,False,False,False,False,
100000001270349100,100000001270349100,terminal,0.5,6,0.0114,"Genuine endpoint (depth 3): received 200,000 KZT from 1 payers with 0 outgoing transfers.",1,0,200000.0,0.0,0.0003553003383239651,0.0,3,False,False,False,False,False,
100000004722765100,100000004722765100,peripheral,0.3,16,0.0261,"Peripheral flow node with 4 active links (230,000 KZT in, 2,284,500 KZT out).",1,3,230000.0,2284500.0,0.0005815882668655412,9.932608695652174,3,False,False,False,False,False,-144.0
100000001677389100,100000001677389100,peripheral,0.3,22,0.0101,"Peripheral flow node with 2 active links (11,000 KZT in, 5,400 KZT out).",1,1,11000.0,5400.0,0.00028863096954467773,0.4909090909090909,3,False,False,False,False,False,-384.0
100000005857058100,100000005857058100,terminal,1.0,2,0.0296,"Genuine endpoint (depth 3): received 80,222 KZT from 3 payers with 0 outgoing transfers.",3,0,80222.0,0.0,0.0003899337552291797,0.0,3,False,False,False,False,False,
100000008760098100,100000008760098100,peripheral,0.3,19,0.0095,"Peripheral flow node with 2 active links (7,000 KZT in, 390,000 KZT out).",1,1,7000.0,390000.0,0.00028663836325361103,55.714285714285715,3,False,False,False,False,False,96.0
100000002838519100,100000002838519100,terminal,0.5,1,0.0089,"Genuine endpoint (depth 3): received 46,900 KZT from 1 payers with 0 outgoing transfers.",1,0,46900.0,0.0,0.0002988256561865499,0.0,3,False,False,False,False,False,
100000002597623100,100000002597623100,terminal,0.5,16,0.0084,"Genuine endpoint (depth 3): received 16,418 KZT from 1 payers with 0 outgoing transfers.",1,0,16418.0,0.0,0.0002864939554363674,0.0,3,False,False,False,False,False,
100000003635660100,100000003635660100,terminal,0.5,20,0.0086,"Genuine endpoint (depth 3): received 18,985 KZT from 1 payers with 0 outgoing transfers.",1,0,18985.0,0.0,0.0002905219400417891,0.0,3,False,False,False,False,False,
100000008676812100,100000008676812100,terminal,0.5,5,0.0165,"Genuine endpoint (depth 3): received 230,800 KZT from 1 payers with 0 outgoing transfers.",1,0,230800.0,0.0,0.0004731341579895603,0.0,3,False,False,False,False,False,
100000003213473100,100000003213473100,peripheral,0.3,0,0.0222,"Peripheral flow node with 12 active links (57,500 KZT in, 240,000 KZT out).",1,11,57500.0,240000.0,0.00028880769232283976,4.173913043478261,3,False,False,True,False,False,-552.0
100000003071649100,100000003071649100,terminal,0.5,19,0.0088,"Genuine endpoint (depth 3): received 189,500 KZT from 1 payers with 0 outgoing transfers.",1,0,189500.0,0.0,0.00029533227777052824,0.0,3,False,False,False,False,False,
100000002433697100,100000002433697100,transit,0.615,7,0.0101,"Receives from 1 payers (130,000 KZT), passes through 85% (110,000 KZT) to 1 accounts. Rapid turnaround (0h).",1,1,130000.0,110000.0,0.0002897824868469217,0.8461538461538461,3,False,False,False,True,False,0.0
100000008612257100,100000008612257100,terminal,0.5,20,0.0084,"Genuine endpoint (depth 3): received 9,500 KZT from 1 payers with 0 outgoing transfers.",1,0,9500.0,0.0,0.00028786387694202796,0.0,3,False,False,False,False,False,
100000002736033100,100000002736033100,peripheral,0.3,22,0.0104,"Peripheral flow node with 2 active links (34,530 KZT in, 11,000 KZT out).",1,1,34530.0,11000.0,0.0002951801714040789,0.3185635679119606,3,False,False,False,False,False,480.0
100000008687990100,100000008687990100,terminal,0.5,29,0.0085,"Genuine endpoint (depth 3): received 17,600 KZT from 1 payers with 0 outgoing transfers.",1,0,17600.0,0.0,0.00028831626313090915,0.0,3,False,False,False,False,False,
100000008776310100,100000008776310100,terminal,0.5,29,0.0085,"Genuine endpoint (depth 3): received 19,200 KZT from 1 payers with 0 outgoing transfers.",1,0,19200.0,0.0,0.00028856598757760174,0.0,3,False,False,False,False,False,
100000007267915100,100000007267915100,peripheral,0.3,22,0.0178,"Peripheral flow node with 3 active links (21,000 KZT in, 10,000 KZT out).",2,1,21000.0,10000.0,0.00029139460697907583,0.47619047619047616,3,False,False,False,True,True,48.0
100000004217419100,100000004217419100,peripheral,0.3,20,0.0314,"Peripheral flow node with 3 active links (118,200 KZT in, 7,700 KZT out).",2,1,118200.0,7700.0,0.0005841829530235464,0.06514382402707276,3,False,False,False,False,False,72.0
100000002773323100,100000002773323100,peripheral,0.3,19,0.0201,"Peripheral flow node with 3 active links (285,000 KZT in, 1,171,644 KZT out).",2,1,285000.0,1171644.0,0.0003254977886002255,4.111031578947369,3,False,False,False,False,False,360.0
100000002528544100,100000002528544100,terminal,0.5,3,0.0089,"Genuine endpoint (depth 3): received 192,912 KZT from 1 payers with 0 outgoing transfers.",1,0,192912.0,0.0,0.0002993090025842554,0.0,3,False,False,False,False,False,
100000003760160100,100000003760160100,terminal,0.5,7,0.0085,"Genuine endpoint (depth 3): received 104,470 KZT from 1 payers with 0 outgoing transfers.",1,0,104470.0,0.0,0.00028895508063281035,0.0,3,False,False,False,False,False,
100000000640800100,100000000640800100,peripheral,0.3,3,0.0182,"Peripheral flow node with 5 active links (80,000 KZT in, 518,135 KZT out).",1,4,80000.0,518135.0,0.00030324034248046286,6.4766875,3,False,False,False,False,False,-24.0
100000008238112100,100000008238112100,terminal,0.5,7,0.0086,"Genuine endpoint (depth 3): received 190,000 KZT from 1 payers with 0 outgoing transfers.",1,0,190000.0,0.0,0.0002917270372913667,0.0,3,False,False,False,False,False,
100000008751349100,100000008751349100,terminal,0.5,21,0.0085,"Genuine endpoint (depth 3): received 11,630 KZT from 1 payers with 0 outgoing transfers.",1,0,11630.0,0.0,0.00028848577638606985,0.0,3,False,False,False,False,False,
100000002963189100,100000002963189100,peripheral,0.3,1,0.0238,"Peripheral flow node with 8 active links (490,000 KZT in, 5,219,000 KZT out).",1,7,490000.0,5219000.0,0.00042406859837372784,10.651020408163266,3,False,False,True,False,False,-240.0
100000008548853100,100000008548853100,terminal,0.5,29,0.0084,"Genuine endpoint (depth 3): received 14,000 KZT from 1 payers with 0 outgoing transfers.",1,0,14000.0,0.0,0.00028775438312585085,0.0,3,False,False,False,False,False,
100000003164661100,100000003164661100,terminal,0.5,62,0.0221,"Genuine endpoint (depth 3): received 596,200 KZT from 1 payers with 0 outgoing transfers.",1,0,596200.0,0.0,0.0006007384807220605,0.0,3,False,False,False,False,False,
100000000791285100,100000000791285100,peripheral,0.3,21,0.0247,"Peripheral flow node with 4 active links (1,120,000 KZT in, 650,000 KZT out).",1,3,1120000.0,650000.0,0.0005664343010128593,0.5803571428571429,3,False,False,True,False,False,-552.0
100000003192309100,100000003192309100,peripheral,0.3,31,0.0094,"Peripheral flow node with 2 active links (17,200 KZT in, 213,000 KZT out).",1,1,17200.0,213000.0,0.000288253832019236,12.383720930232558,3,False,False,False,False,False,384.0
100000002891765100,100000002891765100,terminal,0.5,1,0.009,"Genuine endpoint (depth 3): received 55,576 KZT from 1 payers with 0 outgoing transfers.",1,0,55576.0,0.0,0.0003012779418250422,0.0,3,False,False,False,False,False,
100000001740277100,100000001740277100,peripheral,0.3,6,0.0129,"Peripheral flow node with 2 active links (8,700 KZT in, 5,000 KZT out).",1,1,8700.0,5000.0,0.0003696934153229427,0.5747126436781609,3,False,False,True,True,False,48.0
100000002232266100,100000002232266100,terminal,0.5,20,0.0087,"Genuine endpoint (depth 3): received 45,000 KZT from 1 payers with 0 outgoing transfers.",1,0,45000.0,0.0,0.0002947249491298242,0.0,3,False,False,False,False,False,
100000006701983100,100000006701983100,terminal,0.5,29,0.0085,"Genuine endpoint (depth 3): received 27,000 KZT from 1 payers with 0 outgoing transfers.",1,0,27000.0,0.0,0.000289783394255228,0.0,3,False,False,False,False,False,
100000002871199100,100000002871199100,terminal,0.5,1,0.0086,"Genuine endpoint (depth 3): received 23,186 KZT from 1 payers with 0 outgoing transfers.",1,0,23186.0,0.0,0.00029212285516866057,0.0,3,False,False,False,False,False,
100000002757791100,100000002757791100,terminal,0.5,6,0.0094,"Genuine endpoint (depth 3): received 73,050 KZT from 1 payers with 0 outgoing transfers.",1,0,73050.0,0.0,0.0003110385580772536,0.0,3,False,False,False,False,False,
100000000572276100,100000000572276100,peripheral,0.3,30,0.0093,"Peripheral flow node with 2 active links (13,075 KZT in, 34,547 KZT out).",1,1,13075.0,34547.0,0.00028761001118010675,2.6422179732313578,3,False,False,False,False,False,312.0
100000001853812100,100000001853812100,terminal,0.5,20,0.009,"Genuine endpoint (depth 3): received 70,000 KZT from 1 payers with 0 outgoing transfers.",1,0,70000.0,0.0,0.00029981142408123165,0.0,3,False,False,False,False,False,
100000004726132100,100000004726132100,peripheral,0.3,24,0.0113,"Peripheral flow node with 2 active links (349,000 KZT in, 24,000 KZT out).",1,1,349000.0,24000.0,0.00031651940059214493,0.06876790830945559,3,False,False,False,False,True,96.0
100000001785161100,100000001785161100,terminal,0.667,25,0.0187,"Genuine endpoint (depth 3): received 30,000 KZT from 2 payers with 0 outgoing transfers.",2,0,30000.0,0.0,0.0003312208709043081,0.0,3,False,False,False,False,False,
100000002612809100,100000002612809100,peripheral,0.3,14,0.0172,"Peripheral flow node with 4 active links (30,000 KZT in, 114,000 KZT out).",1,3,30000.0,114000.0,0.00042829267239375297,3.8,3,False,False,True,False,True,-72.0
100000008769097100,100000008769097100,terminal,0.5,29,0.0085,"Genuine endpoint (depth 3): received 31,100 KZT from 1 payers with 0 outgoing transfers.",1,0,31100.0,0.0,0.0002904233131498777,0.0,3,False,False,False,False,False,
100000004488265100,100000004488265100,terminal,0.5,20,0.0087,"Genuine endpoint (depth 3): received 38,740 KZT from 1 payers with 0 outgoing transfers.",1,0,38740.0,0.0,0.0002934512958019918,0.0,3,False,False,False,False,False,
100000002509598100,100000002509598100,terminal,0.5,1,0.009,"Genuine endpoint (depth 3): received 305,550 KZT from 1 payers with 0 outgoing transfers.",1,0,305550.0,0.0,0.00030012320541723873,0.0,3,False,False,False,False,False,
100000008706846100,100000008706846100,terminal,0.5,29,0.0084,"Genuine endpoint (depth 3): received 14,200 KZT from 1 payers with 0 outgoing transfers.",1,0,14200.0,0.0,0.00028778559868168743,0.0,3,False,False,False,False,False,
100000001280798100,100000001280798100,terminal,0.5,17,0.0087,"Genuine endpoint (depth 3): received 23,785 KZT from 1 payers with 0 outgoing transfers.",1,0,23785.0,0.0,0.0002944311629865574,0.0,3,False,False,False,False,False,
100000006664478100,100000006664478100,transit,0.773,6,0.0246,"Receives from 1 payers (55,000 KZT), passes through 109% (60,000 KZT) to 2 accounts.",1,2,55000.0,60000.0,0.0006168426303113121,1.0909090909090908,3,False,False,False,False,False,72.0
100000003781406100,100000003781406100,terminal,0.5,13,0.0275,"Genuine endpoint (depth 3): received 45,000 KZT from 1 payers with 0 outgoing transfers.",1,0,45000.0,0.0,0.0007228806641155316,0.0,3,False,False,False,False,False,
100000008708595100,100000008708595100,terminal,0.5,29,0.0085,"Genuine endpoint (depth 3): received 17,200 KZT from 1 payers with 0 outgoing transfers.",1,0,17200.0,0.0,0.000288253832019236,0.0,3,False,False,False,False,False,
100000004611571100,100000004611571100,terminal,0.5,16,0.0084,"Genuine endpoint (depth 3): received 22,550 KZT from 1 payers with 0 outgoing transfers.",1,0,22550.0,0.0,0.00028683930947433656,0.0,3,False,False,False,False,False,
100000008576243100,100000008576243100,terminal,0.667,16,0.0765,"Genuine endpoint (depth 3): received 82,920 KZT from 2 payers with 0 outgoing transfers.",2,0,82920.0,0.0,0.001651573788868351,0.0,3,False,False,False,False,False,
100000008662216100,100000008662216100,terminal,0.5,29,0.0085,"Genuine endpoint (depth 3): received 26,200 KZT from 1 payers with 0 outgoing transfers.",1,0,26200.0,0.0,0.00028965853203188175,0.0,3,False,False,False,False,False,
100000002681544100,100000002681544100,terminal,0.667,16,0.0189,"Genuine endpoint (depth 3): received 166,072 KZT from 2 payers with 0 outgoing transfers.",2,0,166072.0,0.0,0.00033571724351569673,0.0,3,False,False,False,False,False,
100000007864477100,100000007864477100,peripheral,0.3,16,0.0256,"Peripheral flow node with 8 active links (76,000 KZT in, 203,500 KZT out).",2,6,76000.0,203500.0,0.0003047746949631922,2.6776315789473686,3,False,False,False,False,False,-48.0
100000004746397100,100000004746397100,peripheral,0.3,0,0.0355,"Peripheral flow node with 2 active links (219,520 KZT in, 7,500 KZT out).",1,1,219520.0,7500.0,0.00029268375611003365,0.03416545189504373,3,False,False,True,False,False,-648.0
100000003814002100,100000003814002100,terminal,0.5,7,0.0084,"Genuine endpoint (depth 3): received 30,000 KZT from 1 payers with 0 outgoing transfers.",1,0,30000.0,0.0,0.00028654156943951336,0.0,3,False,False,False,False,False,
100000003962994100,100000003962994100,terminal,0.5,2,0.0169,"Genuine endpoint (depth 3): received 10,000 KZT from 1 payers with 0 outgoing transfers.",1,0,10000.0,0.0,0.0004812298257349217,0.0,3,False,False,False,False,False,
100000003366471100,100000003366471100,peripheral,0.3,20,0.0216,"Peripheral flow node with 3 active links (329,789 KZT in, 20,000 KZT out).",2,1,329789.0,20000.0,0.0003604911511540956,0.0606448365470043,3,False,False,False,False,False,600.0
100000003561031100,100000003561031100,peripheral,0.3,20,0.0101,"Peripheral flow node with 2 active links (13,300 KZT in, 5,000 KZT out).",1,1,13300.0,5000.0,0.00028827529889143965,0.37593984962406013,3,False,False,False,False,False,-528.0
100000001690439100,100000001690439100,terminal,0.5,16,0.0167,"Genuine endpoint (depth 3): received 14,200 KZT from 1 payers with 0 outgoing transfers.",1,0,14200.0,0.0,0.00047706727238734387,0.0,3,False,False,False,False,False,
100000002954780100,100000002954780100,terminal,0.5,19,0.0086,"Genuine endpoint (depth 3): received 133,400 KZT from 1 payers with 0 outgoing transfers.",1,0,133400.0,0.0,0.00029244202248115297,0.0,3,False,False,False,False,False,
100000008720668100,100000008720668100,terminal,0.5,29,0.0084,"Genuine endpoint (depth 3): received 16,000 KZT from 1 payers with 0 outgoing transfers.",1,0,16000.0,0.0,0.0002880665386842166,0.0,3,False,False,False,False,False,
100000002459164100,100000002459164100,terminal,0.5,22,0.0196,"Genuine endpoint (depth 3): received 20,000 KZT from 1 payers with 0 outgoing transfers.",1,0,20000.0,0.0,0.0005418286835835176,0.0,3,False,False,False,False,False,
100000005082652100,100000005082652100,terminal,0.5,6,0.0137,"Genuine endpoint (depth 3): received 30,000 KZT from 1 payers with 0 outgoing transfers.",1,0,30000.0,0.0,0.00040800365167801905,0.0,3,False,False,False,False,False,
100000005041905100,100000005041905100,peripheral,0.3,29,0.0092,"Peripheral flow node with 2 active links (5,000 KZT in, 1,080,351 KZT out).",1,1,5000.0,1080351.0,0.00028634968311320514,216.0702,3,False,False,True,False,False,-552.0
100000008653041100,100000008653041100,terminal,0.5,29,0.0085,"Genuine endpoint (depth 3): received 28,000 KZT from 1 payers with 0 outgoing transfers.",1,0,28000.0,0.0,0.00028993947203441087,0.0,3,False,False,False,False,False,
100000008722417100,100000008722417100,peripheral,0.3,7,0.0136,"Peripheral flow node with 4 active links (331,900 KZT in, 720,000 KZT out).",1,3,331900.0,720000.0,0.0002963258990924791,2.16932811087677,3,False,False,False,True,False,0.0
100000008625905100,100000008625905100,peripheral,0.3,2,0.023,"Peripheral flow node with 3 active links (197,800 KZT in, 635,000 KZT out).",1,2,197800.0,635000.0,0.0005453128171044595,3.210313447927199,3,False,False,False,False,False,-624.0
100000007487729100,100000007487729100,terminal,0.5,5,0.0087,"Genuine endpoint (depth 3): received 25,000 KZT from 1 payers with 0 outgoing transfers.",1,0,25000.0,0.0,0.0002941149149674853,0.0,3,False,False,False,False,False,
100000000838385100,100000000838385100,peripheral,0.3,26,0.0825,"Peripheral flow node with 3 active links (436,900 KZT in, 177,500 KZT out).",1,2,436900.0,177500.0,0.0019211545642599107,0.40627145799954223,3,False,False,True,True,False,24.0
100000004750321100,100000004750321100,terminal,0.667,8,0.0178,"Genuine endpoint (depth 3): received 50,185 KZT from 2 payers with 0 outgoing transfers.",2,0,50185.0,0.0,0.00031253610038112624,0.0,3,False,False,False,False,False,
100000008664774100,100000008664774100,terminal,0.5,29,0.0084,"Genuine endpoint (depth 3): received 16,300 KZT from 1 payers with 0 outgoing transfers.",1,0,16300.0,0.0,0.0002881133620179714,0.0,3,False,False,False,False,False,
100000006274203100,100000006274203100,peripheral,0.3,5,0.0359,"Peripheral flow node with 5 active links (3,417,512 KZT in, 72,000 KZT out).",2,3,3417512.0,72000.0,0.0006321051467844574,0.02106795821053445,3,False,False,True,False,False,-72.0
100000002185328100,100000002185328100,peripheral,0.3,15,0.0171,"Peripheral flow node with 5 active links (15,000 KZT in, 55,000 KZT out).",1,4,15000.0,55000.0,0.0003518471698066024,3.6666666666666665,3,False,False,False,False,True,-96.0
100000008254576100,100000008254576100,peripheral,0.3,22,0.0102,"Peripheral flow node with 2 active links (8,000 KZT in, 60,000 KZT out).",1,1,8000.0,60000.0,0.00029167108817849144,7.5,3,False,False,False,False,False,-672.0
100000001689968100,100000001689968100,terminal,1.0,20,0.0273,"Genuine endpoint (depth 3): received 344,334 KZT from 3 payers with 0 outgoing transfers.",3,0,344333.75,0.0,0.00033914310918301173,0.0,3,False,False,False,False,False,
100000002236528100,100000002236528100,terminal,0.5,16,0.0093,"Genuine endpoint (depth 3): received 66,000 KZT from 1 payers with 0 outgoing transfers.",1,0,66000.0,0.0,0.0003072417833612642,0.0,3,False,False,False,False,False,
100000002670960100,100000002670960100,terminal,0.5,1,0.0093,"Genuine endpoint (depth 3): received 480,310 KZT from 1 payers with 0 outgoing transfers.",1,0,480310.0,0.0,0.000308447347198626,0.0,3,False,False,False,False,False,
100000003557488100,100000003557488100,peripheral,0.3,9,0.0238,"Peripheral flow node with 3 active links (664,992 KZT in, 138,000 KZT out).",1,2,664992.0,138000.0,0.000580971814726147,0.20752129348924497,3,False,False,True,True,True,0.0
100000003888197100,100000003888197100,terminal,0.5,7,0.0085,"Genuine endpoint (depth 3): received 83,167 KZT from 1 payers with 0 outgoing transfers.",1,0,83167.0,0.0,0.00028826466799751016,0.0,3,False,False,False,False,False,
100000002799941100,100000002799941100,terminal,0.5,5,0.0128,"Genuine endpoint (depth 3): received 600,000 KZT from 1 payers with 0 outgoing transfers.",1,0,600000.0,0.0,0.00038817849293650654,0.0,3,False,False,False,False,False,
100000001632325100,100000001632325100,terminal,0.5,29,0.0089,"Genuine endpoint (depth 3): received 85,600 KZT from 1 payers with 0 outgoing transfers.",1,0,85600.0,0.0,0.0002989295521153433,0.0,3,False,False,False,False,False,
100000008620570100,100000008620570100,peripheral,0.3,19,0.0224,"Peripheral flow node with 4 active links (145,000 KZT in, 31,800 KZT out).",2,2,145000.0,31800.0,0.0003485384395879508,0.2193103448275862,3,False,False,False,False,False,-168.0
100000005308954100,100000005308954100,peripheral,0.3,2,0.0132,"Peripheral flow node with 2 active links (69,020 KZT in, 30,000 KZT out).",1,1,69020.0,30000.0,0.0003594505153223282,0.43465662126919735,3,False,False,False,False,False,120.0
100000008468762100,100000008468762100,terminal,0.667,19,0.0178,"Genuine endpoint (depth 3): received 170,000 KZT from 2 payers with 0 outgoing transfers.",2,0,170000.0,0.0,0.000310405073841,0.0,3,False,False,False,False,False,
100000002305007100,100000002305007100,terminal,0.5,29,0.0087,"Genuine endpoint (depth 3): received 56,000 KZT from 1 payers with 0 outgoing transfers.",1,0,56000.0,0.0,0.0002943096498515308,0.0,3,False,False,False,False,False,
100000008314863100,100000008314863100,terminal,0.5,12,0.0185,"Genuine endpoint (depth 3): received 12,000 KZT from 1 payers with 0 outgoing transfers.",1,0,12000.0,0.0,0.0005170968391841085,0.0,3,False,False,False,False,False,
100000005709551100,100000005709551100,terminal,0.5,11,0.0087,"Genuine endpoint (depth 3): received 24,560 KZT from 1 payers with 0 outgoing transfers.",1,0,24560.0,0.0,0.0002946608436289569,0.0,3,False,False,False,False,False,
100000008297199100,100000008297199100,terminal,0.5,20,0.0088,"Genuine endpoint (depth 3): received 42,268 KZT from 1 payers with 0 outgoing transfers.",1,0,42268.0,0.0,0.0002965958116631634,0.0,3,False,False,False,False,False,
100000003271151100,100000003271151100,terminal,0.5,20,0.0095,"Genuine endpoint (depth 3): received 127,294 KZT from 1 payers with 0 outgoing transfers.",1,0,127294.0,0.0,0.00031146840391586903,0.0,3,False,False,False,False,False,
100000007005380100,100000007005380100,terminal,0.5,8,0.0091,"Genuine endpoint (depth 3): received 9,400 KZT from 1 payers with 0 outgoing transfers.",1,0,9400.0,0.0,0.000303095707083968,0.0,3,False,False,False,False,False,
100000004451012100,100000004451012100,peripheral,0.3,5,0.0138,"Peripheral flow node with 4 active links (91,245 KZT in, 65,740 KZT out).",1,3,91245.0,65740.0,0.0003011735881125156,0.7204778344018851,3,False,False,False,False,False,-480.0
100000004779204100,100000004779204100,peripheral,0.3,16,0.01,"Peripheral flow node with 2 active links (30,450 KZT in, 20,000 KZT out).",1,1,30450.0,20000.0,0.0002872842372140555,0.6568144499178982,3,False,False,False,False,True,-48.0
100000002793881100,100000002793881100,terminal,1.0,19,0.0289,"Genuine endpoint (depth 3): received 785,600 KZT from 3 payers with 0 outgoing transfers.",3,0,785600.0,0.0,0.00037508314707973827,0.0,3,False,False,False,False,False,
100000008671129100,100000008671129100,terminal,0.5,29,0.0085,"Genuine endpoint (depth 3): received 26,200 KZT from 1 payers with 0 outgoing transfers.",1,0,26200.0,0.0,0.00028965853203188175,0.0,3,False,False,False,False,False,
100000002095257100,100000002095257100,terminal,0.5,13,0.0132,"Genuine endpoint (depth 3): received 8,500 KZT from 1 payers with 0 outgoing transfers.",1,0,8500.0,0.0,0.0003967338202422219,0.0,3,False,False,False,False,False,
100000002194329100,100000002194329100,terminal,0.5,16,0.0084,"Genuine endpoint (depth 3): received 25,170 KZT from 1 payers with 0 outgoing transfers.",1,0,25170.0,0.0,0.00028698686778801547,0.0,3,False,False,False,False,False,
100000001884825100,100000001884825100,terminal,1.0,19,0.0274,"Genuine endpoint (depth 3): received 495,000 KZT from 3 payers with 0 outgoing transfers.",3,0,495000.0,0.0,0.0003400964668098244,0.0,3,False,False,False,False,False,
100000008692291100,100000008692291100,transit,0.938,4,0.0311,"Receives from 3 payers (160,000 KZT), passes through 98% (156,000 KZT) to 3 accounts.",3,3,160000.0,156000.0,0.000307852986577175,0.975,3,False,False,False,False,False,-96.0
100000002697752100,100000002697752100,terminal,0.667,20,0.0186,"Genuine endpoint (depth 3): received 190,785 KZT from 2 payers with 0 outgoing transfers.",2,0,190785.0,0.0,0.00032958004304152585,0.0,3,False,False,False,False,False,
100000007170072100,100000007170072100,transit,0.988,3,0.0125,"Receives from 1 payers (100,000 KZT), passes through 100% (99,500 KZT) to 2 accounts. Rapid turnaround (48h).",1,2,100000.0,99500.0,0.0003076581045462558,0.995,3,False,False,False,True,True,48.0
100000002373144100,100000002373144100,peripheral,0.3,24,0.0101,"Peripheral flow node with 2 active links (46,468 KZT in, 10,764 KZT out).",1,1,46468.0,10764.0,0.00028969018116006086,0.2316432813979513,3,False,False,False,False,False,120.0
100000000287768100,100000000287768100,terminal,0.5,24,0.0085,"Genuine endpoint (depth 3): received 35,168 KZT from 1 payers with 0 outgoing transfers.",1,0,35168.0,0.0,0.0002886880716986401,0.0,3,False,False,False,False,False,
100000004508696100,100000004508696100,peripheral,0.3,2,0.0184,"Peripheral flow node with 4 active links (7,000 KZT in, 111,000 KZT out).",1,3,7000.0,111000.0,0.00042253166627963246,15.857142857142858,3,False,False,True,False,True,-360.0
100000008688109100,100000008688109100,terminal,0.5,29,0.0084,"Genuine endpoint (depth 3): received 12,800 KZT from 1 payers with 0 outgoing transfers.",1,0,12800.0,0.0,0.0002875670897908314,0.0,3,False,False,False,False,False,
100000008724461100,100000008724461100,peripheral,0.3,19,0.0103,"Peripheral flow node with 2 active links (100,111 KZT in, 130,000 KZT out).",1,1,100111.0,130000.0,0.00029072698311701726,1.298558599954051,3,False,False,False,True,False,0.0
100000001714413100,100000001714413100,terminal,0.5,7,0.0087,"Genuine endpoint (depth 3): received 250,172 KZT from 1 payers with 0 outgoing transfers.",1,0,250172.0,0.0,0.00029367716211375244,0.0,3,False,False,False,False,False,
100000008672493100,100000008672493100,terminal,0.5,29,0.0084,"Genuine endpoint (depth 3): received 14,000 KZT from 1 payers with 0 outgoing transfers.",1,0,14000.0,0.0,0.00028775438312585085,0.0,3,False,False,False,False,False,
100000003241965100,100000003241965100,terminal,0.5,17,0.0086,"Genuine endpoint (depth 3): received 15,000 KZT from 1 payers with 0 outgoing transfers.",1,0,15000.0,0.0,0.0002911580279376608,0.0,3,False,False,False,False,False,
100000002241986100,100000002241986100,peripheral,0.3,7,0.0184,"Peripheral flow node with 7 active links (280,000 KZT in, 3,077,000 KZT out).",1,6,280000.0,3077000.0,0.00029464386295803416,10.989285714285714,3,False,False,False,False,False,-696.0
100000004140994100,100000004140994100,terminal,0.5,29,0.0085,"Genuine endpoint (depth 3): received 18,650 KZT from 1 payers with 0 outgoing transfers.",1,0,18650.0,0.0,0.00028848014479905114,0.0,3,False,False,False,False,False,
100000008489922100,100000008489922100,coordinator,1.0,19,0.1186,"High betweenness (0.0009) bridging 39 counterparties across clusters. Volume: 4,051,910 KZT; return cycle detected.",3,36,262010.0,3789900.0,0.0005858952858663095,14.464715087210411,3,False,False,True,False,False,-72.0
100000001252290100,100000001252290100,peripheral,0.3,7,0.0101,"Peripheral flow node with 2 active links (141,005 KZT in, 5,000 KZT out).",1,1,141005.0,5000.0,0.000290139149807607,0.03545973547037339,3,False,False,False,False,False,-432.0
100000008667799100,100000008667799100,terminal,0.5,29,0.0086,"Genuine endpoint (depth 3): received 34,000 KZT from 1 payers with 0 outgoing transfers.",1,0,34000.0,0.0,0.000290875938709508,0.0,3,False,False,False,False,False,
100000008684951100,100000008684951100,terminal,0.5,29,0.0085,"Genuine endpoint (depth 3): received 17,200 KZT from 1 payers with 0 outgoing transfers.",1,0,17200.0,0.0,0.000288253832019236,0.0,3,False,False,False,False,False,
100000006126743100,100000006126743100,terminal,0.5,7,0.0084,"Genuine endpoint (depth 3): received 55,000 KZT from 1 payers with 0 outgoing transfers.",1,0,55000.0,0.0,0.00028735179879136544,0.0,3,False,False,False,False,False,
100000003009900100,100000003009900100,terminal,0.5,17,0.0086,"Genuine endpoint (depth 3): received 15,998 KZT from 1 payers with 0 outgoing transfers.",1,0,15998.0,0.0,0.0002915298650211894,0.0,3,False,False,False,False,False,
100000001745217100,100000001745217100,terminal,0.5,24,0.0085,"Genuine endpoint (depth 3): received 50,000 KZT from 1 payers with 0 outgoing transfers.",1,0,50000.0,0.0,0.0002900034068784448,0.0,3,False,False,False,False,False,
100000002886166100,100000002886166100,terminal,0.5,37,0.01,"Genuine endpoint (depth 3): received 185,000 KZT from 1 payers with 0 outgoing transfers.",1,0,185000.0,0.0,0.0003245911501737052,0.0,3,False,False,False,False,False,
100000002956779100,100000002956779100,terminal,0.5,12,0.0135,"Genuine endpoint (depth 3): received 411,000 KZT from 1 payers with 0 outgoing transfers.",1,0,411000.0,0.0,0.0004031072481507853,0.0,3,False,False,False,False,False,
100000008568512100,100000008568512100,terminal,0.5,7,0.0086,"Genuine endpoint (depth 3): received 199,640 KZT from 1 payers with 0 outgoing transfers.",1,0,199640.0,0.0,0.00029203946172944083,0.0,3,False,False,False,False,False,
100000008583360100,100000008583360100,peripheral,0.3,17,0.0118,"Peripheral flow node with 2 active links (112,843 KZT in, 170,000 KZT out).",1,1,112843.0,170000.0,0.0003276125928311374,1.5065179054083992,3,False,False,False,False,False,120.0
100000001130176100,100000001130176100,terminal,0.5,8,0.0203,"Genuine endpoint (depth 3): received 25,000 KZT from 1 payers with 0 outgoing transfers.",1,0,25000.0,0.0,0.0005580456003895467,0.0,3,False,False,False,False,False,
100000001145749100,100000001145749100,terminal,0.5,12,0.0168,"Genuine endpoint (depth 3): received 10,000 KZT from 1 payers with 0 outgoing transfers.",1,0,10000.0,0.0,0.0004785089150229722,0.0,3,False,False,False,False,False,
100000005367445100,100000005367445100,transit,1.0,19,0.0774,"Receives from 1 payers (5,000 KZT), passes through 100% (5,000 KZT) to 1 accounts. Rapid turnaround (24h).",1,1,5000.0,5000.0,0.0018429964605732618,1.0,3,False,False,True,True,False,24.0
100000003917461100,100000003917461100,peripheral,0.3,13,0.0158,"Peripheral flow node with 3 active links (10,000 KZT in, 140,000 KZT out).",1,2,10000.0,140000.0,0.00039913166986850154,14.0,3,False,False,True,False,False,-648.0
100000008200810100,100000008200810100,terminal,0.5,1,0.0093,"Genuine endpoint (depth 3): received 475,000 KZT from 1 payers with 0 outgoing transfers.",1,0,475000.0,0.0,0.00030819442208498927,0.0,3,False,False,False,False,False,
100000002554175100,100000002554175100,terminal,0.5,17,0.0087,"Genuine endpoint (depth 3): received 24,621 KZT from 1 payers with 0 outgoing transfers.",1,0,24621.0,0.0,0.000294742641745906,0.0,3,False,False,False,False,False,
100000008751380100,100000008751380100,terminal,0.667,19,0.0179,"Genuine endpoint (depth 3): received 345,780 KZT from 2 payers with 0 outgoing transfers.",2,0,345780.0,0.0,0.0003127638118830456,0.0,3,False,False,False,False,False,
100000004071444100,100000004071444100,peripheral,0.3,24,0.0109,"Peripheral flow node with 2 active links (247,350 KZT in, 100,000 KZT out).",1,1,247350.0,100000.0,0.0003075048495520191,0.40428542551041036,3,False,False,False,False,False,-24.0
100000001141268100,100000001141268100,peripheral,0.3,19,0.0219,"Peripheral flow node with 3 active links (480,000 KZT in, 10,000 KZT out).",2,1,480000.0,10000.0,0.00036486256771000946,0.020833333333333332,3,False,False,False,True,False,24.0
100000002645993100,100000002645993100,peripheral,0.3,16,0.025,"Peripheral flow node with 7 active links (49,650 KZT in, 86,980 KZT out).",2,5,49650.0,86980.0,0.0002933085935851203,1.7518630412890233,3,False,False,True,True,True,0.0
100000002546921100,100000002546921100,terminal,0.5,1,0.0086,"Genuine endpoint (depth 3): received 20,000 KZT from 1 payers with 0 outgoing transfers.",1,0,20000.0,0.0,0.0002912223270400026,0.0,3,False,False,False,False,False,
100000008753897100,100000008753897100,terminal,0.5,29,0.0085,"Genuine endpoint (depth 3): received 24,050 KZT from 1 payers with 0 outgoing transfers.",1,0,24050.0,0.0,0.00028932296480663856,0.0,3,False,False,False,False,False,
100000000870121100,100000000870121100,terminal,0.5,11,0.0097,"Genuine endpoint (depth 3): received 12,000 KZT from 1 payers with 0 outgoing transfers.",1,0,12000.0,0.0,0.00031567480064350023,0.0,3,False,False,False,False,False,
100000003171006100,100000003171006100,terminal,0.667,19,0.0188,"Genuine endpoint (depth 3): received 485,000 KZT from 2 payers with 0 outgoing transfers.",2,0,485000.0,0.0,0.0003349679442942915,0.0,3,False,False,False,False,False,
100000001690558100,100000001690558100,terminal,0.5,5,0.0139,"Genuine endpoint (depth 3): received 740,000 KZT from 1 payers with 0 outgoing transfers.",1,0,740000.0,0.0,0.00041212063930432354,0.0,3,False,False,False,False,False,
100000008667795100,100000008667795100,terminal,0.5,29,0.0086,"Genuine endpoint (depth 3): received 34,000 KZT from 1 payers with 0 outgoing transfers.",1,0,34000.0,0.0,0.000290875938709508,0.0,3,False,False,False,False,False,
100000005674387100,100000005674387100,terminal,0.5,29,0.0085,"Genuine endpoint (depth 3): received 26,200 KZT from 1 payers with 0 outgoing transfers.",1,0,26200.0,0.0,0.00028965853203188175,0.0,3,False,False,False,False,False,
100000003636627100,100000003636627100,peripheral,0.3,8,0.0832,"Peripheral flow node with 2 active links (77,000 KZT in, 10,000 KZT out).",1,1,77000.0,10000.0,0.0019763124102948003,0.12987012987012986,3,False,False,True,False,True,336.0
100000001275752100,100000001275752100,terminal,0.5,19,0.0087,"Genuine endpoint (depth 3): received 151,500 KZT from 1 payers with 0 outgoing transfers.",1,0,151500.0,0.0,0.00029337452908966797,0.0,3,False,False,False,False,False,
100000002459240100,100000002459240100,terminal,0.5,7,0.0085,"Genuine endpoint (depth 3): received 150,000 KZT from 1 payers with 0 outgoing transfers.",1,0,150000.0,0.0,0.00029043067032840335,0.0,3,False,False,False,False,False,
100000002644285100,100000002644285100,terminal,0.5,1,0.0094,"Genuine endpoint (depth 3): received 500,000 KZT from 1 payers with 0 outgoing transfers.",1,0,500000.0,0.0,0.00030938521828855235,0.0,3,False,False,False,False,False,
100000005186109100,100000005186109100,terminal,0.5,2,0.0224,"Genuine endpoint (depth 3): received 5,000 KZT from 1 payers with 0 outgoing transfers.",1,0,5000.0,0.0,0.0006059178330672808,0.0,3,False,False,False,False,False,
100000005317181100,100000005317181100,peripheral,0.3,20,0.0116,"Peripheral flow node with 2 active links (141,250 KZT in, 14,500 KZT out).",1,1,141250.0,14500.0,0.000322417396545991,0.10265486725663717,3,False,False,False,False,False,-264.0
100000003001661100,100000003001661100,peripheral,0.3,26,0.0273,"Peripheral flow node with 6 active links (110,000 KZT in, 439,500 KZT out).",1,5,110000.0,439500.0,0.0005464870342921869,3.9954545454545456,3,False,False,True,False,False,72.0
100000000288317100,100000000288317100,peripheral,0.3,5,0.0227,"Peripheral flow node with 5 active links (100,000 KZT in, 53,500 KZT out).",2,3,100000.0,53500.0,0.0003128334856204945,0.535,3,False,False,False,False,False,-120.0
100000004368189100,100000004368189100,peripheral,0.3,1,0.011,"Peripheral flow node with 3 active links (384,600 KZT in, 28,200 KZT out).",1,2,384600.0,28200.0,0.0003038885030129052,0.07332293291731669,3,False,False,False,False,False,-72.0
100000004493586100,100000004493586100,terminal,0.5,0,0.0085,"Genuine endpoint (depth 3): received 7,500 KZT from 1 payers with 0 outgoing transfers.",1,0,7500.0,0.0,0.00028863973665071367,0.0,3,False,False,False,False,False,
100000004114962100,100000004114962100,terminal,0.667,22,0.0353,"Genuine endpoint (depth 3): received 165,000 KZT from 2 payers with 0 outgoing transfers.",2,0,165000.0,0.0,0.0007112908662345295,0.0,3,False,False,False,False,False,
100000008088082100,100000008088082100,peripheral,0.3,11,0.0106,"Peripheral flow node with 2 active links (39,138 KZT in, 50,000 KZT out).",1,1,39138.0,50000.0,0.00030005728529521367,1.2775307884920026,3,False,False,False,False,False,480.0
100000008595687100,100000008595687100,peripheral,0.3,2,0.0218,"Peripheral flow node with 2 active links (64,395 KZT in, 10,400 KZT out).",1,1,64395.0,10400.0,0.00030485762729909343,0.161503222299868,3,False,False,True,True,False,24.0
100000001248999100,100000001248999100,terminal,0.5,22,0.0085,"Genuine endpoint (depth 3): received 23,425 KZT from 1 payers with 0 outgoing transfers.",1,0,23425.0,0.0,0.0002892563668937372,0.0,3,False,False,False,False,False,
100000002736316100,100000002736316100,terminal,1.0,11,0.0293,"Genuine endpoint (depth 3): received 266,921 KZT from 3 payers with 0 outgoing transfers.",3,0,266921.0,0.0,0.00038382327241415735,0.0,3,False,False,False,False,False,
100000008596924100,100000008596924100,terminal,0.5,8,0.014,"Genuine endpoint (depth 3): received 100,000 KZT from 1 payers with 0 outgoing transfers.",1,0,100000.0,0.0,0.00041602042429942244,0.0,3,False,False,False,False,False,
100000008598972100,100000008598972100,terminal,0.5,3,0.0087,"Genuine endpoint (depth 3): received 120,000 KZT from 1 payers with 0 outgoing transfers.",1,0,120000.0,0.0,0.00029411601502281744,0.0,3,False,False,False,False,False,
100000002769809100,100000002769809100,terminal,0.5,5,0.0124,"Genuine endpoint (depth 3): received 113,422 KZT from 1 payers with 0 outgoing transfers.",1,0,113422.0,0.0,0.00037774425946329753,0.0,3,False,False,False,False,False,
100000003089553100,100000003089553100,terminal,0.5,19,0.0093,"Genuine endpoint (depth 3): received 150,000 KZT from 1 payers with 0 outgoing transfers.",1,0,150000.0,0.0,0.0003070919971826514,0.0,3,False,False,False,False,False,
100000002343825100,100000002343825100,peripheral,0.3,19,0.0305,"Peripheral flow node with 5 active links (350,000 KZT in, 89,800 KZT out).",3,2,350000.0,89800.0,0.00033359725354762797,0.25657142857142856,3,False,False,False,True,False,0.0
100000002015633100,100000002015633100,terminal,0.5,7,0.0085,"Genuine endpoint (depth 3): received 94,970 KZT from 1 payers with 0 outgoing transfers.",1,0,94970.0,0.0,0.0002886471934791066,0.0,3,False,False,False,False,False,
100000002906470100,100000002906470100,terminal,0.5,5,0.0093,"Genuine endpoint (depth 3): received 130,000 KZT from 1 payers with 0 outgoing transfers.",1,0,130000.0,0.0,0.00030780128727312094,0.0,3,False,False,False,False,False,
100000005628518100,100000005628518100,terminal,0.5,5,0.0192,"Genuine endpoint (depth 3): received 77,000 KZT from 1 payers with 0 outgoing transfers.",1,0,77000.0,0.0,0.0005329929869212514,0.0,3,False,False,False,False,False,
100000002958139100,100000002958139100,terminal,0.5,19,0.009,"Genuine endpoint (depth 3): received 209,500 KZT from 1 payers with 0 outgoing transfers.",1,0,209500.0,0.0,0.00030027317473638757,0.0,3,False,False,False,False,False,
100000008754747100,100000008754747100,terminal,0.5,29,0.0086,"Genuine endpoint (depth 3): received 45,500 KZT from 1 payers with 0 outgoing transfers.",1,0,45500.0,0.0,0.0002926708331701108,0.0,3,False,False,False,False,False,
100000008776720100,100000008776720100,terminal,0.5,29,0.0085,"Genuine endpoint (depth 3): received 26,150 KZT from 1 payers with 0 outgoing transfers.",1,0,26150.0,0.0,0.0002896507281429226,0.0,3,False,False,False,False,False,
100000008576528100,100000008576528100,terminal,0.5,7,0.0084,"Genuine endpoint (depth 3): received 28,000 KZT from 1 payers with 0 outgoing transfers.",1,0,28000.0,0.0,0.0002864767510913652,0.0,3,False,False,False,False,False,
100000004603109100,100000004603109100,peripheral,0.3,23,0.1534,"Peripheral flow node with 5 active links (2,730,000 KZT in, 400,000 KZT out).",3,2,2730000.0,400000.0,0.0031783652796316926,0.14652014652014653,3,False,False,True,False,False,144.0
100000008721637100,100000008721637100,peripheral,0.3,6,0.0131,"Peripheral flow node with 3 active links (24,041 KZT in, 127,000 KZT out).",1,2,24041.0,127000.0,0.0002904606519895623,5.282642152988644,3,False,False,False,False,False,-96.0
100000004491749100,100000004491749100,terminal,0.5,8,0.0112,"Genuine endpoint (depth 3): received 50,000 KZT from 1 payers with 0 outgoing transfers.",1,0,50000.0,0.0,0.00035079485925835666,0.0,3,False,False,False,False,False,
100000005171642100,100000005171642100,transit,0.953,6,0.1262,"Receives from 2 payers (696,800 KZT), passes through 98% (683,600 KZT) to 1 accounts. Rapid turnaround (0h).",2,1,696800.0,683600.0,0.0027671822247582792,0.9810562571756601,3,False,False,True,True,False,0.0
100000008682426100,100000008682426100,terminal,0.5,1,0.0086,"Genuine endpoint (depth 3): received 20,000 KZT from 1 payers with 0 outgoing transfers.",1,0,20000.0,0.0,0.0002912223270400026,0.0,3,False,False,False,False,False,
100000006209210100,100000006209210100,terminal,0.5,16,0.0116,"Genuine endpoint (depth 3): received 229,111 KZT from 1 payers with 0 outgoing transfers.",1,0,229111.0,0.0,0.0003608027133122132,0.0,3,False,False,False,False,False,
100000003888527100,100000003888527100,terminal,0.5,16,0.0119,"Genuine endpoint (depth 3): received 30,000 KZT from 1 payers with 0 outgoing transfers.",1,0,30000.0,0.0,0.0003666748083508476,0.0,3,False,False,False,False,False,
100000008490127100,100000008490127100,peripheral,0.3,7,0.0186,"Peripheral flow node with 7 active links (431,755 KZT in, 923,000 KZT out).",1,6,431755.0,923000.0,0.0002995621171696467,2.137786476126507,3,False,False,False,False,False,-456.0
100000004336228100,100000004336228100,terminal,0.5,20,0.0088,"Genuine endpoint (depth 3): received 51,407 KZT from 1 payers with 0 outgoing transfers.",1,0,51407.0,0.0,0.0002960285109303709,0.0,3,False,False,False,False,False,
100000006844004100,100000006844004100,terminal,0.5,0,0.0197,"Genuine endpoint (depth 3): received 20,600 KZT from 1 payers with 0 outgoing transfers.",1,0,20600.0,0.0,0.0005454417164852393,0.0,3,False,False,False,False,False,
100000001688676100,100000001688676100,terminal,0.5,5,0.0093,"Genuine endpoint (depth 3): received 133,700 KZT from 1 payers with 0 outgoing transfers.",1,0,133700.0,0.0,0.0003084340439985561,0.0,3,False,False,False,False,False,
100000008712036100,100000008712036100,terminal,0.5,29,0.0085,"Genuine endpoint (depth 3): received 21,000 KZT from 1 payers with 0 outgoing transfers.",1,0,21000.0,0.0,0.00028884692758013086,0.0,3,False,False,False,False,False,
100000004697956100,100000004697956100,transit,1.0,8,0.0172,"Receives from 1 payers (10,000 KZT), passes through 100% (10,000 KZT) to 1 accounts.",1,1,10000.0,10000.0,0.0004681160760661781,1.0,3,False,False,True,False,False,72.0
100000004921657100,100000004921657100,peripheral,0.3,12,0.0125,"Peripheral flow node with 2 active links (8,300 KZT in, 22,190 KZT out).",1,1,8300.0,22190.0,0.00036129622421142676,2.6734939759036145,3,False,False,False,True,False,0.0
100000000408846100,100000000408846100,terminal,0.5,21,0.0088,"Genuine endpoint (depth 3): received 40,500 KZT from 1 payers with 0 outgoing transfers.",1,0,40500.0,0.0,0.0002957255734808806,0.0,3,False,False,False,False,False,
100000003406094100,100000003406094100,peripheral,0.3,2,0.034,"Peripheral flow node with 4 active links (70,000 KZT in, 47,000 KZT out).",1,3,70000.0,47000.0,0.0007781507813786751,0.6714285714285714,3,False,False,True,False,False,192.0
100000008695566100,100000008695566100,terminal,0.5,29,0.0086,"Genuine endpoint (depth 3): received 33,700 KZT from 1 payers with 0 outgoing transfers.",1,0,33700.0,0.0,0.0002908291153757531,0.0,3,False,False,False,False,False,
100000005974542100,100000005974542100,terminal,0.5,18,0.017,"Genuine endpoint (depth 3): received 94,500 KZT from 1 payers with 0 outgoing transfers.",1,0,94500.0,0.0,0.00048304721912277837,0.0,3,False,False,False,False,False,
100000001887715100,100000001887715100,peripheral,0.3,19,0.0462,"Peripheral flow node with 4 active links (1,331,500 KZT in, 750,000 KZT out).",3,1,1331500.0,750000.0,0.0007309294553868686,0.5632745024408562,3,False,False,False,True,False,0.0
100000002472632100,100000002472632100,peripheral,0.3,10,0.049,"Peripheral flow node with 3 active links (502,400 KZT in, 20,000 KZT out).",2,1,502400.0,20000.0,0.0009856193332908683,0.03980891719745223,3,False,False,False,False,False,-192.0
100000004629688100,100000004629688100,peripheral,0.3,2,0.0137,"Peripheral flow node with 2 active links (5,000 KZT in, 15,000 KZT out).",1,1,5000.0,15000.0,0.00038797258449924294,3.0,3,False,False,True,False,True,-48.0
100000002459832100,100000002459832100,terminal,0.667,3,0.0214,"Genuine endpoint (depth 3): received 880,606 KZT from 2 payers with 0 outgoing transfers.",2,0,880606.0,0.0,0.0003931880367042986,0.0,3,False,False,False,False,False,
100000006100920100,100000006100920100,terminal,0.5,0,0.0101,"Genuine endpoint (depth 3): received 100,000 KZT from 1 payers with 0 outgoing transfers.",1,0,100000.0,0.0,0.00032650852666292734,0.0,3,False,False,False,False,False,
100000001439416100,100000001439416100,peripheral,0.3,16,0.0133,"Peripheral flow node with 3 active links (10,000 KZT in, 165,000 KZT out).",1,2,10000.0,165000.0,0.00034089967599193374,16.5,3,False,False,True,False,True,-192.0
100000002121357100,100000002121357100,peripheral,0.3,19,0.0202,"Peripheral flow node with 3 active links (255,300 KZT in, 113,000 KZT out).",2,1,255300.0,113000.0,0.00032627377480928593,0.4426165295730513,3,False,False,False,False,False,-48.0
100000002970466100,100000002970466100,peripheral,0.3,16,0.0116,"Peripheral flow node with 3 active links (23,317 KZT in, 93,000 KZT out).",1,2,23317.0,93000.0,0.0002868825068890663,3.9885062400823434,3,False,False,False,True,False,48.0
100000002581346100,100000002581346100,terminal,0.5,7,0.0086,"Genuine endpoint (depth 3): received 166,400 KZT from 1 payers with 0 outgoing transfers.",1,0,166400.0,0.0,0.00029096218078321833,0.0,3,False,False,False,False,False,
100000008738658100,100000008738658100,terminal,0.5,29,0.0085,"Genuine endpoint (depth 3): received 29,920 KZT from 1 payers with 0 outgoing transfers.",1,0,29920.0,0.0,0.0002902391413704419,0.0,3,False,False,False,False,False,
100000005910114100,100000005910114100,coordinator,1.0,16,0.3132,"High betweenness (0.0058) bridging 22 counterparties across clusters. Volume: 1,796,137 KZT; return cycle detected.",3,19,326144.0,1469993.0,0.0003616504127742257,4.507190075549451,3,False,False,True,False,False,-144.0
100000001046626100,100000001046626100,terminal,0.5,7,0.0085,"Genuine endpoint (depth 3): received 150,000 KZT from 1 payers with 0 outgoing transfers.",1,0,150000.0,0.0,0.00029043067032840335,0.0,3,False,False,False,False,False,
100000006492770100,100000006492770100,peripheral,0.3,16,0.0106,"Peripheral flow node with 2 active links (269,000 KZT in, 20,000 KZT out).",1,1,269000.0,20000.0,0.0003007193653545543,0.07434944237918216,3,False,False,False,True,False,24.0
100000001674850100,100000001674850100,terminal,0.667,19,0.0179,"Genuine endpoint (depth 3): received 237,000 KZT from 2 payers with 0 outgoing transfers.",2,0,237000.0,0.0,0.0003140936423748864,0.0,3,False,False,False,False,False,
100000000860514100,100000000860514100,peripheral,0.3,10,0.0109,"Peripheral flow node with 2 active links (12,000 KZT in, 50,000 KZT out).",1,1,12000.0,50000.0,0.0003062893737864735,4.166666666666667,3,False,False,False,False,False,264.0
100000003650146100,100000003650146100,terminal,0.5,2,0.009,"Genuine endpoint (depth 3): received 14,400 KZT from 1 payers with 0 outgoing transfers.",1,0,14400.0,0.0,0.00030012735117663754,0.0,3,False,False,False,False,False,
100000001227106100,100000001227106100,terminal,0.5,7,0.0086,"Genuine endpoint (depth 3): received 164,765 KZT from 1 payers with 0 outgoing transfers.",1,0,164765.0,0.0,0.00029090919178360717,0.0,3,False,False,False,False,False,
100000003647799100,100000003647799100,terminal,0.5,7,0.0085,"Genuine endpoint (depth 3): received 100,000 KZT from 1 payers with 0 outgoing transfers.",1,0,100000.0,0.0,0.00028881021162469923,0.0,3,False,False,False,False,False,
100000008293431100,100000008293431100,peripheral,0.3,0,0.0149,"Peripheral flow node with 6 active links (15,000 KZT in, 297,000 KZT out).",1,5,15000.0,297000.0,0.00028689952801563704,19.8,3,False,False,True,False,True,-336.0
100000002975287100,100000002975287100,terminal,0.5,20,0.0085,"Genuine endpoint (depth 3): received 15,000 KZT from 1 payers with 0 outgoing transfers.",1,0,15000.0,0.0,0.00028919231957213884,0.0,3,False,False,False,False,False,
100000008507703100,100000008507703100,terminal,0.5,29,0.0085,"Genuine endpoint (depth 3): received 28,500 KZT from 1 payers with 0 outgoing transfers.",1,0,28500.0,0.0,0.00029001751092400227,0.0,3,False,False,False,False,False,
100000001733687100,100000001733687100,terminal,0.5,19,0.0093,"Genuine endpoint (depth 3): received 300,000 KZT from 1 payers with 0 outgoing transfers.",1,0,300000.0,0.0,0.0003066249703782886,0.0,3,False,False,False,False,False,
100000004552204100,100000004552204100,peripheral,0.3,14,0.0362,"Peripheral flow node with 3 active links (22,500 KZT in, 10,000 KZT out).",1,2,22500.0,10000.0,0.0008646978335399402,0.4444444444444444,3,False,False,True,False,True,-408.0
100000008223756100,100000008223756100,terminal,0.667,3,0.0198,"Genuine endpoint (depth 3): received 331,682 KZT from 2 payers with 0 outgoing transfers.",2,0,331682.0,0.0,0.0003562811211633059,0.0,3,False,False,False,False,False,
100000002956769100,100000002956769100,terminal,1.0,19,0.0293,"Genuine endpoint (depth 3): received 840,000 KZT from 3 payers with 0 outgoing transfers.",3,0,840000.0,0.0,0.00038478275617858006,0.0,3,False,False,False,False,False,
100000008555233100,100000008555233100,terminal,0.5,19,0.0117,"Genuine endpoint (depth 3): received 440,600 KZT from 1 payers with 0 outgoing transfers.",1,0,440600.0,0.0,0.0003634087205622213,0.0,3,False,False,False,False,False,
100000002346166100,100000002346166100,terminal,0.5,29,0.0084,"Genuine endpoint (depth 3): received 6,000 KZT from 1 payers with 0 outgoing transfers.",1,0,6000.0,0.0,0.00028650576089238805,0.0,3,False,False,False,False,False,
100000000878006100,100000000878006100,terminal,0.5,7,0.0084,"Genuine endpoint (depth 3): received 47,003 KZT from 1 payers with 0 outgoing transfers.",1,0,47003.0,0.0,0.000287092622626295,0.0,3,False,False,False,False,False,
100000004997515100,100000004997515100,peripheral,0.3,6,0.0434,"Peripheral flow node with 8 active links (395,000 KZT in, 54,500 KZT out).",4,4,395000.0,54500.0,0.0003566158833194684,0.1379746835443038,3,False,False,False,False,False,-120.0
100000007653003100,100000007653003100,terminal,0.5,22,0.009,"Genuine endpoint (depth 3): received 100,000 KZT from 1 payers with 0 outgoing transfers.",1,0,100000.0,0.0,0.0003013091989193027,0.0,3,False,False,False,False,False,
100000000661131100,100000000661131100,terminal,0.5,29,0.0084,"Genuine endpoint (depth 3): received 15,600 KZT from 1 payers with 0 outgoing transfers.",1,0,15600.0,0.0,0.00028800410757254345,0.0,3,False,False,False,False,False,
100000003880331100,100000003880331100,coordinator,1.0,12,0.0561,"High betweenness (0.0007) bridging 17 counterparties across clusters. Volume: 4,004,908 KZT; return cycle detected.",1,16,100000.0,3904908.0,0.0003076581045462558,39.04908,3,False,False,True,False,False,-288.0
100000003204491100,100000003204491100,peripheral,0.3,24,0.0105,"Peripheral flow node with 2 active links (140,000 KZT in, 100,000 KZT out).",1,1,140000.0,100000.0,0.00029798480966852173,0.7142857142857143,3,False,False,False,True,False,0.0
100000008463968100,100000008463968100,terminal,0.5,29,0.0084,"Genuine endpoint (depth 3): received 10,000 KZT from 1 payers with 0 outgoing transfers.",1,0,10000.0,0.0,0.00028713007200911945,0.0,3,False,False,False,False,False,
100000002712416100,100000002712416100,terminal,0.667,19,0.0174,"Genuine endpoint (depth 3): received 116,800 KZT from 2 payers with 0 outgoing transfers.",2,0,116800.0,0.0,0.0003026575194807802,0.0,3,False,False,False,False,False,
100000008754997100,100000008754997100,terminal,0.5,29,0.0085,"Genuine endpoint (depth 3): received 18,000 KZT from 1 payers with 0 outgoing transfers.",1,0,18000.0,0.0,0.0002883786942425823,0.0,3,False,False,False,False,False,
100000008011573100,100000008011573100,terminal,0.5,20,0.0085,"Genuine endpoint (depth 3): received 15,000 KZT from 1 payers with 0 outgoing transfers.",1,0,15000.0,0.0,0.00028919231957213884,0.0,3,False,False,False,False,False,
100000003178549100,100000003178549100,coordinator,1.0,3,0.0387,"High betweenness (0.0003) bridging 6 counterparties across clusters. Volume: 339,080 KZT; return cycle detected.",2,4,250000.0,89080.0,0.00035215781948056465,0.35632,3,False,False,True,False,False,-312.0
100000000534581100,100000000534581100,peripheral,0.3,11,0.0188,"Peripheral flow node with 3 active links (55,960 KZT in, 40,000 KZT out).",2,1,55960.0,40000.0,0.0002984533219886514,0.7147962830593281,3,False,False,False,False,False,120.0
100000007138613100,100000007138613100,peripheral,0.3,5,0.0312,"Peripheral flow node with 5 active links (1,002,000 KZT in, 179,000 KZT out).",3,2,1002000.0,179000.0,0.0003541752272666083,0.17864271457085829,3,False,False,False,False,False,-624.0
100000002380341100,100000002380341100,terminal,0.5,0,0.0094,"Genuine endpoint (depth 3): received 57,566 KZT from 1 payers with 0 outgoing transfers.",1,0,57566.4,0.0,0.0003091365365238758,0.0,3,False,False,False,False,False,
100000008309514100,100000008309514100,terminal,0.5,29,0.0085,"Genuine endpoint (depth 3): received 17,200 KZT from 1 payers with 0 outgoing transfers.",1,0,17200.0,0.0,0.000288253832019236,0.0,3,False,False,False,False,False,
100000003134474100,100000003134474100,terminal,0.5,7,0.0085,"Genuine endpoint (depth 3): received 116,000 KZT from 1 payers with 0 outgoing transfers.",1,0,116000.0,0.0,0.0002893287584098846,0.0,3,False,False,False,False,False,
100000002373386100,100000002373386100,terminal,0.5,29,0.0085,"Genuine endpoint (depth 3): received 24,000 KZT from 1 payers with 0 outgoing transfers.",1,0,24000.0,0.0,0.0002893151609176794,0.0,3,False,False,False,False,False,
100000008684767100,100000008684767100,terminal,0.5,29,0.0085,"Genuine endpoint (depth 3): received 31,100 KZT from 1 payers with 0 outgoing transfers.",1,0,31100.0,0.0,0.0002904233131498777,0.0,3,False,False,False,False,False,
100000008332511100,100000008332511100,terminal,0.5,6,0.0445,"Genuine endpoint (depth 3): received 100,000 KZT from 1 payers with 0 outgoing transfers.",1,0,100000.0,0.0,0.0011127776746800726,0.0,3,False,False,False,False,False,
100000005754335100,100000005754335100,terminal,0.5,16,0.0135,"Genuine endpoint (depth 3): received 44,037 KZT from 1 payers with 0 outgoing transfers.",1,0,44037.0,0.0,0.00040462407841393883,0.0,3,False,False,False,False,False,
100000008547295100,100000008547295100,terminal,0.5,8,0.0205,"Genuine endpoint (depth 3): received 15,000 KZT from 1 payers with 0 outgoing transfers.",1,0,15000.0,0.0,0.0005629711569533369,0.0,3,False,False,False,False,False,
100000001875167100,100000001875167100,terminal,0.5,7,0.0098,"Genuine endpoint (depth 3): received 1,000,000 KZT from 1 payers with 0 outgoing transfers.",1,0,1000000.0,0.0,0.0003179784682913741,0.0,3,False,False,False,False,False,
100000004670388100,100000004670388100,peripheral,0.3,0,0.0208,"Peripheral flow node with 3 active links (160,354 KZT in, 720,000 KZT out).",1,2,160354.0,720000.0,0.0005140172616899978,4.490065729573319,3,False,False,True,True,False,0.0
100000004097972100,100000004097972100,peripheral,0.3,20,0.0129,"Peripheral flow node with 3 active links (118,878 KZT in, 10,000 KZT out).",1,2,118878.0,10000.0,0.0003165811788801667,0.0841198539679335,3,False,False,False,True,True,0.0
100000000481716100,100000000481716100,terminal,0.5,6,0.0123,"Genuine endpoint (depth 3): received 8,000 KZT from 1 payers with 0 outgoing transfers.",1,0,8000.0,0.0,0.0003771539261882796,0.0,3,False,False,False,False,False,
100000005089460100,100000005089460100,terminal,0.5,29,0.0084,"Genuine endpoint (depth 3): received 12,300 KZT from 1 payers with 0 outgoing transfers.",1,0,12300.0,0.0,0.00028748905090124,0.0,3,False,False,False,False,False,
100000003105929100,100000003105929100,peripheral,0.3,7,0.0106,"Peripheral flow node with 2 active links (429,567 KZT in, 156,354 KZT out).",1,1,429567.0,156354.0,0.0002994912058967726,0.3639804733603838,3,False,False,False,False,False,-96.0
100000008379273100,100000008379273100,coordinator,1.0,17,0.1,"High betweenness (0.0017) bridging 6 counterparties across clusters. Volume: 74,000 KZT; return cycle detected.",2,4,36000.0,38000.0,0.0002990171904496492,1.0555555555555556,3,False,False,True,False,False,-24.0
100000005357705100,100000005357705100,peripheral,0.3,20,0.0152,"Peripheral flow node with 5 active links (52,595 KZT in, 387,080 KZT out).",1,4,52595.0,387080.0,0.0002962702202200618,7.35963494628767,3,False,False,False,False,False,-96.0
100000003111305100,100000003111305100,terminal,1.0,6,0.0385,"Genuine endpoint (depth 3): received 509,338 KZT from 4 payers with 0 outgoing transfers.",4,0,509338.0,0.0,0.0004036018095361804,0.0,3,False,False,False,False,False,
100000008503177100,100000008503177100,terminal,0.5,20,0.0086,"Genuine endpoint (depth 3): received 33,951 KZT from 1 payers with 0 outgoing transfers.",1,0,33951.0,0.0,0.0002924769306603002,0.0,3,False,False,False,False,False,
100000000955529100,100000000955529100,peripheral,0.3,17,0.0098,"Peripheral flow node with 2 active links (27,000 KZT in, 63,500 KZT out).",1,1,27000.0,63500.0,0.0002956290149139567,2.3518518518518516,3,False,False,False,False,False,168.0
100000008695689100,100000008695689100,terminal,0.5,29,0.0085,"Genuine endpoint (depth 3): received 26,200 KZT from 1 payers with 0 outgoing transfers.",1,0,26200.0,0.0,0.00028965853203188175,0.0,3,False,False,False,False,False,
100000004184158100,100000004184158100,terminal,0.5,24,0.0091,"Genuine endpoint (depth 3): received 203,805 KZT from 1 payers with 0 outgoing transfers.",1,0,203805.0,0.0,0.0003036431808354202,0.0,3,False,False,False,False,False,
100000005475379100,100000005475379100,peripheral,0.3,16,0.0194,"Peripheral flow node with 4 active links (108,370 KZT in, 81,000 KZT out).",1,3,108370.0,81000.0,0.00042163877175037357,0.7474393282273692,3,False,False,False,False,False,-144.0
100000003093299100,100000003093299100,terminal,0.5,16,0.0084,"Genuine endpoint (depth 3): received 15,000 KZT from 1 payers with 0 outgoing transfers.",1,0,15000.0,0.0,0.00028641409372308623,0.0,3,False,False,False,False,False,
100000008767027100,100000008767027100,terminal,0.5,19,0.0084,"Genuine endpoint (depth 3): received 5,000 KZT from 1 payers with 0 outgoing transfers.",1,0,5000.0,0.0,0.00028633291495751956,0.0,3,False,False,False,False,False,
100000004539443100,100000004539443100,terminal,0.667,12,0.046,"Genuine endpoint (depth 3): received 61,990 KZT from 2 payers with 0 outgoing transfers.",2,0,61990.0,0.0,0.0009561831780302799,0.0,3,False,False,False,False,False,
100000007863304100,100000007863304100,terminal,0.5,7,0.0084,"Genuine endpoint (depth 3): received 25,000 KZT from 1 payers with 0 outgoing transfers.",1,0,25000.0,0.0,0.000286379523569143,0.0,3,False,False,False,False,False,
100000004959752100,100000004959752100,terminal,0.5,12,0.0302,"Genuine endpoint (depth 3): received 22,200 KZT from 1 payers with 0 outgoing transfers.",1,0,22200.0,0.0,0.0007848703238285037,0.0,3,False,False,False,False,False,
100000002214664100,100000002214664100,peripheral,0.3,34,0.0093,"Peripheral flow node with 2 active links (7,950 KZT in, 76,950 KZT out).",1,1,7950.0,76950.0,0.0002868101125617946,9.679245283018869,3,False,False,False,True,True,0.0
100000008192264100,100000008192264100,transit,0.615,7,0.0102,"Receives from 1 payers (162,810 KZT), passes through 115% (187,910 KZT) to 1 accounts.",1,1,162810.0,187910.0,0.00029084583184829237,1.1541674344327744,3,False,False,False,False,False,-432.0
100000000942301100,100000000942301100,terminal,0.5,20,0.009,"Genuine endpoint (depth 3): received 57,580 KZT from 1 payers with 0 outgoing transfers.",1,0,57580.0,0.0,0.000300590276391355,0.0,3,False,False,False,False,False,
100000002578653100,100000002578653100,terminal,0.5,16,0.0095,"Genuine endpoint (depth 3): received 20,000 KZT from 1 payers with 0 outgoing transfers.",1,0,20000.0,0.0,0.0003113100744475735,0.0,3,False,False,False,False,False,
100000002511581100,100000002511581100,terminal,0.5,29,0.0085,"Genuine endpoint (depth 3): received 17,600 KZT from 1 payers with 0 outgoing transfers.",1,0,17600.0,0.0,0.00028831626313090915,0.0,3,False,False,False,False,False,
100000005610717100,100000005610717100,peripheral,0.3,24,0.0375,"Peripheral flow node with 5 active links (484,500 KZT in, 265,200 KZT out).",4,1,484500.0,265200.0,0.00034454483671221423,0.5473684210526316,3,False,False,False,False,False,-144.0
100000005704413100,100000005704413100,coordinator,1.0,17,0.1911,"High betweenness (0.0026) bridging 35 counterparties across clusters. Volume: 1,461,428 KZT; return cycle detected.",3,32,97834.67,1363593.0,0.000599688803298592,13.9377278014021,3,False,False,True,True,False,0.0
100000000976943100,100000000976943100,transit,0.5,16,0.0139,"Receives from 1 payers (70,000 KZT), passes through 120% (84,000 KZT) to 1 accounts. Rapid turnaround (0h).",1,1,70000.0,84000.0,0.0003734613623848261,1.2,3,False,False,False,True,False,0.0
100000008708061100,100000008708061100,terminal,0.5,29,0.0084,"Genuine endpoint (depth 3): received 8,650 KZT from 1 payers with 0 outgoing transfers.",1,0,8650.0,0.0,0.0002869193670072226,0.0,3,False,False,False,False,False,
100000003986141100,100000003986141100,terminal,0.5,20,0.0084,"Genuine endpoint (depth 3): received 5,286 KZT from 1 payers with 0 outgoing transfers.",1,0,5286.32,0.0,0.0002868461256435469,0.0,3,False,False,False,False,False,
100000005037490100,100000005037490100,peripheral,0.3,11,0.0125,"Peripheral flow node with 3 active links (15,000 KZT in, 30,000 KZT out).",1,2,15000.0,30000.0,0.0003232011772500526,2.0,3,False,False,True,False,True,-192.0
100000004257714100,100000004257714100,terminal,0.5,29,0.0087,"Genuine endpoint (depth 3): received 52,220 KZT from 1 payers with 0 outgoing transfers.",1,0,52220.0,0.0,0.0002937196758462196,0.0,3,False,False,False,False,False,
100000000569479100,100000000569479100,terminal,0.5,5,0.0131,"Genuine endpoint (depth 3): received 320,000 KZT from 1 payers with 0 outgoing transfers.",1,0,320000.0,0.0,0.0003949532398197791,0.0,3,False,False,False,False,False,
100000007303047100,100000007303047100,terminal,0.5,29,0.0087,"Genuine endpoint (depth 3): received 52,250 KZT from 1 payers with 0 outgoing transfers.",1,0,52250.0,0.0,0.00029372435817959507,0.0,3,False,False,False,False,False,
100000008708743100,100000008708743100,terminal,0.5,29,0.0084,"Genuine endpoint (depth 3): received 15,550 KZT from 1 payers with 0 outgoing transfers.",1,0,15550.0,0.0,0.0002879963036835843,0.0,3,False,False,False,False,False,
100000008745863100,100000008745863100,terminal,0.5,29,0.0085,"Genuine endpoint (depth 3): received 22,900 KZT from 1 payers with 0 outgoing transfers.",1,0,22900.0,0.0,0.00028914347536057827,0.0,3,False,False,False,False,False,
100000005048668100,100000005048668100,coordinator,1.0,16,0.0566,"High betweenness (0.0007) bridging 10 counterparties across clusters. Volume: 176,068 KZT; return cycle detected.",2,8,16668.0,159400.0,0.00028854810674879374,9.563234941204703,3,False,False,True,False,True,-264.0
100000006522972100,100000006522972100,terminal,0.5,8,0.0091,"Genuine endpoint (depth 3): received 9,515 KZT from 1 payers with 0 outgoing transfers.",1,0,9515.0,0.0,0.00030331012596478374,0.0,3,False,False,False,False,False,
100000008759857100,100000008759857100,peripheral,0.3,19,0.0104,"Peripheral flow node with 3 active links (5,000 KZT in, 994,000 KZT out).",1,2,5000.0,994000.0,0.00028633291495751956,198.8,3,False,False,False,False,False,72.0
100000005342513100,100000005342513100,peripheral,0.3,33,0.044,"Peripheral flow node with 2 active links (235,000 KZT in, 30,000 KZT out).",1,1,235000.0,30000.0,0.0010816512996714893,0.1276595744680851,3,False,False,True,True,False,0.0
100000004750897100,100000004750897100,terminal,0.5,2,0.0173,"Genuine endpoint (depth 3): received 10,000 KZT from 1 payers with 0 outgoing transfers.",1,0,10000.0,0.0,0.000490375874781195,0.0,3,False,False,False,False,False,
100000001140785100,100000001140785100,terminal,0.667,19,0.018,"Genuine endpoint (depth 3): received 215,000 KZT from 2 payers with 0 outgoing transfers.",2,0,215000.0,0.0,0.0003153466781884739,0.0,3,False,False,False,False,False,
100000002821425100,100000002821425100,terminal,0.5,1,0.0089,"Genuine endpoint (depth 3): received 275,000 KZT from 1 payers with 0 outgoing transfers.",1,0,275000.0,0.0,0.00029866805245648467,0.0,3,False,False,False,False,False,
100000003221510100,100000003221510100,peripheral,0.3,16,0.0116,"Peripheral flow node with 3 active links (24,000 KZT in, 120,000 KZT out).",1,2,24000.0,120000.0,0.00028692097342656345,5.0,3,False,False,False,False,False,-360.0
100000003031003100,100000003031003100,terminal,1.0,19,0.0261,"Genuine endpoint (depth 3): received 280,090 KZT from 3 payers with 0 outgoing transfers.",3,0,280090.0,0.0,0.00031149881059583785,0.0,3,False,False,False,False,False,
100000003060187100,100000003060187100,terminal,0.5,5,0.009,"Genuine endpoint (depth 3): received 93,046 KZT from 1 payers with 0 outgoing transfers.",1,0,93046.0,0.0,0.0003014815867240045,0.0,3,False,False,False,False,False,
100000008718811100,100000008718811100,terminal,0.5,29,0.0088,"Genuine endpoint (depth 3): received 73,300 KZT from 1 payers with 0 outgoing transfers.",1,0,73300.0,0.0,0.0002970097954313942,0.0,3,False,False,False,False,False,
100000008043184100,100000008043184100,terminal,0.5,22,0.0087,"Genuine endpoint (depth 3): received 50,564 KZT from 1 payers with 0 outgoing transfers.",1,0,50564.0,0.0,0.00029352801963081616,0.0,3,False,False,False,False,False,
100000002530224100,100000002530224100,terminal,0.5,19,0.0086,"Genuine endpoint (depth 3): received 113,000 KZT from 1 payers with 0 outgoing transfers.",1,0,113000.0,0.0,0.00029139102055774377,0.0,3,False,False,False,False,False,
100000008754608100,100000008754608100,terminal,0.5,29,0.0084,"Genuine endpoint (depth 3): received 12,300 KZT from 1 payers with 0 outgoing transfers.",1,0,12300.0,0.0,0.00028748905090124,0.0,3,False,False,False,False,False,
100000006989232100,100000006989232100,terminal,0.5,24,0.0084,"Genuine endpoint (depth 3): received 22,194 KZT from 1 payers with 0 outgoing transfers.",1,0,22194.0,0.0,0.00028753750814532387,0.0,3,False,False,False,False,False,
100000006532229100,100000006532229100,terminal,0.5,19,0.009,"Genuine endpoint (depth 3): received 105,000 KZT from 1 payers with 0 outgoing transfers.",1,0,105000.0,0.0,0.0003006351862930432,0.0,3,False,False,False,False,False,
100000005661829100,100000005661829100,transit,0.83,0,0.0104,"Receives from 1 payers (37,790 KZT), passes through 107% (40,362 KZT) to 2 accounts.",1,2,37790.0,40362.0,0.0002920319635832895,1.0680603334215402,3,False,False,False,False,True,-24.0
100000004553349100,100000004553349100,terminal,0.5,8,0.009,"Genuine endpoint (depth 3): received 7,755 KZT from 1 payers with 0 outgoing transfers.",1,0,7755.0,0.0,0.0003000285848322995,0.0,3,False,False,False,False,False,
100000002945626100,100000002945626100,terminal,1.0,19,0.0273,"Genuine endpoint (depth 3): received 584,000 KZT from 3 payers with 0 outgoing transfers.",3,0,584000.0,0.0,0.0003377644362503449,0.0,3,False,False,False,False,False,
100000008775471100,100000008775471100,terminal,0.5,19,0.0115,"Genuine endpoint (depth 3): received 580,000 KZT from 1 payers with 0 outgoing transfers.",1,0,580000.0,0.0,0.00035837580082273557,0.0,3,False,False,False,False,False,
100000000404740100,100000000404740100,terminal,0.3,10,0.0203,"Possible final recipient (hop 4 truncated): received 25,000 KZT from 1 payers; chain stopped, needs follow-up.",1,0,25000.0,0.0,0.0005579900727464834,0.0,4,False,True,False,False,False,
100000004268036100,100000004268036100,terminal,0.3,4,0.0085,"Possible final recipient (hop 4 truncated): received 5,500 KZT from 1 payers; chain stopped, needs follow-up.",1,0,5500.0,0.0,0.00028851261710781384,0.0,4,False,True,False,False,False,
100000001256409100,100000001256409100,terminal,0.3,3,0.0198,"Possible final recipient (hop 4 truncated): received 8,000 KZT from 1 payers; chain stopped, needs follow-up.",1,0,8000.0,0.0,0.0005471647850140195,0.0,4,False,True,False,False,False,
100000005360814100,100000005360814100,terminal,0.3,3,0.0148,"Possible final recipient (hop 4 truncated): received 144,000 KZT from 1 payers; chain stopped, needs follow-up.",1,0,144000.0,0.0,0.00043368873256412725,0.0,4,False,True,False,False,False,
100000002369454100,100000002369454100,terminal,0.3,20,0.0146,"Possible final recipient (hop 4 truncated): received 25,000 KZT from 1 payers; chain stopped, needs follow-up.",1,0,25000.0,0.0,0.0004288818435522478,0.0,4,False,True,False,False,False,
100000004272302100,100000004272302100,terminal,0.3,16,0.0084,"Possible final recipient (hop 4 truncated): received 10,000 KZT from 1 payers; chain stopped, needs follow-up.",1,0,10000.0,0.0,0.00028773614997434693,0.0,4,False,True,False,False,False,
100000008727982100,100000008727982100,terminal,0.3,6,0.0183,"Possible final recipient (hop 4 truncated): received 30,000 KZT from 1 payers; chain stopped, needs follow-up.",1,0,30000.0,0.0,0.0005138489258762213,0.0,4,False,True,False,False,False,
100000000600707100,100000000600707100,terminal,0.3,14,0.0208,"Possible final recipient (hop 4 truncated): received 89,000 KZT from 1 payers; chain stopped, needs follow-up.",1,0,89000.0,0.0,0.0005701602511841814,0.0,4,False,True,False,False,False,
100000004500781100,100000004500781100,terminal,0.3,1,0.0256,"Possible final recipient (hop 4 truncated): received 74,000 KZT from 1 payers; chain stopped, needs follow-up.",1,0,74000.0,0.0,0.0006807503625850069,0.0,4,False,True,False,False,True,
100000008703533100,100000008703533100,terminal,0.3,19,0.0088,"Possible final recipient (hop 4 truncated): received 75,000 KZT from 1 payers; chain stopped, needs follow-up.",1,0,75000.0,0.0,0.00029552677799059583,0.0,4,False,True,False,False,False,
100000004549591100,100000004549591100,terminal,0.3,2,0.0153,"Possible final recipient (hop 4 truncated): received 49,000 KZT from 1 payers; chain stopped, needs follow-up.",1,0,49000.0,0.0,0.000444321168333405,0.0,4,False,True,False,False,False,
100000002700161100,100000002700161100,terminal,0.3,12,0.0354,"Possible final recipient (hop 4 truncated): received 39,000 KZT from 1 payers; chain stopped, needs follow-up.",1,0,39000.0,0.0,0.0009026643078152162,0.0,4,False,True,False,False,False,
100000003134550100,100000003134550100,terminal,0.3,19,0.0089,"Possible final recipient (hop 4 truncated): received 100,000 KZT from 1 payers; chain stopped, needs follow-up.",1,0,100000.0,0.0,0.0002988459392483642,0.0,4,False,True,False,False,False,
100000001957974100,100000001957974100,terminal,0.3,1,0.0098,"Possible final recipient (hop 4 truncated): received 500,000 KZT from 1 payers; chain stopped, needs follow-up.",1,0,500000.0,0.0,0.0003201374676904352,0.0,4,False,True,False,False,False,
100000001246806100,100000001246806100,terminal,0.3,19,0.0192,"Possible final recipient (hop 4 truncated): received 130,000 KZT from 1 payers; chain stopped, needs follow-up.",1,0,130000.0,0.0,0.0005329767614424808,0.0,4,False,True,False,False,False,
100000003622955100,100000003622955100,terminal,0.3,24,0.0542,"Possible final recipient (hop 4 truncated): received 15,000 KZT from 1 payers; chain stopped, needs follow-up.",1,0,15000.0,0.0,0.001334263775828019,0.0,4,False,True,False,False,False,
100000003692843100,100000003692843100,terminal,0.3,2,0.019,"Possible final recipient (hop 4 truncated): received 510,000 KZT from 1 payers; chain stopped, needs follow-up.",1,0,510000.0,0.0,0.0005294957412060607,0.0,4,False,True,False,False,False,
100000008629504100,100000008629504100,terminal,0.3,0,0.0091,"Possible final recipient (hop 4 truncated): received 20,000 KZT from 1 payers; chain stopped, needs follow-up.",1,0,20000.0,0.0,0.00030201034173378495,0.0,4,False,True,False,False,False,
100000005621418100,100000005621418100,terminal,0.3,21,0.0093,"Possible final recipient (hop 4 truncated): received 30,000 KZT from 1 payers; chain stopped, needs follow-up.",1,0,30000.0,0.0,0.00030782638639647333,0.0,4,False,True,False,False,False,
100000004167082100,100000004167082100,terminal,0.3,2,0.0127,"Possible final recipient (hop 4 truncated): received 13,300 KZT from 1 payers; chain stopped, needs follow-up.",1,0,13300.0,0.0,0.00038491480925942914,0.0,4,False,True,False,False,False,
100000004379306100,100000004379306100,terminal,0.3,20,0.0191,"Possible final recipient (hop 4 truncated): received 15,000 KZT from 1 payers; chain stopped, needs follow-up.",1,0,15000.0,0.0,0.0005320511103436068,0.0,4,False,True,False,False,False,
100000004856746100,100000004856746100,terminal,0.3,26,0.009,"Possible final recipient (hop 4 truncated): received 20,000 KZT from 1 payers; chain stopped, needs follow-up.",1,0,20000.0,0.0,0.0003000473060624518,0.0,4,False,True,False,False,False,
100000004891562100,100000004891562100,terminal,0.3,4,0.0108,"Possible final recipient (hop 4 truncated): received 103,400 KZT from 1 payers; chain stopped, needs follow-up.",1,0,103400.0,0.0,0.0003409037645591223,0.0,4,False,True,False,False,False,
100000007042175100,100000007042175100,terminal,0.3,24,0.0192,"Possible final recipient (hop 4 truncated): received 60,000 KZT from 1 payers; chain stopped, needs follow-up.",1,0,60000.0,0.0,0.0005340058628254454,0.0,4,False,True,False,False,False,
100000002670463100,100000002670463100,terminal,0.3,4,0.0091,"Possible final recipient (hop 4 truncated): received 31,500 KZT from 1 payers; chain stopped, needs follow-up.",1,0,31500.0,0.0,0.0003024265071357405,0.0,4,False,True,False,False,False,
100000005567828100,100000005567828100,terminal,0.3,17,0.0099,"Possible final recipient (hop 4 truncated): received 94,000 KZT from 1 payers; chain stopped, needs follow-up.",1,0,94000.0,0.0,0.0003207562214579207,0.0,4,False,True,False,False,False,
100000004200745100,100000004200745100,terminal,0.3,13,0.0221,"Possible final recipient (hop 4 truncated): received 130,000 KZT from 1 payers; chain stopped, needs follow-up.",1,0,130000.0,0.0,0.0006010148962169087,0.0,4,False,True,False,False,False,
100000003989033100,100000003989033100,terminal,0.3,13,0.0221,"Possible final recipient (hop 4 truncated): received 373,400 KZT from 1 payers; chain stopped, needs follow-up.",1,0,373400.0,0.0,0.0005989171063455112,0.0,4,False,True,False,False,False,
100000005146665100,100000005146665100,terminal,0.3,1,0.0084,"Possible final recipient (hop 4 truncated): received 5,500 KZT from 1 payers; chain stopped, needs follow-up.",1,0,5500.0,0.0,0.00028645375249411193,0.0,4,False,True,False,False,False,
100000003096787100,100000003096787100,terminal,0.3,17,0.0086,"Possible final recipient (hop 4 truncated): received 16,400 KZT from 1 payers; chain stopped, needs follow-up.",1,0,16400.0,0.0,0.00029170829003374117,0.0,4,False,True,False,False,False,
100000003074515100,100000003074515100,terminal,0.3,19,0.0089,"Possible final recipient (hop 4 truncated): received 105,000 KZT from 1 payers; chain stopped, needs follow-up.",1,0,105000.0,0.0,0.0002993828545053818,0.0,4,False,True,False,False,False,
100000004377043100,100000004377043100,terminal,0.3,26,0.0117,"Possible final recipient (hop 4 truncated): received 5,700 KZT from 1 payers; chain stopped, needs follow-up.",1,0,5700.0,0.0,0.0003635495256865643,0.0,4,False,True,False,False,False,
100000008680061100,100000008680061100,terminal,0.3,16,0.0094,"Possible final recipient (hop 4 truncated): received 41,300 KZT from 1 payers; chain stopped, needs follow-up.",1,0,41300.0,0.0,0.0003106855908070421,0.0,4,False,True,False,False,False,
100000008471634100,100000008471634100,terminal,0.3,10,0.0451,"Possible final recipient (hop 4 truncated): received 20,000 KZT from 1 payers; chain stopped, needs follow-up.",1,0,20000.0,0.0,0.0011246149928916334,0.0,4,False,True,False,False,False,
100000002119762100,100000002119762100,terminal,0.3,7,0.019,"Possible final recipient (hop 4 truncated): received 77,000 KZT from 1 payers; chain stopped, needs follow-up.",1,0,77000.0,0.0,0.0005295245957280118,0.0,4,False,True,False,False,True,
100000008628818100,100000008628818100,terminal,0.3,17,0.0091,"Possible final recipient (hop 4 truncated): received 46,310 KZT from 1 payers; chain stopped, needs follow-up.",1,0,46310.0,0.0,0.00030290447081849904,0.0,4,False,True,False,False,False,
100000007510567100,100000007510567100,terminal,0.3,17,0.0092,"Possible final recipient (hop 4 truncated): received 52,000 KZT from 1 payers; chain stopped, needs follow-up.",1,0,52000.0,0.0,0.00030503440290359675,0.0,4,False,True,False,False,False,
100000004780327100,100000004780327100,terminal,0.3,4,0.0086,"Possible final recipient (hop 4 truncated): received 12,000 KZT from 1 payers; chain stopped, needs follow-up.",1,0,12000.0,0.0,0.00029199108961479553,0.0,4,False,True,False,False,False,
100000008376785100,100000008376785100,terminal,0.3,7,0.0191,"Possible final recipient (hop 4 truncated): received 234,250 KZT from 1 payers; chain stopped, needs follow-up.",1,0,234250.0,0.0,0.0005318070054641104,0.0,4,False,True,False,False,False,
100000005745873100,100000005745873100,terminal,0.3,16,0.0097,"Possible final recipient (hop 4 truncated): received 223,000 KZT from 1 payers; chain stopped, needs follow-up.",1,0,223000.0,0.0,0.0003163211975392906,0.0,4,False,True,False,False,False,
100000002594214100,100000002594214100,terminal,0.3,7,0.0119,"Possible final recipient (hop 4 truncated): received 1,000,000 KZT from 1 payers; chain stopped, needs follow-up.",1,0,1000000.0,0.0,0.00036705924336221985,0.0,4,False,True,False,False,False,
100000001299323100,100000001299323100,terminal,0.3,19,0.009,"Possible final recipient (hop 4 truncated): received 109,000 KZT from 1 payers; chain stopped, needs follow-up.",1,0,109000.0,0.0,0.0002999090853734995,0.0,4,False,True,False,False,False,
100000003838587100,100000003838587100,terminal,0.3,1,0.0201,"Possible final recipient (hop 4 truncated): received 6,000 KZT from 1 payers; chain stopped, needs follow-up.",1,0,6000.0,0.0,0.0005550324069085224,0.0,4,False,True,False,False,False,
100000000673915100,100000000673915100,terminal,0.3,7,0.0084,"Possible final recipient (hop 4 truncated): received 20,200 KZT from 1 payers; chain stopped, needs follow-up.",1,0,20200.0,0.0,0.0002875765133018172,0.0,4,False,True,False,False,False,
100000003061115100,100000003061115100,terminal,0.3,20,0.0192,"Possible final recipient (hop 4 truncated): received 45,000 KZT from 1 payers; chain stopped, needs follow-up.",1,0,45000.0,0.0,0.0005339039923107205,0.0,4,False,True,False,False,False,
100000004326224100,100000004326224100,terminal,0.3,7,0.0192,"Possible final recipient (hop 4 truncated): received 60,000 KZT from 1 payers; chain stopped, needs follow-up.",1,0,60000.0,0.0,0.000534877909107831,0.0,4,False,True,False,False,False,
100000004988240100,100000004988240100,terminal,0.3,16,0.019,"Possible final recipient (hop 4 truncated): received 20,000 KZT from 1 payers; chain stopped, needs follow-up.",1,0,20000.0,0.0,0.0005299271891403068,0.0,4,False,True,False,False,False,
100000008525136100,100000008525136100,terminal,0.3,16,0.0085,"Possible final recipient (hop 4 truncated): received 14,100 KZT from 1 payers; chain stopped, needs follow-up.",1,0,14100.0,0.0,0.0002885216550484359,0.0,4,False,True,False,False,False,
100000001991973100,100000001991973100,terminal,0.3,4,0.0088,"Possible final recipient (hop 4 truncated): received 20,800 KZT from 1 payers; chain stopped, needs follow-up.",1,0,20800.0,0.0,0.00029670040623963227,0.0,4,False,True,False,False,False,
100000004569637100,100000004569637100,terminal,0.3,20,0.02,"Possible final recipient (hop 4 truncated): received 5,500 KZT from 1 payers; chain stopped, needs follow-up.",1,0,5500.0,0.0,0.0005531603067223193,0.0,4,False,True,False,False,False,
100000008675322100,100000008675322100,terminal,0.3,7,0.0098,"Possible final recipient (hop 4 truncated): received 340,000 KZT from 1 payers; chain stopped, needs follow-up.",1,0,340000.0,0.0,0.0003193541698974364,0.0,4,False,True,False,False,False,
100000004235471100,100000004235471100,terminal,0.3,7,0.0111,"Possible final recipient (hop 4 truncated): received 180,000 KZT from 1 payers; chain stopped, needs follow-up.",1,0,180000.0,0.0,0.00034861353029746133,0.0,4,False,True,False,False,False,
100000003194831100,100000003194831100,terminal,0.3,13,0.0086,"Possible final recipient (hop 4 truncated): received 6,265 KZT from 1 payers; chain stopped, needs follow-up.",1,0,6265.0,0.0,0.00029082672336293444,0.0,4,False,True,False,False,False,
100000008588665100,100000008588665100,terminal,0.3,12,0.0113,"Possible final recipient (hop 4 truncated): received 25,000 KZT from 1 payers; chain stopped, needs follow-up.",1,0,25000.0,0.0,0.0003524909066556901,0.0,4,False,True,False,False,False,
100000003230329100,100000003230329100,terminal,0.3,19,0.009,"Possible final recipient (hop 4 truncated): received 110,000 KZT from 1 payers; chain stopped, needs follow-up.",1,0,110000.0,0.0,0.00030004064309052897,0.0,4,False,True,False,False,False,
100000002217806100,100000002217806100,terminal,0.3,2,0.0161,"Possible final recipient (hop 4 truncated): received 55,000 KZT from 1 payers; chain stopped, needs follow-up.",1,0,55000.0,0.0,0.00046376017332721496,0.0,4,False,True,False,False,False,
100000004041294100,100000004041294100,terminal,0.3,10,0.009,"Possible final recipient (hop 4 truncated): received 17,800 KZT from 1 payers; chain stopped, needs follow-up.",1,0,17800.0,0.0,0.0003008542855735774,0.0,4,False,True,False,False,False,
100000008583971100,100000008583971100,terminal,0.4,0,0.0186,"Possible final recipient (hop 4 truncated): received 51,000 KZT from 2 payers; chain stopped, needs follow-up.",2,0,51000.0,0.0,0.00032971602313587925,0.0,4,False,True,False,False,False,
100000008251939100,100000008251939100,terminal,0.3,17,0.0091,"Possible final recipient (hop 4 truncated): received 44,360 KZT from 1 payers; chain stopped, needs follow-up.",1,0,44360.0,0.0,0.00030217452924276257,0.0,4,False,True,False,False,False,
100000004049912100,100000004049912100,terminal,0.3,5,0.01,"Possible final recipient (hop 4 truncated): received 10,000 KZT from 1 payers; chain stopped, needs follow-up.",1,0,10000.0,0.0,0.0003245564257590689,0.0,4,False,True,False,False,False,
100000002227960100,100000002227960100,terminal,0.3,15,0.0089,"Possible final recipient (hop 4 truncated): received 10,000 KZT from 1 payers; chain stopped, needs follow-up.",1,0,10000.0,0.0,0.00029943768321597685,0.0,4,False,True,False,False,False,
100000008677368100,100000008677368100,terminal,0.3,16,0.0192,"Possible final recipient (hop 4 truncated): received 13,500 KZT from 1 payers; chain stopped, needs follow-up.",1,0,13500.0,0.0,0.0005340288694748735,0.0,4,False,True,False,False,False,
100000008631800100,100000008631800100,terminal,0.3,4,0.0086,"Possible final recipient (hop 4 truncated): received 12,850 KZT from 1 payers; chain stopped, needs follow-up.",1,0,12850.0,0.0,0.00029244596678878543,0.0,4,False,True,False,False,False,
100000003220685100,100000003220685100,terminal,0.3,7,0.0194,"Possible final recipient (hop 4 truncated): received 1,306,000 KZT from 1 payers; chain stopped, needs follow-up.",1,0,1306000.0,0.0,0.0005375987236644607,0.0,4,False,True,False,False,False,
100000003072205100,100000003072205100,terminal,0.4,19,0.0181,"Possible final recipient (hop 4 truncated): received 163,000 KZT from 2 payers; chain stopped, needs follow-up.",2,0,163000.0,0.0,0.0003189739255881063,0.0,4,False,True,False,False,False,
100000001202637100,100000001202637100,terminal,0.3,17,0.0199,"Possible final recipient (hop 4 truncated): received 10,000 KZT from 1 payers; chain stopped, needs follow-up.",1,0,10000.0,0.0,0.0005487659443752248,0.0,4,False,True,False,False,False,
100000002835874100,100000002835874100,terminal,0.3,19,0.0087,"Possible final recipient (hop 4 truncated): received 58,700 KZT from 1 payers; chain stopped, needs follow-up.",1,0,58700.0,0.0,0.00029329173220691884,0.0,4,False,True,False,False,False,
100000002707106100,100000002707106100,terminal,0.3,1,0.0084,"Possible final recipient (hop 4 truncated): received 15,000 KZT from 1 payers; chain stopped, needs follow-up.",1,0,15000.0,0.0,0.00028660633942148524,0.0,4,False,True,False,False,False,
100000008343415100,100000008343415100,terminal,0.3,3,0.0148,"Possible final recipient (hop 4 truncated): received 100,000 KZT from 1 payers; chain stopped, needs follow-up.",1,0,100000.0,0.0,0.0004339920196479948,0.0,4,False,True,False,False,False,
100000004981068100,100000004981068100,terminal,0.3,19,0.0124,"Possible final recipient (hop 4 truncated): received 10,000 KZT from 1 payers; chain stopped, needs follow-up.",1,0,10000.0,0.0,0.0003788472368268382,0.0,4,False,True,False,False,False,
100000004241142100,100000004241142100,terminal,0.3,16,0.019,"Possible final recipient (hop 4 truncated): received 27,102 KZT from 1 payers; chain stopped, needs follow-up.",1,0,27102.0,0.0,0.0005301329725055738,0.0,4,False,True,False,False,False,
100000008190411100,100000008190411100,terminal,0.3,19,0.0144,"Possible final recipient (hop 4 truncated): received 198,450 KZT from 1 payers; chain stopped, needs follow-up.",1,0,198450.0,0.0,0.00042413486368425655,0.0,4,False,True,False,False,True,
100000008699083100,100000008699083100,terminal,0.3,19,0.0092,"Possible final recipient (hop 4 truncated): received 238,500 KZT from 1 payers; chain stopped, needs follow-up.",1,0,238500.0,0.0,0.00030640170893457883,0.0,4,False,True,False,False,False,
100000008136608100,100000008136608100,terminal,0.3,17,0.0205,"Possible final recipient (hop 4 truncated): received 170,000 KZT from 1 payers; chain stopped, needs follow-up.",1,0,170000.0,0.0,0.0005643778935793363,0.0,4,False,True,False,False,False,
100000008695157100,100000008695157100,terminal,0.3,3,0.0176,"Possible final recipient (hop 4 truncated): received 425,546 KZT from 1 payers; chain stopped, needs follow-up.",1,0,425546.0,0.0,0.0004975174254247277,0.0,4,False,True,False,False,False,
100000000369781100,100000000369781100,terminal,0.3,7,0.0191,"Possible final recipient (hop 4 truncated): received 5,000 KZT from 1 payers; chain stopped, needs follow-up.",1,0,5000.0,0.0,0.0005324777910582564,0.0,4,False,True,False,False,False,
100000003133045100,100000003133045100,terminal,0.3,19,0.0104,"Possible final recipient (hop 4 truncated): received 68,000 KZT from 1 payers; chain stopped, needs follow-up.",1,0,68000.0,0.0,0.00033304955989506193,0.0,4,False,True,False,False,False,
100000002474570100,100000002474570100,terminal,0.3,4,0.0085,"Possible final recipient (hop 4 truncated): received 6,750 KZT from 1 payers; chain stopped, needs follow-up.",1,0,6750.0,0.0,0.0002891815541283873,0.0,4,False,True,False,False,False,
100000002514975100,100000002514975100,terminal,0.3,21,0.0191,"Possible final recipient (hop 4 truncated): received 17,920 KZT from 1 payers; chain stopped, needs follow-up.",1,0,17920.0,0.0,0.0005310425183631422,0.0,4,False,True,False,False,False,
100000001089055100,100000001089055100,terminal,0.3,3,0.0102,"Possible final recipient (hop 4 truncated): received 13,000 KZT from 1 payers; chain stopped, needs follow-up.",1,0,13000.0,0.0,0.00032930768290614026,0.0,4,False,True,False,False,False,
100000000608031100,100000000608031100,terminal,0.3,22,0.0194,"Possible final recipient (hop 4 truncated): received 30,000 KZT from 1 payers; chain stopped, needs follow-up.",1,0,30000.0,0.0,0.0005386366709608575,0.0,4,False,True,False,False,False,
100000002659103100,100000002659103100,terminal,0.3,16,0.0111,"Possible final recipient (hop 4 truncated): received 165,000 KZT from 1 payers; chain stopped, needs follow-up.",1,0,165000.0,0.0,0.0003497105242568359,0.0,4,False,True,False,False,False,
100000000733940100,100000000733940100,terminal,0.3,9,0.0138,"Possible final recipient (hop 4 truncated): received 752,000 KZT from 1 payers; chain stopped, needs follow-up.",1,0,752000.0,0.0,0.0004111852101832481,0.0,4,False,True,False,False,False,
100000001537524100,100000001537524100,terminal,0.3,19,0.0089,"Possible final recipient (hop 4 truncated): received 150,000 KZT from 1 payers; chain stopped, needs follow-up.",1,0,150000.0,0.0,0.0002986714418382267,0.0,4,False,True,False,False,False,
100000002971593100,100000002971593100,terminal,0.3,7,0.0191,"Possible final recipient (hop 4 truncated): received 49,050 KZT from 1 payers; chain stopped, needs follow-up.",1,0,49050.0,0.0,0.000530380154395715,0.0,4,False,True,False,False,False,
100000006918814100,100000006918814100,terminal,0.3,16,0.0092,"Possible final recipient (hop 4 truncated): received 20,000 KZT from 1 payers; chain stopped, needs follow-up.",1,0,20000.0,0.0,0.0003043279710896785,0.0,4,False,True,False,False,False,
100000007381662100,100000007381662100,terminal,0.3,0,0.0088,"Possible final recipient (hop 4 truncated): received 11,000 KZT from 1 payers; chain stopped, needs follow-up.",1,0,11000.0,0.0,0.0002968339281028911,0.0,4,False,True,False,False,False,
100000003199390100,100000003199390100,terminal,0.3,7,0.0123,"Possible final recipient (hop 4 truncated): received 260,000 KZT from 1 payers; chain stopped, needs follow-up.",1,0,260000.0,0.0,0.0003766331907775371,0.0,4,False,True,False,False,False,
100000007749747100,100000007749747100,terminal,0.3,19,0.0153,"Possible final recipient (hop 4 truncated): received 50,000 KZT from 1 payers; chain stopped, needs follow-up.",1,0,50000.0,0.0,0.000443621967101852,0.0,4,False,True,False,False,False,
100000003447411100,100000003447411100,terminal,0.3,12,0.0092,"Possible final recipient (hop 4 truncated): received 302,000 KZT from 1 payers; chain stopped, needs follow-up.",1,0,302000.0,0.0,0.000305818442968074,0.0,4,False,True,False,False,False,
100000000500040100,100000000500040100,terminal,0.3,0,0.0092,"Possible final recipient (hop 4 truncated): received 20,000 KZT from 1 payers; chain stopped, needs follow-up.",1,0,20000.0,0.0,0.00030605044673656407,0.0,4,False,True,False,False,False,
100000008551752100,100000008551752100,terminal,0.3,16,0.0108,"Possible final recipient (hop 4 truncated): received 406,000 KZT from 1 payers; chain stopped, needs follow-up.",1,0,406000.0,0.0,0.0003415570643909764,0.0,4,False,True,False,False,False,
100000002876914100,100000002876914100,terminal,0.3,4,0.0086,"Possible final recipient (hop 4 truncated): received 12,000 KZT from 1 payers; chain stopped, needs follow-up.",1,0,12000.0,0.0,0.00029199108961479553,0.0,4,False,True,False,False,False,
100000004571634100,100000004571634100,terminal,0.3,16,0.0122,"Possible final recipient (hop 4 truncated): received 20,000 KZT from 1 payers; chain stopped, needs follow-up.",1,0,20000.0,0.0,0.0003741773489468036,0.0,4,False,True,False,False,False,
100000004610802100,100000004610802100,terminal,0.3,16,0.0166,"Possible final recipient (hop 4 truncated): received 241,000 KZT from 1 payers; chain stopped, needs follow-up.",1,0,241000.0,0.0,0.0004739522248641124,0.0,4,False,True,False,False,True,
100000001311175100,100000001311175100,terminal,0.3,1,0.0191,"Possible final recipient (hop 4 truncated): received 300,000 KZT from 1 payers; chain stopped, needs follow-up.",1,0,300000.0,0.0,0.0005315144876960898,0.0,4,False,True,False,False,False,
100000008740295100,100000008740295100,terminal,0.3,19,0.0101,"Possible final recipient (hop 4 truncated): received 300,000 KZT from 1 payers; chain stopped, needs follow-up.",1,0,300000.0,0.0,0.000325036609326122,0.0,4,False,True,False,False,False,
100000002596039100,100000002596039100,terminal,0.3,12,0.0092,"Possible final recipient (hop 4 truncated): received 280,000 KZT from 1 payers; chain stopped, needs follow-up.",1,0,280000.0,0.0,0.00030434333941669245,0.0,4,False,True,False,False,False,
100000002126791100,100000002126791100,terminal,0.3,19,0.0209,"Possible final recipient (hop 4 truncated): received 1,313,000 KZT from 1 payers; chain stopped, needs follow-up.",1,0,1313000.0,0.0,0.000571680600606073,0.0,4,False,True,False,False,False,
100000005783452100,100000005783452100,terminal,0.4,19,0.0179,"Possible final recipient (hop 4 truncated): received 286,500 KZT from 2 payers; chain stopped, needs follow-up.",2,0,286500.0,0.0,0.0003144185669015849,0.0,4,False,True,False,False,False,
100000006693788100,100000006693788100,terminal,0.3,24,0.0191,"Possible final recipient (hop 4 truncated): received 10,764 KZT from 1 payers; chain stopped, needs follow-up.",1,0,10764.0,0.0,0.0005320949120369108,0.0,4,False,True,False,False,False,
100000002832753100,100000002832753100,terminal,0.3,2,0.0289,"Possible final recipient (hop 4 truncated): received 12,500 KZT from 1 payers; chain stopped, needs follow-up.",1,0,12500.0,0.0,0.0007555331214190867,0.0,4,False,True,False,False,False,
100000002981489100,100000002981489100,terminal,0.3,7,0.0085,"Possible final recipient (hop 4 truncated): received 10,000 KZT from 1 payers; chain stopped, needs follow-up.",1,0,10000.0,0.0,0.00028833129648364,0.0,4,False,True,False,False,False,
100000003084870100,100000003084870100,terminal,0.3,1,0.0109,"Possible final recipient (hop 4 truncated): received 6,500 KZT from 1 payers; chain stopped, needs follow-up.",1,0,6500.0,0.0,0.00034517865606512906,0.0,4,False,True,False,False,False,
100000002791494100,100000002791494100,terminal,0.3,17,0.0097,"Possible final recipient (hop 4 truncated): received 85,860 KZT from 1 payers; chain stopped, needs follow-up.",1,0,85860.0,0.0,0.00031770918329048745,0.0,4,False,True,False,False,False,
100000003345947100,100000003345947100,terminal,0.3,3,0.0175,"Possible final recipient (hop 4 truncated): received 79,500 KZT from 1 payers; chain stopped, needs follow-up.",1,0,79500.0,0.0,0.000494765923207766,0.0,4,False,True,False,False,False,
100000002733083100,100000002733083100,terminal,0.3,17,0.0086,"Possible final recipient (hop 4 truncated): received 15,200 KZT from 1 payers; chain stopped, needs follow-up.",1,0,15200.0,0.0,0.00029125909521790337,0.0,4,False,True,False,False,False,
100000003247600100,100000003247600100,terminal,0.3,16,0.0327,"Possible final recipient (hop 4 truncated): received 58,000 KZT from 1 payers; chain stopped, needs follow-up.",1,0,58000.0,0.0,0.0008412090951663765,0.0,4,False,True,False,False,False,
100000001378288100,100000001378288100,terminal,0.3,3,0.0187,"Possible final recipient (hop 4 truncated): received 268,000 KZT from 1 payers; chain stopped, needs follow-up.",1,0,268000.0,0.0,0.0005234508868762802,0.0,4,False,True,False,False,True,
100000002305477100,100000002305477100,terminal,0.3,15,0.0095,"Possible final recipient (hop 4 truncated): received 20,000 KZT from 1 payers; chain stopped, needs follow-up.",1,0,20000.0,0.0,0.0003133060722146628,0.0,4,False,True,False,False,False,
100000006638021100,100000006638021100,terminal,0.4,19,0.028,"Possible final recipient (hop 4 truncated): received 388,500 KZT from 2 payers; chain stopped, needs follow-up.",2,0,388500.0,0.0,0.000544485696289975,0.0,4,False,True,False,False,False,
100000008517061100,100000008517061100,terminal,0.3,1,0.0139,"Possible final recipient (hop 4 truncated): received 1,844,000 KZT from 1 payers; chain stopped, needs follow-up.",1,0,1844000.0,0.0,0.00041305671798624714,0.0,4,False,True,False,False,False,
100000005910895100,100000005910895100,terminal,0.3,24,0.022,"Possible final recipient (hop 4 truncated): received 5,100 KZT from 1 payers; chain stopped, needs follow-up.",1,0,5100.0,0.0,0.0005976000607837528,0.0,4,False,True,False,False,False,
100000002723439100,100000002723439100,terminal,0.3,24,0.02,"Possible final recipient (hop 4 truncated): received 18,000 KZT from 1 payers; chain stopped, needs follow-up.",1,0,18000.0,0.0,0.0005526233540248644,0.0,4,False,True,False,False,False,
100000002320495100,100000002320495100,terminal,0.3,20,0.0193,"Possible final recipient (hop 4 truncated): received 13,526 KZT from 1 payers; chain stopped, needs follow-up.",1,0,13526.27,0.0,0.0005354179344206217,0.0,4,False,True,False,False,False,
100000002229615100,100000002229615100,terminal,0.3,15,0.0273,"Possible final recipient (hop 4 truncated): received 25,000 KZT from 1 payers; chain stopped, needs follow-up.",1,0,25000.0,0.0,0.000718498388172836,0.0,4,False,True,False,False,False,
100000008327791100,100000008327791100,terminal,0.3,22,0.0193,"Possible final recipient (hop 4 truncated): received 11,000 KZT from 1 payers; chain stopped, needs follow-up.",1,0,11000.0,0.0,0.0005367685704661637,0.0,4,False,True,False,False,False,
100000002208836100,100000002208836100,terminal,0.3,7,0.0103,"Possible final recipient (hop 4 truncated): received 90,000 KZT from 1 payers; chain stopped, needs follow-up.",1,0,90000.0,0.0,0.00032981854491952384,0.0,4,False,True,False,False,False,
100000001724740100,100000001724740100,terminal,0.3,19,0.0193,"Possible final recipient (hop 4 truncated): received 185,000 KZT from 1 payers; chain stopped, needs follow-up.",1,0,185000.0,0.0,0.0005364804152149869,0.0,4,False,True,False,False,False,
100000004386286100,100000004386286100,terminal,0.3,13,0.022,"Possible final recipient (hop 4 truncated): received 12,500 KZT from 1 payers; chain stopped, needs follow-up.",1,0,12500.0,0.0,0.0005972866869113222,0.0,4,False,True,False,False,False,
100000001714883100,100000001714883100,terminal,0.3,4,0.0085,"Possible final recipient (hop 4 truncated): received 6,900 KZT from 1 payers; chain stopped, needs follow-up.",1,0,6900.0,0.0,0.00028926182657085605,0.0,4,False,True,False,False,False,
100000008337304100,100000008337304100,terminal,0.3,20,0.0113,"Possible final recipient (hop 4 truncated): received 105,465 KZT from 1 payers; chain stopped, needs follow-up.",1,0,105465.0,0.0,0.00035426504692391266,0.0,4,False,True,False,False,False,
100000000655469100,100000000655469100,terminal,0.3,15,0.011,"Possible final recipient (hop 4 truncated): received 20,000 KZT from 1 payers; chain stopped, needs follow-up.",1,0,20000.0,0.0,0.00034543115072670856,0.0,4,False,True,False,False,False,
100000008722541100,100000008722541100,terminal,0.3,7,0.0126,"Possible final recipient (hop 4 truncated): received 280,000 KZT from 1 payers; chain stopped, needs follow-up.",1,0,280000.0,0.0,0.000383638105897556,0.0,4,False,True,False,False,False,
100000004222274100,100000004222274100,terminal,0.3,0,0.0197,"Possible final recipient (hop 4 truncated): received 15,500 KZT from 1 payers; chain stopped, needs follow-up.",1,0,15500.0,0.0,0.0005454170226679215,0.0,4,False,True,False,False,False,
100000006232642100,100000006232642100,terminal,0.3,16,0.0146,"Possible final recipient (hop 4 truncated): received 456,000 KZT from 1 payers; chain stopped, needs follow-up.",1,0,456000.0,0.0,0.00042785609111614025,0.0,4,False,True,False,False,False,
100000004066370100,100000004066370100,terminal,0.3,14,0.0216,"Possible final recipient (hop 4 truncated): received 65,000 KZT from 1 payers; chain stopped, needs follow-up.",1,0,65000.0,0.0,0.0005893461583954324,0.0,4,False,True,False,False,False,
100000005685783100,100000005685783100,terminal,0.3,27,0.0191,"Possible final recipient (hop 4 truncated): received 26,150 KZT from 1 payers; chain stopped, needs follow-up.",1,0,26150.0,0.0,0.0005320610913052177,0.0,4,False,True,False,False,False,
100000006171671100,100000006171671100,terminal,0.3,16,0.019,"Possible final recipient (hop 4 truncated): received 10,000 KZT from 1 payers; chain stopped, needs follow-up.",1,0,10000.0,0.0,0.0005290656990407927,0.0,4,False,True,False,False,False,
100000003481025100,100000003481025100,terminal,0.3,0,0.0191,"Possible final recipient (hop 4 truncated): received 9,000 KZT from 1 payers; chain stopped, needs follow-up.",1,0,9000.0,0.0,0.0005310260909453556,0.0,4,False,True,False,False,False,
100000003646145100,100000003646145100,terminal,0.3,14,0.0244,"Possible final recipient (hop 4 truncated): received 5,000 KZT from 1 payers; chain stopped, needs follow-up.",1,0,5000.0,0.0,0.0006536813277109187,0.0,4,False,True,False,False,False,
100000002659265100,100000002659265100,terminal,0.3,19,0.0098,"Possible final recipient (hop 4 truncated): received 141,000 KZT from 1 payers; chain stopped, needs follow-up.",1,0,141000.0,0.0,0.00031969973198944335,0.0,4,False,True,False,False,False,
100000003289281100,100000003289281100,terminal,0.3,24,0.022,"Possible final recipient (hop 4 truncated): received 40,000 KZT from 1 payers; chain stopped, needs follow-up.",1,0,40000.0,0.0,0.0005967179150727089,0.0,4,False,True,False,False,False,
100000004840086100,100000004840086100,terminal,0.3,24,0.0194,"Possible final recipient (hop 4 truncated): received 100,000 KZT from 1 payers; chain stopped, needs follow-up.",1,0,100000.0,0.0,0.0005391572563123895,0.0,4,False,True,False,False,False,
100000008554390100,100000008554390100,terminal,0.3,4,0.0087,"Possible final recipient (hop 4 truncated): received 14,000 KZT from 1 payers; chain stopped, needs follow-up.",1,0,14000.0,0.0,0.00029306138884771293,0.0,4,False,True,False,False,False,
100000004691350100,100000004691350100,terminal,0.3,0,0.0347,"Possible final recipient (hop 4 truncated): received 13,300 KZT from 1 payers; chain stopped, needs follow-up.",1,0,13300.0,0.0,0.0008870591048616337,0.0,4,False,True,False,False,False,
100000004652395100,100000004652395100,terminal,0.6,16,0.0272,"Possible final recipient (hop 4 truncated): received 101,528 KZT from 3 payers; chain stopped, needs follow-up.",3,0,101528.0,0.0,0.00033570670989277517,0.0,4,False,True,False,False,True,
100000004979264100,100000004979264100,terminal,0.3,19,0.0138,"Possible final recipient (hop 4 truncated): received 39,800 KZT from 1 payers; chain stopped, needs follow-up.",1,0,39800.0,0.0,0.00041137922183340155,0.0,4,False,True,False,False,False,
100000008074304100,100000008074304100,terminal,0.3,7,0.0104,"Possible final recipient (hop 4 truncated): received 5,500 KZT from 1 payers; chain stopped, needs follow-up.",1,0,5500.0,0.0,0.00033242119278309483,0.0,4,False,True,False,False,False,
100000002227989100,100000002227989100,terminal,0.3,15,0.0131,"Possible final recipient (hop 4 truncated): received 20,000 KZT from 1 payers; chain stopped, needs follow-up.",1,0,20000.0,0.0,0.00039446042046132154,0.0,4,False,True,False,False,False,
100000003207060100,100000003207060100,terminal,0.3,12,0.0145,"Possible final recipient (hop 4 truncated): received 53,000 KZT from 1 payers; chain stopped, needs follow-up.",1,0,53000.0,0.0,0.00042744311258669713,0.0,4,False,True,False,False,False,
100000004601193100,100000004601193100,terminal,0.3,16,0.0222,"Possible final recipient (hop 4 truncated): received 84,000 KZT from 1 payers; chain stopped, needs follow-up.",1,0,84000.0,0.0,0.0006034150427286834,0.0,4,False,True,False,False,False,
100000004991593100,100000004991593100,terminal,0.3,16,0.0114,"Possible final recipient (hop 4 truncated): received 45,000 KZT from 1 payers; chain stopped, needs follow-up.",1,0,45000.0,0.0,0.0003548910511069666,0.0,4,False,True,False,False,False,
100000003128638100,100000003128638100,terminal,0.3,19,0.0115,"Possible final recipient (hop 4 truncated): received 300,000 KZT from 1 payers; chain stopped, needs follow-up.",1,0,300000.0,0.0,0.0003581872469239982,0.0,4,False,True,False,False,False,
100000005878334100,100000005878334100,terminal,0.3,3,0.0133,"Possible final recipient (hop 4 truncated): received 76,400 KZT from 1 payers; chain stopped, needs follow-up.",1,0,76400.0,0.0,0.0003989642564463486,0.0,4,False,True,False,False,False,
100000002878483100,100000002878483100,terminal,0.3,4,0.0085,"Possible final recipient (hop 4 truncated): received 6,000 KZT from 1 payers; chain stopped, needs follow-up.",1,0,6000.0,0.0,0.00028878019191604315,0.0,4,False,True,False,False,False,
100000000981693100,100000000981693100,terminal,0.3,16,0.019,"Possible final recipient (hop 4 truncated): received 16,500 KZT from 1 payers; chain stopped, needs follow-up.",1,0,16500.0,0.0,0.0005290815211541521,0.0,4,False,True,False,False,False,
100000006416061100,100000006416061100,terminal,0.3,5,0.0149,"Possible final recipient (hop 4 truncated): received 30,000 KZT from 1 payers; chain stopped, needs follow-up.",1,0,30000.0,0.0,0.0004348563786213132,0.0,4,False,True,False,False,False,
100000008168850100,100000008168850100,terminal,0.3,7,0.0192,"Possible final recipient (hop 4 truncated): received 187,910 KZT from 1 payers; chain stopped, needs follow-up.",1,0,187910.0,0.0,0.0005330795799856522,0.0,4,False,True,False,False,False,
100000004747154100,100000004747154100,terminal,0.3,19,0.0104,"Possible final recipient (hop 4 truncated): received 67,000 KZT from 1 payers; chain stopped, needs follow-up.",1,0,67000.0,0.0,0.00033235132069391824,0.0,4,False,True,False,False,False,
100000008524903100,100000008524903100,terminal,0.3,16,0.0104,"Possible final recipient (hop 4 truncated): received 15,000 KZT from 1 payers; chain stopped, needs follow-up.",1,0,15000.0,0.0,0.0003317732501869909,0.0,4,False,True,False,False,False,
100000005049404100,100000005049404100,terminal,0.3,7,0.0095,"Possible final recipient (hop 4 truncated): received 98,000 KZT from 1 payers; chain stopped, needs follow-up.",1,0,98000.0,0.0,0.0003126369164275119,0.0,4,False,True,False,False,False,
100000002258492100,100000002258492100,terminal,0.3,5,0.0195,"Possible final recipient (hop 4 truncated): received 9,000 KZT from 1 payers; chain stopped, needs follow-up.",1,0,9000.0,0.0,0.0005401265380892355,0.0,4,False,True,False,False,False,
100000005497148100,100000005497148100,terminal,0.3,7,0.0173,"Possible final recipient (hop 4 truncated): received 24,000 KZT from 1 payers; chain stopped, needs follow-up.",1,0,24000.0,0.0,0.0004900139425044355,0.0,4,False,True,False,False,False,
100000004596284100,100000004596284100,terminal,0.3,2,0.0217,"Possible final recipient (hop 4 truncated): received 30,000 KZT from 1 payers; chain stopped, needs follow-up.",1,0,30000.0,0.0,0.0005914888430857143,0.0,4,False,True,False,False,False,
100000007960337100,100000007960337100,terminal,0.3,12,0.0091,"Possible final recipient (hop 4 truncated): received 35,500 KZT from 1 payers; chain stopped, needs follow-up.",1,0,35500.0,0.0,0.00030276808937766193,0.0,4,False,True,False,False,False,
100000003180305100,100000003180305100,terminal,0.3,5,0.0189,"Possible final recipient (hop 4 truncated): received 144,000 KZT from 1 payers; chain stopped, needs follow-up.",1,0,144000.0,0.0,0.0005280565512084164,0.0,4,False,True,False,False,False,
100000007653094100,100000007653094100,terminal,0.3,5,0.021,"Possible final recipient (hop 4 truncated): received 16,000 KZT from 1 payers; chain stopped, needs follow-up.",1,0,16000.0,0.0,0.0005754742432917503,0.0,4,False,True,False,False,False,
100000008175078100,100000008175078100,terminal,0.3,7,0.0164,"Possible final recipient (hop 4 truncated): received 1,846,711 KZT from 1 payers; chain stopped, needs follow-up.",1,0,1846711.0,0.0,0.00046907194584128284,0.0,4,False,True,False,False,False,
100000004263867100,100000004263867100,terminal,0.3,4,0.0085,"Possible final recipient (hop 4 truncated): received 9,000 KZT from 1 payers; chain stopped, needs follow-up.",1,0,9000.0,0.0,0.00029038564076541934,0.0,4,False,True,False,False,False,
100000002194320100,100000002194320100,terminal,0.3,2,0.0171,"Possible final recipient (hop 4 truncated): received 275,000 KZT from 1 payers; chain stopped, needs follow-up.",1,0,275000.0,0.0,0.00048656793463182607,0.0,4,False,True,False,False,False,
100000001222245100,100000001222245100,terminal,0.3,7,0.0199,"Possible final recipient (hop 4 truncated): received 420,000 KZT from 1 payers; chain stopped, needs follow-up.",1,0,420000.0,0.0,0.0005491629789918046,0.0,4,False,True,False,False,False,
100000008151098100,100000008151098100,terminal,0.3,21,0.0094,"Possible final recipient (hop 4 truncated): received 30,000 KZT from 1 payers; chain stopped, needs follow-up.",1,0,30000.0,0.0,0.0003093477246134631,0.0,4,False,True,False,False,False,
100000008735802100,100000008735802100,terminal,0.3,16,0.0181,"Possible final recipient (hop 4 truncated): received 85,000 KZT from 1 payers; chain stopped, needs follow-up.",1,0,85000.0,0.0,0.0005087033417052578,0.0,4,False,True,False,False,False,
100000004047887100,100000004047887100,terminal,0.3,7,0.0084,"Possible final recipient (hop 4 truncated): received 30,000 KZT from 1 payers; chain stopped, needs follow-up.",1,0,30000.0,0.0,0.00028801399269163874,0.0,4,False,True,False,False,False,
100000003146511100,100000003146511100,terminal,0.3,11,0.0095,"Possible final recipient (hop 4 truncated): received 10,000 KZT from 1 payers; chain stopped, needs follow-up.",1,0,10000.0,0.0,0.000311813667487197,0.0,4,False,True,False,False,False,
100000007511780100,100000007511780100,terminal,0.3,16,0.0203,"Possible final recipient (hop 4 truncated): received 155,000 KZT from 1 payers; chain stopped, needs follow-up.",1,0,155000.0,0.0,0.0005577703986813199,0.0,4,False,True,False,False,False,
100000007867364100,100000007867364100,terminal,0.3,5,0.0155,"Possible final recipient (hop 4 truncated): received 41,852 KZT from 1 payers; chain stopped, needs follow-up.",1,0,41852.0,0.0,0.0004487382371459404,0.0,4,False,True,False,False,False,
100000006288612100,100000006288612100,terminal,0.3,13,0.0089,"Possible final recipient (hop 4 truncated): received 30,805 KZT from 1 payers; chain stopped, needs follow-up.",1,0,30805.0,0.0,0.0002976242451746879,0.0,4,False,True,False,False,True,
100000006735545100,100000006735545100,terminal,0.3,16,0.0087,"Possible final recipient (hop 4 truncated): received 5,000 KZT from 1 payers; chain stopped, needs follow-up.",1,0,5000.0,0.0,0.0002932717116494771,0.0,4,False,True,False,False,False,
100000004403641100,100000004403641100,terminal,0.3,19,0.009,"Possible final recipient (hop 4 truncated): received 171,500 KZT from 1 payers; chain stopped, needs follow-up.",1,0,171500.0,0.0,0.0003005494163305608,0.0,4,False,True,False,False,False,
100000003370425100,100000003370425100,terminal,0.3,5,0.0242,"Possible final recipient (hop 4 truncated): received 20,000 KZT from 1 payers; chain stopped, needs follow-up.",1,0,20000.0,0.0,0.0006479504805603652,0.0,4,False,True,False,False,False,
100000004350094100,100000004350094100,terminal,0.3,0,0.035,"Possible final recipient (hop 4 truncated): received 20,000 KZT from 1 payers; chain stopped, needs follow-up.",1,0,20000.0,0.0,0.0008939457051040856,0.0,4,False,True,False,False,False,
100000004911971100,100000004911971100,terminal,0.3,7,0.0085,"Possible final recipient (hop 4 truncated): received 35,000 KZT from 1 payers; chain stopped, needs follow-up.",1,0,35000.0,0.0,0.00028904714906671764,0.0,4,False,True,False,False,True,
100000001202787100,100000001202787100,terminal,0.4,17,0.0195,"Possible final recipient (hop 4 truncated): received 14,850 KZT from 2 payers; chain stopped, needs follow-up.",2,0,14850.0,0.0,0.00035114494940795553,0.0,4,False,True,False,False,False,
100000008469048100,100000008469048100,terminal,0.3,24,0.0212,"Possible final recipient (hop 4 truncated): received 265,200 KZT from 1 payers; chain stopped, needs follow-up.",1,0,265200.0,0.0,0.0005788057669614712,0.0,4,False,True,False,False,False,
100000002635746100,100000002635746100,terminal,0.3,4,0.0085,"Possible final recipient (hop 4 truncated): received 5,300 KZT from 1 payers; chain stopped, needs follow-up.",1,0,5300.0,0.0,0.0002884055871845221,0.0,4,False,True,False,False,False,
100000008321975100,100000008321975100,terminal,0.3,15,0.0091,"Possible final recipient (hop 4 truncated): received 5,900 KZT from 1 payers; chain stopped, needs follow-up.",1,0,5900.0,0.0,0.00030322854188756906,0.0,4,False,True,False,False,False,
100000003078839100,100000003078839100,terminal,0.3,20,0.0096,"Possible final recipient (hop 4 truncated): received 14,000 KZT from 1 payers; chain stopped, needs follow-up.",1,0,14000.0,0.0,0.0003147926722848661,0.0,4,False,True,False,False,False,
100000004006327100,100000004006327100,terminal,0.3,19,0.0201,"Possible final recipient (hop 4 truncated): received 300,000 KZT from 1 payers; chain stopped, needs follow-up.",1,0,300000.0,0.0,0.0005549673062458664,0.0,4,False,True,False,False,False,
100000007865484100,100000007865484100,terminal,0.3,16,0.0119,"Possible final recipient (hop 4 truncated): received 584,600 KZT from 1 payers; chain stopped, needs follow-up.",1,0,584600.0,0.0,0.0003661861672309278,0.0,4,False,True,False,False,False,
100000005367180100,100000005367180100,terminal,0.3,20,0.0301,"Possible final recipient (hop 4 truncated): received 7,700 KZT from 1 payers; chain stopped, needs follow-up.",1,0,7700.0,0.0,0.0007828047220453436,0.0,4,False,True,False,False,False,
100000001669260100,100000001669260100,terminal,0.3,3,0.0204,"Possible final recipient (hop 4 truncated): received 500,000 KZT from 1 payers; chain stopped, needs follow-up.",1,0,500000.0,0.0,0.0005601153780204312,0.0,4,False,True,False,False,False,
100000001297206100,100000001297206100,terminal,0.3,24,0.0089,"Possible final recipient (hop 4 truncated): received 6,758 KZT from 1 payers; chain stopped, needs follow-up.",1,0,6758.0,0.0,0.00029851097242758,0.0,4,False,True,False,False,False,
100000002645046100,100000002645046100,terminal,0.3,4,0.0086,"Possible final recipient (hop 4 truncated): received 12,000 KZT from 1 payers; chain stopped, needs follow-up.",1,0,12000.0,0.0,0.00029199108961479553,0.0,4,False,True,False,False,False,
100000006308406100,100000006308406100,terminal,0.3,15,0.0194,"Possible final recipient (hop 4 truncated): received 183,000 KZT from 1 payers; chain stopped, needs follow-up.",1,0,183000.0,0.0,0.0005393608128932442,0.0,4,False,True,False,False,False,
100000002728246100,100000002728246100,terminal,0.3,7,0.0194,"Possible final recipient (hop 4 truncated): received 10,000 KZT from 1 payers; chain stopped, needs follow-up.",1,0,10000.0,0.0,0.0005386393313923881,0.0,4,False,True,False,False,False,
100000001590795100,100000001590795100,terminal,0.3,4,0.0085,"Possible final recipient (hop 4 truncated): received 5,060 KZT from 1 payers; chain stopped, needs follow-up.",1,0,5060.0,0.0,0.00028827715127657203,0.0,4,False,True,False,False,False,
100000006257675100,100000006257675100,terminal,0.3,15,0.0126,"Possible final recipient (hop 4 truncated): received 70,000 KZT from 1 payers; chain stopped, needs follow-up.",1,0,70000.0,0.0,0.0003826480172080926,0.0,4,False,True,False,False,False,
100000002130400100,100000002130400100,terminal,0.3,14,0.0097,"Possible final recipient (hop 4 truncated): received 10,000 KZT from 1 payers; chain stopped, needs follow-up.",1,0,10000.0,0.0,0.00031754580623604263,0.0,4,False,True,False,False,False,
100000000557536100,100000000557536100,terminal,0.3,7,0.009,"Possible final recipient (hop 4 truncated): received 153,000 KZT from 1 payers; chain stopped, needs follow-up.",1,0,153000.0,0.0,0.00030077248827335636,0.0,4,False,True,False,False,False,
100000002689717100,100000002689717100,terminal,0.3,17,0.0091,"Possible final recipient (hop 4 truncated): received 47,500 KZT from 1 payers; chain stopped, needs follow-up.",1,0,47500.0,0.0,0.0003033499223442049,0.0,4,False,True,False,False,False,
100000005189258100,100000005189258100,terminal,0.3,16,0.0097,"Possible final recipient (hop 4 truncated): received 50,000 KZT from 1 payers; chain stopped, needs follow-up.",1,0,50000.0,0.0,0.00031597643294580327,0.0,4,False,True,False,False,False,
100000002748511100,100000002748511100,terminal,0.3,2,0.0207,"Possible final recipient (hop 4 truncated): received 20,000 KZT from 1 payers; chain stopped, needs follow-up.",1,0,20000.0,0.0,0.0005674892808776474,0.0,4,False,True,False,False,False,
100000002371892100,100000002371892100,terminal,0.3,2,0.0093,"Possible final recipient (hop 4 truncated): received 43,830 KZT from 1 payers; chain stopped, needs follow-up.",1,0,43830.0,0.0,0.00030653262004379635,0.0,4,False,True,False,False,False,
100000008130868100,100000008130868100,terminal,0.3,4,0.0156,"Possible final recipient (hop 4 truncated): received 22,782 KZT from 1 payers; chain stopped, needs follow-up.",1,0,22782.0,0.0,0.0004516044976627326,0.0,4,False,True,False,False,False,
100000007153161100,100000007153161100,terminal,0.3,16,0.0191,"Possible final recipient (hop 4 truncated): received 44,997 KZT from 1 payers; chain stopped, needs follow-up.",1,0,44997.0,0.0,0.0005309451743246838,0.0,4,False,True,False,False,False,
100000002994441100,100000002994441100,terminal,0.3,20,0.0201,"Possible final recipient (hop 4 truncated): received 5,000 KZT from 1 payers; chain stopped, needs follow-up.",1,0,5000.0,0.0,0.0005532703163220673,0.0,4,False,True,False,False,False,
100000001065481100,100000001065481100,terminal,0.3,11,0.0148,"Possible final recipient (hop 4 truncated): received 16,000 KZT from 1 payers; chain stopped, needs follow-up.",1,0,16000.0,0.0,0.0004322656924987218,0.0,4,False,True,False,False,False,
100000007731977100,100000007731977100,terminal,0.3,0,0.0106,"Possible final recipient (hop 4 truncated): received 50,000 KZT from 1 payers; chain stopped, needs follow-up.",1,0,50000.0,0.0,0.0003367721755154738,0.0,4,False,True,False,False,False,
100000003252446100,100000003252446100,terminal,0.3,19,0.009,"Possible final recipient (hop 4 truncated): received 108,600 KZT from 1 payers; chain stopped, needs follow-up.",1,0,108600.0,0.0,0.00029998773072103645,0.0,4,False,True,False,False,False,
100000002671326100,100000002671326100,terminal,0.3,19,0.0234,"Possible final recipient (hop 4 truncated): received 1,050,000 KZT from 1 payers; chain stopped, needs follow-up.",1,0,1050000.0,0.0,0.0006294451129335774,0.0,4,False,True,False,False,False,
100000005087923100,100000005087923100,terminal,0.3,6,0.016,"Possible final recipient (hop 4 truncated): received 20,000 KZT from 1 payers; chain stopped, needs follow-up.",1,0,20000.0,0.0,0.0004605791647030636,0.0,4,False,True,False,False,False,
100000008770483100,100000008770483100,terminal,0.3,19,0.0085,"Possible final recipient (hop 4 truncated): received 5,000 KZT from 1 payers; chain stopped, needs follow-up.",1,0,5000.0,0.0,0.0002888920536538102,0.0,4,False,True,False,False,False,
100000002748040100,100000002748040100,terminal,0.3,17,0.0086,"Possible final recipient (hop 4 truncated): received 18,000 KZT from 1 payers; chain stopped, needs follow-up.",1,0,18000.0,0.0,0.0002923072164548583,0.0,4,False,True,False,False,False,
100000004800648100,100000004800648100,terminal,0.3,13,0.0106,"Possible final recipient (hop 4 truncated): received 131,000 KZT from 1 payers; chain stopped, needs follow-up.",1,0,131000.0,0.0,0.0003368336531012062,0.0,4,False,True,False,False,False,
100000005025629100,100000005025629100,terminal,0.3,5,0.0096,"Possible final recipient (hop 4 truncated): received 5,227 KZT from 1 payers; chain stopped, needs follow-up.",1,0,5227.0,0.0,0.0003141510108848508,0.0,4,False,True,False,False,False,
100000000581682100,100000000581682100,terminal,0.3,26,0.0086,"Possible final recipient (hop 4 truncated): received 5,000 KZT from 1 payers; chain stopped, needs follow-up.",1,0,5000.0,0.0,0.0002908621872233397,0.0,4,False,True,False,False,False,
100000004976946100,100000004976946100,terminal,0.3,16,0.0098,"Possible final recipient (hop 4 truncated): received 246,000 KZT from 1 payers; chain stopped, needs follow-up.",1,0,246000.0,0.0,0.000319492918509721,0.0,4,False,True,False,False,False,
100000000957746100,100000000957746100,terminal,0.3,22,0.011,"Possible final recipient (hop 4 truncated): received 5,300 KZT from 1 payers; chain stopped, needs follow-up.",1,0,5300.0,0.0,0.00034730735985062075,0.0,4,False,True,False,False,False,
100000003001138100,100000003001138100,terminal,0.3,26,0.0097,"Possible final recipient (hop 4 truncated): received 30,000 KZT from 1 payers; chain stopped, needs follow-up.",1,0,30000.0,0.0,0.0003173266522535839,0.0,4,False,True,False,False,False,
100000001325618100,100000001325618100,terminal,0.3,4,0.0086,"Possible final recipient (hop 4 truncated): received 9,300 KZT from 1 payers; chain stopped, needs follow-up.",1,0,9300.0,0.0,0.000290546185650357,0.0,4,False,True,False,False,False,
100000003792647100,100000003792647100,terminal,0.3,20,0.0134,"Possible final recipient (hop 4 truncated): received 8,000 KZT from 1 payers; chain stopped, needs follow-up.",1,0,8000.0,0.0,0.00040027314211192686,0.0,4,False,True,False,False,False,
100000004107228100,100000004107228100,terminal,0.3,16,0.0085,"Possible final recipient (hop 4 truncated): received 5,000 KZT from 1 payers; chain stopped, needs follow-up.",1,0,5000.0,0.0,0.0002887085719064815,0.0,4,False,True,False,False,False,
100000003500764100,100000003500764100,terminal,0.3,22,0.019,"Possible final recipient (hop 4 truncated): received 21,000 KZT from 1 payers; chain stopped, needs follow-up.",1,0,21000.0,0.0,0.0005301918184248244,0.0,4,False,True,False,False,False,
100000004261340100,100000004261340100,terminal,0.3,16,0.011,"Possible final recipient (hop 4 truncated): received 48,500 KZT from 1 payers; chain stopped, needs follow-up.",1,0,48500.0,0.0,0.0003473850492015366,0.0,4,False,True,False,False,True,
100000008172721100,100000008172721100,terminal,0.3,20,0.0131,"Possible final recipient (hop 4 truncated): received 168,335 KZT from 1 payers; chain stopped, needs follow-up.",1,0,168335.0,0.0,0.00039521609203523213,0.0,4,False,True,False,False,False,
100000005079473100,100000005079473100,terminal,0.3,3,0.0101,"Possible final recipient (hop 4 truncated): received 39,312 KZT from 1 payers; chain stopped, needs follow-up.",1,0,39312.0,0.0,0.00032600590088597723,0.0,4,False,True,False,False,False,
100000004850609100,100000004850609100,terminal,0.3,16,0.0095,"Possible final recipient (hop 4 truncated): received 10,000 KZT from 1 payers; chain stopped, needs follow-up.",1,0,10000.0,0.0,0.00031302949674031055,0.0,4,False,True,False,False,False,
100000005042822100,100000005042822100,terminal,0.3,9,0.0156,"Possible final recipient (hop 4 truncated): received 1,000,000 KZT from 1 payers; chain stopped, needs follow-up.",1,0,1000000.0,0.0,0.00045261173566138284,0.0,4,False,True,False,False,False,
100000002794374100,100000002794374100,terminal,0.3,19,0.0118,"Possible final recipient (hop 4 truncated): received 111,000 KZT from 1 payers; chain stopped, needs follow-up.",1,0,111000.0,0.0,0.0003637625168388325,0.0,4,False,True,False,False,False,
100000002860934100,100000002860934100,terminal,0.3,26,0.0213,"Possible final recipient (hop 4 truncated): received 279,500 KZT from 1 payers; chain stopped, needs follow-up.",1,0,279500.0,0.0,0.0005814420132554214,0.0,4,False,True,False,False,False,
100000003097947100,100000003097947100,terminal,0.3,20,0.0098,"Possible final recipient (hop 4 truncated): received 52,980 KZT from 1 payers; chain stopped, needs follow-up.",1,0,52980.0,0.0,0.0003200783823355938,0.0,4,False,True,False,False,False,
100000004260869100,100000004260869100,terminal,0.3,2,0.0327,"Possible final recipient (hop 4 truncated): received 10,000 KZT from 1 payers; chain stopped, needs follow-up.",1,0,10000.0,0.0,0.0008422084803364151,0.0,4,False,True,False,False,False,
100000008762885100,100000008762885100,terminal,0.3,19,0.0084,"Possible final recipient (hop 4 truncated): received 7,000 KZT from 1 payers; chain stopped, needs follow-up.",1,0,7000.0,0.0,0.0002872637131137807,0.0,4,False,True,False,False,False,
100000002986245100,100000002986245100,terminal,0.3,4,0.0085,"Possible final recipient (hop 4 truncated): received 5,750 KZT from 1 payers; chain stopped, needs follow-up.",1,0,5750.0,0.0,0.0002886464045119285,0.0,4,False,True,False,False,False,
100000001471706100,100000001471706100,terminal,0.3,5,0.0195,"Possible final recipient (hop 4 truncated): received 377,000 KZT from 1 payers; chain stopped, needs follow-up.",1,0,377000.0,0.0,0.0005401265380892355,0.0,4,False,True,False,False,True,
100000002304943100,100000002304943100,terminal,0.3,15,0.0092,"Possible final recipient (hop 4 truncated): received 15,000 KZT from 1 payers; chain stopped, needs follow-up.",1,0,15000.0,0.0,0.00030637187771531986,0.0,4,False,True,False,False,False,
100000002695812100,100000002695812100,terminal,0.3,17,0.0099,"Possible final recipient (hop 4 truncated): received 95,000 KZT from 1 payers; chain stopped, needs follow-up.",1,0,95000.0,0.0,0.00032113055047111887,0.0,4,False,True,False,False,False,
100000008761220100,100000008761220100,terminal,0.3,19,0.0084,"Possible final recipient (hop 4 truncated): received 10,000 KZT from 1 payers; chain stopped, needs follow-up.",1,0,10000.0,0.0,0.00028688487138758524,0.0,4,False,True,False,False,False,
100000004890713100,100000004890713100,terminal,0.3,17,0.009,"Possible final recipient (hop 4 truncated): received 40,485 KZT from 1 payers; chain stopped, needs follow-up.",1,0,40485.0,0.0,0.0003007240043166196,0.0,4,False,True,False,False,False,
100000003083865100,100000003083865100,terminal,0.3,17,0.0086,"Possible final recipient (hop 4 truncated): received 15,000 KZT from 1 payers; chain stopped, needs follow-up.",1,0,15000.0,0.0,0.00029118422941526375,0.0,4,False,True,False,False,False,
100000004030553100,100000004030553100,terminal,0.3,3,0.0191,"Possible final recipient (hop 4 truncated): received 70,000 KZT from 1 payers; chain stopped, needs follow-up.",1,0,70000.0,0.0,0.0005308297210537953,0.0,4,False,True,False,False,False,
100000002653187100,100000002653187100,terminal,0.3,13,0.0166,"Possible final recipient (hop 4 truncated): received 15,000 KZT from 1 payers; chain stopped, needs follow-up.",1,0,15000.0,0.0,0.0004732789140150342,0.0,4,False,True,False,False,False,
100000006412162100,100000006412162100,terminal,0.3,4,0.0087,"Possible final recipient (hop 4 truncated): received 15,000 KZT from 1 payers; chain stopped, needs follow-up.",1,0,15000.0,0.0,0.00029359653846417166,0.0,4,False,True,False,False,False,
100000004674178100,100000004674178100,terminal,0.3,10,0.0091,"Possible final recipient (hop 4 truncated): received 20,000 KZT from 1 payers; chain stopped, needs follow-up.",1,0,20000.0,0.0,0.00030274344180862404,0.0,4,False,True,False,False,False,
100000004070530100,100000004070530100,terminal,0.3,7,0.0084,"Possible final recipient (hop 4 truncated): received 20,000 KZT from 1 payers; chain stopped, needs follow-up.",1,0,20000.0,0.0,0.00028719909320018945,0.0,4,False,True,False,False,False,
100000006706519100,100000006706519100,terminal,0.3,16,0.0129,"Possible final recipient (hop 4 truncated): received 36,000 KZT from 1 payers; chain stopped, needs follow-up.",1,0,36000.0,0.0,0.00039071092103657676,0.0,4,False,True,False,False,True,
100000005636951100,100000005636951100,terminal,0.3,6,0.0237,"Possible final recipient (hop 4 truncated): received 40,000 KZT from 1 payers; chain stopped, needs follow-up.",1,0,40000.0,0.0,0.0006355890351888365,0.0,4,False,True,False,False,False,
100000003040087100,100000003040087100,terminal,0.3,17,0.0088,"Possible final recipient (hop 4 truncated): received 29,000 KZT from 1 payers; chain stopped, needs follow-up.",1,0,29000.0,0.0,0.0002964248356000384,0.0,4,False,True,False,False,False,
100000008766764100,100000008766764100,terminal,0.3,19,0.0084,"Possible final recipient (hop 4 truncated): received 5,000 KZT from 1 payers; chain stopped, needs follow-up.",1,0,5000.0,0.0,0.00028622708280243804,0.0,4,False,True,False,False,False,
100000000299820100,100000000299820100,terminal,0.3,20,0.0155,"Possible final recipient (hop 4 truncated): received 10,000 KZT from 1 payers; chain stopped, needs follow-up.",1,0,10000.0,0.0,0.0004501620352243438,0.0,4,False,True,False,False,False,
100000008349740100,100000008349740100,terminal,0.3,7,0.0086,"Possible final recipient (hop 4 truncated): received 70,000 KZT from 1 payers; chain stopped, needs follow-up.",1,0,70000.0,0.0,0.00029252500391614434,0.0,4,False,True,False,False,False,
100000008761132100,100000008761132100,terminal,0.3,19,0.0084,"Possible final recipient (hop 4 truncated): received 10,000 KZT from 1 payers; chain stopped, needs follow-up.",1,0,10000.0,0.0,0.00028688487138758524,0.0,4,False,True,False,False,False,
100000002540033100,100000002540033100,terminal,0.3,19,0.0219,"Possible final recipient (hop 4 truncated): received 10,000 KZT from 1 payers; chain stopped, needs follow-up.",1,0,10000.0,0.0,0.0005960851621180808,0.0,4,False,True,False,False,False,
100000001845505100,100000001845505100,terminal,0.3,20,0.0218,"Possible final recipient (hop 4 truncated): received 20,000 KZT from 1 payers; chain stopped, needs follow-up.",1,0,20000.0,0.0,0.0005923838494805277,0.0,4,False,True,False,False,False,
100000003782913100,100000003782913100,terminal,0.3,1,0.0089,"Possible final recipient (hop 4 truncated): received 200,000 KZT from 1 payers; chain stopped, needs follow-up.",1,0,200000.0,0.0,0.0002993965636065486,0.0,4,False,True,False,False,False,
100000008778753100,100000008778753100,terminal,0.3,10,0.0087,"Possible final recipient (hop 4 truncated): received 10,000 KZT from 1 payers; chain stopped, needs follow-up.",1,0,10000.0,0.0,0.00029415636801295746,0.0,4,False,True,False,False,False,
100000008710913100,100000008710913100,terminal,0.3,19,0.0084,"Possible final recipient (hop 4 truncated): received 14,000 KZT from 1 payers; chain stopped, needs follow-up.",1,0,14000.0,0.0,0.00028811097479962785,0.0,4,False,True,False,False,False,
100000005495211100,100000005495211100,terminal,0.3,20,0.0203,"Possible final recipient (hop 4 truncated): received 14,500 KZT from 1 payers; chain stopped, needs follow-up.",1,0,14500.0,0.0,0.0005599644833584307,0.0,4,False,True,False,False,False,
100000004013952100,100000004013952100,terminal,0.3,24,0.0192,"Possible final recipient (hop 4 truncated): received 5,500 KZT from 1 payers; chain stopped, needs follow-up.",1,0,5500.0,0.0,0.0005331412160251214,0.0,4,False,True,False,False,False,
100000007330432100,100000007330432100,terminal,0.3,2,0.0194,"Possible final recipient (hop 4 truncated): received 584,900 KZT from 1 payers; chain stopped, needs follow-up.",1,0,584900.0,0.0,0.00053817599306743,0.0,4,False,True,False,False,False,
100000000737152100,100000000737152100,terminal,0.3,5,0.0109,"Possible final recipient (hop 4 truncated): received 35,000 KZT from 1 payers; chain stopped, needs follow-up.",1,0,35000.0,0.0,0.0003445071691804117,0.0,4,False,True,False,False,False,
100000004674389100,100000004674389100,terminal,0.3,16,0.0112,"Possible final recipient (hop 4 truncated): received 15,000 KZT from 1 payers; chain stopped, needs follow-up.",1,0,15000.0,0.0,0.0003520253352644254,0.0,4,False,True,False,False,False,
100000002529877100,100000002529877100,terminal,0.3,19,0.0092,"Possible final recipient (hop 4 truncated): received 232,000 KZT from 1 payers; chain stopped, needs follow-up.",1,0,232000.0,0.0,0.0003058339492043382,0.0,4,False,True,False,False,False,
100000004035925100,100000004035925100,terminal,0.3,2,0.0161,"Possible final recipient (hop 4 truncated): received 1,111,588 KZT from 1 payers; chain stopped, needs follow-up.",1,0,1111588.0,0.0,0.0004624126239356535,0.0,4,False,True,False,False,False,
100000002188586100,100000002188586100,terminal,0.3,17,0.009,"Possible final recipient (hop 4 truncated): received 38,310 KZT from 1 payers; chain stopped, needs follow-up.",1,0,38310.0,0.0,0.0002999098387129135,0.0,4,False,True,False,False,False,
100000008050986100,100000008050986100,terminal,0.3,7,0.0095,"Possible final recipient (hop 4 truncated): received 95,000 KZT from 1 payers; chain stopped, needs follow-up.",1,0,95000.0,0.0,0.00031180831574760716,0.0,4,False,True,False,False,False,
100000004777215100,100000004777215100,terminal,0.3,15,0.0162,"Possible final recipient (hop 4 truncated): received 60,000 KZT from 1 payers; chain stopped, needs follow-up.",1,0,60000.0,0.0,0.0004651548637455438,0.0,4,False,True,False,False,False,
100000000926078100,100000000926078100,terminal,0.3,20,0.0184,"Possible final recipient (hop 4 truncated): received 250,000 KZT from 1 payers; chain stopped, needs follow-up.",1,0,250000.0,0.0,0.0005165635899862601,0.0,4,False,True,False,False,False,
100000003486846100,100000003486846100,terminal,0.3,2,0.0191,"Possible final recipient (hop 4 truncated): received 27,000 KZT from 1 payers; chain stopped, needs follow-up.",1,0,27000.0,0.0,0.0005311359663531782,0.0,4,False,True,False,False,False,
100000002516862100,100000002516862100,terminal,0.3,16,0.0111,"Possible final recipient (hop 4 truncated): received 81,710 KZT from 1 payers; chain stopped, needs follow-up.",1,0,81710.0,0.0,0.00034943970609758876,0.0,4,False,True,False,False,True,
100000008730238100,100000008730238100,terminal,0.3,19,0.0205,"Possible final recipient (hop 4 truncated): received 113,000 KZT from 1 payers; chain stopped, needs follow-up.",1,0,113000.0,0.0,0.0005632359245676687,0.0,4,False,True,False,False,False,
100000000803368100,100000000803368100,terminal,0.3,1,0.0198,"Possible final recipient (hop 4 truncated): received 139,503 KZT from 1 payers; chain stopped, needs follow-up.",1,0,139503.0,0.0,0.0005481144591336169,0.0,4,False,True,False,False,False,
100000002528978100,100000002528978100,terminal,0.3,17,0.0086,"Possible final recipient (hop 4 truncated): received 15,900 KZT from 1 payers; chain stopped, needs follow-up.",1,0,15900.0,0.0,0.0002915211255271421,0.0,4,False,True,False,False,False,
100000002597074100,100000002597074100,terminal,0.3,20,0.0094,"Possible final recipient (hop 4 truncated): received 8,000 KZT from 1 payers; chain stopped, needs follow-up.",1,0,8000.0,0.0,0.00031042832358882426,0.0,4,False,True,False,False,False,
100000003631015100,100000003631015100,terminal,0.3,16,0.0099,"Possible final recipient (hop 4 truncated): received 266,000 KZT from 1 payers; chain stopped, needs follow-up.",1,0,266000.0,0.0,0.00032225093674487795,0.0,4,False,True,False,False,False,
100000008255655100,100000008255655100,terminal,0.3,22,0.0191,"Possible final recipient (hop 4 truncated): received 5,400 KZT from 1 payers; chain stopped, needs follow-up.",1,0,5400.0,0.0,0.0005311928331096004,0.0,4,False,True,False,False,False,
100000004265639100,100000004265639100,terminal,0.3,20,0.02,"Possible final recipient (hop 4 truncated): received 10,000 KZT from 1 payers; chain stopped, needs follow-up.",1,0,10000.0,0.0,0.0005523205956514877,0.0,4,False,True,False,False,False,
100000002726055100,100000002726055100,terminal,0.3,15,0.0107,"Possible final recipient (hop 4 truncated): received 10,000 KZT from 1 payers; chain stopped, needs follow-up.",1,0,10000.0,0.0,0.00034001485733930624,0.0,4,False,True,False,False,False,
100000003696422100,100000003696422100,terminal,0.3,9,0.0269,"Possible final recipient (hop 4 truncated): received 118,000 KZT from 1 payers; chain stopped, needs follow-up.",1,0,118000.0,0.0,0.0007085171420194981,0.0,4,False,True,False,False,False,
100000007745062100,100000007745062100,terminal,0.3,13,0.0232,"Possible final recipient (hop 4 truncated): received 100,000 KZT from 1 payers; chain stopped, needs follow-up.",1,0,100000.0,0.0,0.0006252799425245716,0.0,4,False,True,False,False,False,
100000005041147100,100000005041147100,terminal,0.3,20,0.0192,"Possible final recipient (hop 4 truncated): received 10,000 KZT from 1 payers; chain stopped, needs follow-up.",1,0,10000.0,0.0,0.0005337622626216141,0.0,4,False,True,False,False,False,
100000003819173100,100000003819173100,terminal,0.3,12,0.0088,"Possible final recipient (hop 4 truncated): received 143,777 KZT from 1 payers; chain stopped, needs follow-up.",1,0,143777.0,0.0,0.0002952095652766993,0.0,4,False,True,False,False,False,
100000001275557100,100000001275557100,terminal,0.3,18,0.011,"Possible final recipient (hop 4 truncated): received 20,000 KZT from 1 payers; chain stopped, needs follow-up.",1,0,20000.0,0.0,0.0003475117995580225,0.0,4,False,True,False,False,False,
100000002706810100,100000002706810100,terminal,0.3,4,0.0094,"Possible final recipient (hop 4 truncated): received 45,000 KZT from 1 payers; chain stopped, needs follow-up.",1,0,45000.0,0.0,0.0003096510269579332,0.0,4,False,True,False,False,False,
100000002896506100,100000002896506100,terminal,0.3,3,0.0096,"Possible final recipient (hop 4 truncated): received 45,000 KZT from 1 payers; chain stopped, needs follow-up.",1,0,45000.0,0.0,0.00031362964480833715,0.0,4,False,True,False,False,False,
100000008766031100,100000008766031100,terminal,0.3,19,0.0084,"Possible final recipient (hop 4 truncated): received 5,000 KZT from 1 payers; chain stopped, needs follow-up.",1,0,5000.0,0.0,0.0002864770372824112,0.0,4,False,True,False,False,False,
100000008758607100,100000008758607100,terminal,0.3,19,0.0084,"Possible final recipient (hop 4 truncated): received 5,000 KZT from 1 payers; chain stopped, needs follow-up.",1,0,5000.0,0.0,0.00028622708280243804,0.0,4,False,True,False,False,False,
100000008648783100,100000008648783100,terminal,0.3,4,0.0085,"Possible final recipient (hop 4 truncated): received 5,200 KZT from 1 payers; chain stopped, needs follow-up.",1,0,5200.0,0.0,0.0002883520722228762,0.0,4,False,True,False,False,False,
100000004291663100,100000004291663100,terminal,0.3,0,0.0095,"Possible final recipient (hop 4 truncated): received 25,000 KZT from 1 payers; chain stopped, needs follow-up.",1,0,25000.0,0.0,0.00031117073486638236,0.0,4,False,True,False,False,False,
100000003037476100,100000003037476100,terminal,0.6,19,0.0282,"Possible final recipient (hop 4 truncated): received 555,000 KZT from 3 payers; chain stopped, needs follow-up.",3,0,555000.0,0.0,0.0003593540563280306,0.0,4,False,True,False,False,False,
100000008715513100,100000008715513100,terminal,0.3,4,0.0091,"Possible final recipient (hop 4 truncated): received 32,500 KZT from 1 payers; chain stopped, needs follow-up.",1,0,32500.0,0.0,0.00030296165675219926,0.0,4,False,True,False,False,False,
100000001276409100,100000001276409100,terminal,0.3,17,0.0099,"Possible final recipient (hop 4 truncated): received 94,760 KZT from 1 payers; chain stopped, needs follow-up.",1,0,94760.0,0.0,0.00032104071150795133,0.0,4,False,True,False,False,False,
100000003232675100,100000003232675100,terminal,0.3,11,0.0134,"Possible final recipient (hop 4 truncated): received 44,000 KZT from 1 payers; chain stopped, needs follow-up.",1,0,44000.0,0.0,0.00040104453660487797,0.0,4,False,True,False,False,False,
100000007988344100,100000007988344100,terminal,0.3,20,0.0128,"Possible final recipient (hop 4 truncated): received 20,000 KZT from 1 payers; chain stopped, needs follow-up.",1,0,20000.0,0.0,0.00038745764148945846,0.0,4,False,True,False,False,True,
100000003047800100,100000003047800100,terminal,0.3,4,0.0122,"Possible final recipient (hop 4 truncated): received 12,212 KZT from 1 payers; chain stopped, needs follow-up.",1,0,12212.0,0.0,0.00037457034348758035,0.0,4,False,True,False,False,False,
100000003230328100,100000003230328100,terminal,0.6,0,0.0279,"Possible final recipient (hop 4 truncated): received 26,572 KZT from 3 payers; chain stopped, needs follow-up.",3,0,26572.0,0.0,0.00035168013741866146,0.0,4,False,True,False,False,True,
100000002702968100,100000002702968100,terminal,0.3,17,0.0089,"Possible final recipient (hop 4 truncated): received 31,600 KZT from 1 payers; chain stopped, needs follow-up.",1,0,31600.0,0.0,0.00029739809103435365,0.0,4,False,True,False,False,False,
100000004788983100,100000004788983100,terminal,0.3,20,0.012,"Possible final recipient (hop 4 truncated): received 27,000 KZT from 1 payers; chain stopped, needs follow-up.",1,0,27000.0,0.0,0.000369468518346216,0.0,4,False,True,False,False,False,
100000006490615100,100000006490615100,terminal,0.3,11,0.0131,"Possible final recipient (hop 4 truncated): received 41,600 KZT from 1 payers; chain stopped, needs follow-up.",1,0,41600.0,0.0,0.00039474588702010044,0.0,4,False,True,False,False,True,
100000008745676100,100000008745676100,terminal,0.3,30,0.019,"Possible final recipient (hop 4 truncated): received 34,547 KZT from 1 payers; chain stopped, needs follow-up.",1,0,34547.0,0.0,0.0005303236661827129,0.0,4,False,True,False,False,False,
100000001598625100,100000001598625100,terminal,0.3,20,0.0146,"Possible final recipient (hop 4 truncated): received 25,000 KZT from 1 payers; chain stopped, needs follow-up.",1,0,25000.0,0.0,0.0004288818435522478,0.0,4,False,True,False,False,False,
100000008461217100,100000008461217100,terminal,0.3,12,0.0197,"Possible final recipient (hop 4 truncated): received 18,000 KZT from 1 payers; chain stopped, needs follow-up.",1,0,18000.0,0.0,0.0005455897895490723,0.0,4,False,True,False,False,False,
100000005711521100,100000005711521100,terminal,0.3,11,0.0192,"Possible final recipient (hop 4 truncated): received 238,000 KZT from 1 payers; chain stopped, needs follow-up.",1,0,238000.0,0.0,0.0005338432844113278,0.0,4,False,True,False,False,False,
100000002713974100,100000002713974100,terminal,0.3,3,0.0103,"Possible final recipient (hop 4 truncated): received 50,000 KZT from 1 payers; chain stopped, needs follow-up.",1,0,50000.0,0.0,0.0003299501883700874,0.0,4,False,True,False,False,False,
100000005272139100,100000005272139100,terminal,0.3,2,0.0289,"Possible final recipient (hop 4 truncated): received 165,000 KZT from 1 payers; chain stopped, needs follow-up.",1,0,165000.0,0.0,0.0007555290963517883,0.0,4,False,True,False,False,False,
100000002968096100,100000002968096100,terminal,0.3,12,0.0098,"Possible final recipient (hop 4 truncated): received 70,000 KZT from 1 payers; chain stopped, needs follow-up.",1,0,70000.0,0.0,0.0003194824114349239,0.0,4,False,True,False,False,False,
100000004449824100,100000004449824100,terminal,0.3,4,0.0085,"Possible final recipient (hop 4 truncated): received 9,000 KZT from 1 payers; chain stopped, needs follow-up.",1,0,9000.0,0.0,0.00029038564076541934,0.0,4,False,True,False,False,False,
100000004502048100,100000004502048100,terminal,0.3,5,0.0107,"Possible final recipient (hop 4 truncated): received 13,888 KZT from 1 payers; chain stopped, needs follow-up.",1,0,13888.0,0.0,0.00033971462250251223,0.0,4,False,True,False,False,False,
100000002660298100,100000002660298100,terminal,0.3,17,0.0088,"Possible final recipient (hop 4 truncated): received 30,900 KZT from 1 payers; chain stopped, needs follow-up.",1,0,30900.0,0.0,0.00029713606072511497,0.0,4,False,True,False,False,False,
100000001299828100,100000001299828100,terminal,0.3,24,0.0198,"Possible final recipient (hop 4 truncated): received 100,000 KZT from 1 payers; chain stopped, needs follow-up.",1,0,100000.0,0.0,0.0005472629597932584,0.0,4,False,True,False,False,False,
100000000581662100,100000000581662100,terminal,0.3,1,0.0091,"Possible final recipient (hop 4 truncated): received 21,160 KZT from 1 payers; chain stopped, needs follow-up.",1,0,21160.0,0.0,0.00030291662853066217,0.0,4,False,True,False,False,False,
100000001249054100,100000001249054100,terminal,0.3,17,0.0086,"Possible final recipient (hop 4 truncated): received 17,375 KZT from 1 payers; chain stopped, needs follow-up.",1,0,17375.0,0.0,0.00029207326082160943,0.0,4,False,True,False,False,False,
100000008759795100,100000008759795100,terminal,0.3,4,0.0087,"Possible final recipient (hop 4 truncated): received 17,000 KZT from 1 payers; chain stopped, needs follow-up.",1,0,17000.0,0.0,0.0002946668376970891,0.0,4,False,True,False,False,False,
100000001299443100,100000001299443100,terminal,0.3,4,0.0085,"Possible final recipient (hop 4 truncated): received 8,000 KZT from 1 payers; chain stopped, needs follow-up.",1,0,8000.0,0.0,0.00028985049114896067,0.0,4,False,True,False,False,False,
100000007997939100,100000007997939100,terminal,0.3,6,0.0115,"Possible final recipient (hop 4 truncated): received 13,000 KZT from 1 payers; chain stopped, needs follow-up.",1,0,13000.0,0.0,0.00035796308347988245,0.0,4,False,True,False,False,False,
100000003470579100,100000003470579100,terminal,0.3,21,0.0207,"Possible final recipient (hop 4 truncated): received 357,000 KZT from 1 payers; chain stopped, needs follow-up.",1,0,357000.0,0.0,0.0005685326159317399,0.0,4,False,True,False,False,False,
100000008649416100,100000008649416100,terminal,0.3,20,0.0192,"Possible final recipient (hop 4 truncated): received 5,000 KZT from 1 payers; chain stopped, needs follow-up.",1,0,5000.0,0.0,0.000533726717629368,0.0,4,False,True,False,False,False,
100000008183752100,100000008183752100,terminal,0.3,19,0.019,"Possible final recipient (hop 4 truncated): received 140,000 KZT from 1 payers; chain stopped, needs follow-up.",1,0,140000.0,0.0,0.0005301890395310136,0.0,4,False,True,False,False,False,
100000003950749100,100000003950749100,terminal,0.3,2,0.0127,"Possible final recipient (hop 4 truncated): received 7,000 KZT from 1 payers; chain stopped, needs follow-up.",1,0,7000.0,0.0,0.00038424128954841564,0.0,4,False,True,False,False,False,
100000005979037100,100000005979037100,terminal,0.3,20,0.0101,"Possible final recipient (hop 4 truncated): received 60,300 KZT from 1 payers; chain stopped, needs follow-up.",1,0,60300.0,0.0,0.00032484634241535936,0.0,4,False,True,False,False,False,
100000008734279100,100000008734279100,terminal,0.3,3,0.009,"Possible final recipient (hop 4 truncated): received 31,650 KZT from 1 payers; chain stopped, needs follow-up.",1,0,31650.0,0.0,0.0003013329445693454,0.0,4,False,True,False,False,False,
100000005589319100,100000005589319100,terminal,0.3,16,0.0094,"Possible final recipient (hop 4 truncated): received 26,000 KZT from 1 payers; chain stopped, needs follow-up.",1,0,26000.0,0.0,0.00030995557415139477,0.0,4,False,True,False,False,False,
100000003626268100,100000003626268100,terminal,0.3,20,0.0191,"Possible final recipient (hop 4 truncated): received 5,000 KZT from 1 payers; chain stopped, needs follow-up.",1,0,5000.0,0.0,0.0005308903791336683,0.0,4,False,True,False,False,False,
100000001220124100,100000001220124100,terminal,0.3,11,0.0195,"Possible final recipient (hop 4 truncated): received 40,000 KZT from 1 payers; chain stopped, needs follow-up.",1,0,40000.0,0.0,0.0005395565851958803,0.0,4,False,True,False,False,False,
100000003904497100,100000003904497100,terminal,0.3,6,0.0108,"Possible final recipient (hop 4 truncated): received 10,000 KZT from 1 payers; chain stopped, needs follow-up.",1,0,10000.0,0.0,0.0003412568244192844,0.0,4,False,True,False,False,False,
100000001270470100,100000001270470100,terminal,0.3,20,0.0146,"Possible final recipient (hop 4 truncated): received 28,300 KZT from 1 payers; chain stopped, needs follow-up.",1,0,28300.0,0.0,0.000429741305607408,0.0,4,False,True,False,False,False,
100000003091142100,100000003091142100,terminal,0.3,20,0.0138,"Possible final recipient (hop 4 truncated): received 40,000 KZT from 1 payers; chain stopped, needs follow-up.",1,0,40000.0,0.0,0.0004098644410749577,0.0,4,False,True,False,False,False,
100000001053894100,100000001053894100,terminal,0.3,7,0.0155,"Possible final recipient (hop 4 truncated): received 2,000,000 KZT from 1 payers; chain stopped, needs follow-up.",1,0,2000000.0,0.0,0.0004485491925071488,0.0,4,False,True,False,False,False,
100000004722630100,100000004722630100,terminal,0.3,0,0.0174,"Possible final recipient (hop 4 truncated): received 340,000 KZT from 1 payers; chain stopped, needs follow-up.",1,0,340000.0,0.0,0.0004921869960127064,0.0,4,False,True,False,False,False,
100000004655046100,100000004655046100,terminal,0.3,17,0.0202,"Possible final recipient (hop 4 truncated): received 24,000 KZT from 1 payers; chain stopped, needs follow-up.",1,0,24000.0,0.0,0.0005575082914139779,0.0,4,False,True,False,False,False,
100000004019056100,100000004019056100,terminal,0.3,11,0.0195,"Possible final recipient (hop 4 truncated): received 50,000 KZT from 1 payers; chain stopped, needs follow-up.",1,0,50000.0,0.0,0.0005409213827074575,0.0,4,False,True,False,False,False,
100000008071749100,100000008071749100,terminal,0.3,17,0.0087,"Possible final recipient (hop 4 truncated): received 24,943 KZT from 1 payers; chain stopped, needs follow-up.",1,0,24943.0,0.0,0.0002949061827934933,0.0,4,False,True,False,False,False,
100000008221765100,100000008221765100,terminal,0.3,7,0.0195,"Possible final recipient (hop 4 truncated): received 156,354 KZT from 1 payers; chain stopped, needs follow-up.",1,0,156354.0,0.0,0.0005404417175185718,0.0,4,False,True,False,False,False,
100000008778010100,100000008778010100,terminal,0.3,34,0.019,"Possible final recipient (hop 4 truncated): received 76,950 KZT from 1 payers; chain stopped, needs follow-up.",1,0,76950.0,0.0,0.0005296426486872762,0.0,4,False,True,False,False,False,
100000004584730100,100000004584730100,terminal,0.3,16,0.0091,"Possible final recipient (hop 4 truncated): received 47,000 KZT from 1 payers; chain stopped, needs follow-up.",1,0,47000.0,0.0,0.00030383982641037343,0.0,4,False,True,False,False,False,
100000004797167100,100000004797167100,terminal,0.3,3,0.02,"Possible final recipient (hop 4 truncated): received 31,000 KZT from 1 payers; chain stopped, needs follow-up.",1,0,31000.0,0.0,0.0005516247027029544,0.0,4,False,True,False,False,False,
100000005010159100,100000005010159100,terminal,0.3,3,0.0227,"Possible final recipient (hop 4 truncated): received 7,092 KZT from 1 payers; chain stopped, needs follow-up.",1,0,7092.0,0.0,0.0006143684568259249,0.0,4,False,True,False,False,False,
100000003025903100,100000003025903100,terminal,0.3,3,0.0189,"Possible final recipient (hop 4 truncated): received 386,300 KZT from 1 payers; chain stopped, needs follow-up.",1,0,386300.0,0.0,0.0005264518149577612,0.0,4,False,True,False,False,False,
100000003005167100,100000003005167100,terminal,0.3,4,0.0085,"Possible final recipient (hop 4 truncated): received 7,000 KZT from 1 payers; chain stopped, needs follow-up.",1,0,7000.0,0.0,0.00028931534153250194,0.0,4,False,True,False,False,False,
100000002214383100,100000002214383100,terminal,0.3,31,0.0191,"Possible final recipient (hop 4 truncated): received 213,000 KZT from 1 payers; chain stopped, needs follow-up.",1,0,213000.0,0.0,0.0005308718022156257,0.0,4,False,True,False,False,False,
100000004800452100,100000004800452100,terminal,0.3,3,0.0224,"Possible final recipient (hop 4 truncated): received 6,545 KZT from 1 payers; chain stopped, needs follow-up.",1,0,6544.53,0.0,0.000607979765974599,0.0,4,False,True,False,False,False,
100000006903193100,100000006903193100,terminal,0.3,24,0.009,"Possible final recipient (hop 4 truncated): received 9,000 KZT from 1 payers; chain stopped, needs follow-up.",1,0,9000.0,0.0,0.0003016045268852538,0.0,4,False,True,False,False,False,
100000007811950100,100000007811950100,terminal,0.3,10,0.0197,"Possible final recipient (hop 4 truncated): received 50,000 KZT from 1 payers; chain stopped, needs follow-up.",1,0,50000.0,0.0,0.0005462285400719734,0.0,4,False,True,False,False,False,
100000000375150100,100000000375150100,terminal,0.3,11,0.0285,"Possible final recipient (hop 4 truncated): received 300,000 KZT from 1 payers; chain stopped, needs follow-up.",1,0,300000.0,0.0,0.0007463802351751578,0.0,4,False,True,False,False,False,
100000008775747100,100000008775747100,terminal,0.3,19,0.0084,"Possible final recipient (hop 4 truncated): received 5,000 KZT from 1 payers; chain stopped, needs follow-up.",1,0,5000.0,0.0,0.00028622708280243804,0.0,4,False,True,False,False,False,
100000006689603100,100000006689603100,terminal,0.3,12,0.0095,"Possible final recipient (hop 4 truncated): received 400,000 KZT from 1 payers; chain stopped, needs follow-up.",1,0,400000.0,0.0,0.00031238935878786454,0.0,4,False,True,False,False,False,
100000005075949100,100000005075949100,terminal,0.3,16,0.0295,"Possible final recipient (hop 4 truncated): received 2,226,000 KZT from 1 payers; chain stopped, needs follow-up.",1,0,2226000.0,0.0,0.0007679113857379712,0.0,4,False,True,False,False,False,
100000003985389100,100000003985389100,terminal,0.3,12,0.0173,"Possible final recipient (hop 4 truncated): received 422,698 KZT from 1 payers; chain stopped, needs follow-up.",1,0,422698.0,0.0,0.0004903551059552773,0.0,4,False,True,False,False,True,
100000002478829100,100000002478829100,terminal,0.3,15,0.0128,"Possible final recipient (hop 4 truncated): received 34,000 KZT from 1 payers; chain stopped, needs follow-up.",1,0,34000.0,0.0,0.00038733445028330085,0.0,4,False,True,False,False,False,
100000003125997100,100000003125997100,terminal,0.3,19,0.0198,"Possible final recipient (hop 4 truncated): received 87,750 KZT from 1 payers; chain stopped, needs follow-up.",1,0,87750.0,0.0,0.0005483720399494517,0.0,4,False,True,False,False,False,
100000003214786100,100000003214786100,terminal,0.3,20,0.0142,"Possible final recipient (hop 4 truncated): received 5,000 KZT from 1 payers; chain stopped, needs follow-up.",1,0,5000.0,0.0,0.00042028195414468963,0.0,4,False,True,False,False,False,
100000008308418100,100000008308418100,terminal,0.3,16,0.0147,"Possible final recipient (hop 4 truncated): received 50,000 KZT from 1 payers; chain stopped, needs follow-up.",1,0,50000.0,0.0,0.0004315993314662991,0.0,4,False,True,False,False,False,
100000008619159100,100000008619159100,terminal,0.3,2,0.0114,"Possible final recipient (hop 4 truncated): received 446,400 KZT from 1 payers; chain stopped, needs follow-up.",1,0,446400.0,0.0,0.00035658738939848845,0.0,4,False,True,False,False,False,
100000004418967100,100000004418967100,terminal,0.3,4,0.0157,"Possible final recipient (hop 4 truncated): received 100,000 KZT from 1 payers; chain stopped, needs follow-up.",1,0,100000.0,0.0,0.00045347480895255716,0.0,4,False,True,False,False,False,
100000003173783100,100000003173783100,terminal,0.3,25,0.011,"Possible final recipient (hop 4 truncated): received 23,500 KZT from 1 payers; chain stopped, needs follow-up.",1,0,23500.0,0.0,0.0003468224290716631,0.0,4,False,True,False,False,False,
100000002242455100,100000002242455100,terminal,0.3,7,0.0191,"Possible final recipient (hop 4 truncated): received 110,000 KZT from 1 payers; chain stopped, needs follow-up.",1,0,110000.0,0.0,0.0005321740677312218,0.0,4,False,True,False,False,False,
100000004848236100,100000004848236100,terminal,0.3,20,0.0094,"Possible final recipient (hop 4 truncated): received 7,500 KZT from 1 payers; chain stopped, needs follow-up.",1,0,7500.0,0.0,0.00030887463425310343,0.0,4,False,True,False,False,False,
100000004674412100,100000004674412100,terminal,0.3,16,0.0173,"Possible final recipient (hop 4 truncated): received 46,000 KZT from 1 payers; chain stopped, needs follow-up.",1,0,46000.0,0.0,0.0004893678200951702,0.0,4,False,True,False,False,False,
100000007071852100,100000007071852100,terminal,0.3,12,0.0152,"Possible final recipient (hop 4 truncated): received 195,000 KZT from 1 payers; chain stopped, needs follow-up.",1,0,195000.0,0.0,0.0004435147927696225,0.0,4,False,True,False,False,False,
100000001498732100,100000001498732100,terminal,0.3,19,0.0085,"Possible final recipient (hop 4 truncated): received 5,500 KZT from 1 payers; chain stopped, needs follow-up.",1,0,5500.0,0.0,0.0002894096098235812,0.0,4,False,True,False,False,False,
100000000627521100,100000000627521100,terminal,0.3,7,0.0084,"Possible final recipient (hop 4 truncated): received 6,500 KZT from 1 payers; chain stopped, needs follow-up.",1,0,6500.0,0.0,0.00028609897888673294,0.0,4,False,True,False,False,False,
100000003105089100,100000003105089100,terminal,0.3,15,0.0089,"Possible final recipient (hop 4 truncated): received 10,000 KZT from 1 payers; chain stopped, needs follow-up.",1,0,10000.0,0.0,0.00029943768321597685,0.0,4,False,True,False,False,False,
100000003166017100,100000003166017100,terminal,0.3,17,0.0086,"Possible final recipient (hop 4 truncated): received 15,000 KZT from 1 payers; chain stopped, needs follow-up.",1,0,15000.0,0.0,0.00029118422941526375,0.0,4,False,True,False,False,False,
100000002506987100,100000002506987100,terminal,0.3,17,0.0088,"Possible final recipient (hop 4 truncated): received 28,200 KZT from 1 payers; chain stopped, needs follow-up.",1,0,28200.0,0.0,0.0002961253723894798,0.0,4,False,True,False,False,False,
100000005767403100,100000005767403100,terminal,0.3,26,0.0432,"Possible final recipient (hop 4 truncated): received 1,100,000 KZT from 1 payers; chain stopped, needs follow-up.",1,0,1100000.0,0.0,0.0010818599457011425,0.0,4,False,True,False,False,False,
100000005553088100,100000005553088100,terminal,0.3,3,0.0087,"Possible final recipient (hop 4 truncated): received 17,500 KZT from 1 payers; chain stopped, needs follow-up.",1,0,17500.0,0.0,0.0002942853726110019,0.0,4,False,True,False,False,False,
100000003632533100,100000003632533100,terminal,0.3,20,0.0146,"Possible final recipient (hop 4 truncated): received 10,000 KZT from 1 payers; chain stopped, needs follow-up.",1,0,10000.0,0.0,0.00042894910408558583,0.0,4,False,True,False,False,False,
100000008762005100,100000008762005100,terminal,0.3,19,0.0084,"Possible final recipient (hop 4 truncated): received 5,000 KZT from 1 payers; chain stopped, needs follow-up.",1,0,5000.0,0.0,0.0002867795934290693,0.0,4,False,True,False,False,False,
100000002214207100,100000002214207100,terminal,0.3,14,0.0261,"Possible final recipient (hop 4 truncated): received 97,000 KZT from 1 payers; chain stopped, needs follow-up.",1,0,97000.0,0.0,0.0006906066279546783,0.0,4,False,True,False,False,False,
100000003180820100,100000003180820100,terminal,0.3,19,0.0089,"Possible final recipient (hop 4 truncated): received 101,000 KZT from 1 payers; chain stopped, needs follow-up.",1,0,101000.0,0.0,0.0002988566236372641,0.0,4,False,True,False,False,False,
100000003786516100,100000003786516100,terminal,0.3,16,0.0087,"Possible final recipient (hop 4 truncated): received 5,000 KZT from 1 payers; chain stopped, needs follow-up.",1,0,5000.0,0.0,0.0002931596479812034,0.0,4,False,True,False,False,False,
100000005226217100,100000005226217100,terminal,0.3,6,0.0126,"Possible final recipient (hop 4 truncated): received 17,500 KZT from 1 payers; chain stopped, needs follow-up.",1,0,17500.0,0.0,0.0003830224720707795,0.0,4,False,True,False,False,False,
100000001533161100,100000001533161100,terminal,0.3,16,0.01,"Possible final recipient (hop 4 truncated): received 100,000 KZT from 1 payers; chain stopped, needs follow-up.",1,0,100000.0,0.0,0.0003244427669685303,0.0,4,False,True,False,False,False,
100000007034089100,100000007034089100,terminal,0.4,19,0.0182,"Possible final recipient (hop 4 truncated): received 198,000 KZT from 2 payers; chain stopped, needs follow-up.",2,0,198000.0,0.0,0.00032111599242809935,0.0,4,False,True,False,False,False,
100000008336318100,100000008336318100,terminal,0.3,19,0.0101,"Possible final recipient (hop 4 truncated): received 170,000 KZT from 1 payers; chain stopped, needs follow-up.",1,0,170000.0,0.0,0.00032671946741775836,0.0,4,False,True,False,False,False,
100000005370558100,100000005370558100,terminal,0.3,16,0.0089,"Possible final recipient (hop 4 truncated): received 5,000 KZT from 1 payers; chain stopped, needs follow-up.",1,0,5000.0,0.0,0.00029929939547880074,0.0,4,False,True,False,False,False,
100000002729875100,100000002729875100,terminal,0.3,17,0.0096,"Possible final recipient (hop 4 truncated): received 76,000 KZT from 1 payers; chain stopped, needs follow-up.",1,0,76000.0,0.0,0.0003140182992203533,0.0,4,False,True,False,False,False,
100000006512787100,100000006512787100,terminal,0.3,16,0.019,"Possible final recipient (hop 4 truncated): received 20,000 KZT from 1 payers; chain stopped, needs follow-up.",1,0,20000.0,0.0,0.0005300461906110881,0.0,4,False,True,False,False,False,
100000003186579100,100000003186579100,terminal,0.3,20,0.0184,"Possible final recipient (hop 4 truncated): received 110,000 KZT from 1 payers; chain stopped, needs follow-up.",1,0,110000.0,0.0,0.0005151815504625246,0.0,4,False,True,False,False,False,
100000004472936100,100000004472936100,terminal,0.3,11,0.0191,"Possible final recipient (hop 4 truncated): received 5,000 KZT from 1 payers; chain stopped, needs follow-up.",1,0,5000.0,0.0,0.0005318955309395101,0.0,4,False,True,False,False,False,
100000002231144100,100000002231144100,terminal,0.3,15,0.0119,"Possible final recipient (hop 4 truncated): received 15,000 KZT from 1 payers; chain stopped, needs follow-up.",1,0,15000.0,0.0,0.0003672376389003139,0.0,4,False,True,False,False,False,
100000002505277100,100000002505277100,terminal,0.3,16,0.0137,"Possible final recipient (hop 4 truncated): received 60,000 KZT from 1 payers; chain stopped, needs follow-up.",1,0,60000.0,0.0,0.00040765311721545095,0.0,4,False,True,False,False,False,
100000003177533100,100000003177533100,terminal,0.3,3,0.0106,"Possible final recipient (hop 4 truncated): received 20,000 KZT from 1 payers; chain stopped, needs follow-up.",1,0,20000.0,0.0,0.0003381973769821903,0.0,4,False,True,False,False,True,
100000005888829100,100000005888829100,terminal,0.3,19,0.0095,"Possible final recipient (hop 4 truncated): received 197,000 KZT from 1 payers; chain stopped, needs follow-up.",1,0,197000.0,0.0,0.00031148616447209,0.0,4,False,True,False,False,False,
100000002242066100,100000002242066100,terminal,0.3,22,0.0192,"Possible final recipient (hop 4 truncated): received 60,000 KZT from 1 payers; chain stopped, needs follow-up.",1,0,60000.0,0.0,0.0005337841025658814,0.0,4,False,True,False,False,False,
100000008027922100,100000008027922100,terminal,0.3,18,0.0178,"Possible final recipient (hop 4 truncated): received 70,000 KZT from 1 payers; chain stopped, needs follow-up.",1,0,70000.0,0.0,0.0005023680629098516,0.0,4,False,True,False,False,False,
100000002686226100,100000002686226100,terminal,0.3,20,0.0245,"Possible final recipient (hop 4 truncated): received 430,000 KZT from 1 payers; chain stopped, needs follow-up.",1,0,430000.0,0.0,0.0006546162523072485,0.0,4,False,True,False,False,False,
100000001065234100,100000001065234100,terminal,0.3,2,0.0199,"Possible final recipient (hop 4 truncated): received 360,000 KZT from 1 payers; chain stopped, needs follow-up.",1,0,360000.0,0.0,0.0005486947871235914,0.0,4,False,True,False,False,False,
100000000424935100,100000000424935100,terminal,0.3,26,0.009,"Possible final recipient (hop 4 truncated): received 15,000 KZT from 1 payers; chain stopped, needs follow-up.",1,0,15000.0,0.0,0.00030144797323543743,0.0,4,False,True,False,False,False,
100000005723580100,100000005723580100,terminal,0.3,4,0.0109,"Possible final recipient (hop 4 truncated): received 35,000 KZT from 1 payers; chain stopped, needs follow-up.",1,0,35000.0,0.0,0.00034433622437463404,0.0,4,False,True,False,False,False,
100000000704700100,100000000704700100,terminal,0.3,37,0.0192,"Possible final recipient (hop 4 truncated): received 10,000 KZT from 1 payers; chain stopped, needs follow-up.",1,0,10000.0,0.0,0.000533255171856773,0.0,4,False,True,False,False,False,
100000005293969100,100000005293969100,terminal,0.3,0,0.0191,"Possible final recipient (hop 4 truncated): received 5,467 KZT from 1 payers; chain stopped, needs follow-up.",1,0,5466.97,0.0,0.0005304901604905838,0.0,4,False,True,False,False,False,
100000002512742100,100000002512742100,terminal,0.3,4,0.0085,"Possible final recipient (hop 4 truncated): received 6,000 KZT from 1 payers; chain stopped, needs follow-up.",1,0,6000.0,0.0,0.00028878019191604315,0.0,4,False,True,False,False,False,
100000001816678100,100000001816678100,terminal,0.3,12,0.0094,"Possible final recipient (hop 4 truncated): received 60,000 KZT from 1 payers; chain stopped, needs follow-up.",1,0,60000.0,0.0,0.0003096552220398208,0.0,4,False,True,False,False,False,
100000004586598100,100000004586598100,terminal,0.3,11,0.0194,"Possible final recipient (hop 4 truncated): received 761,255 KZT from 1 payers; chain stopped, needs follow-up.",1,0,761255.0,0.0,0.0005392658410384634,0.0,4,False,True,False,False,False,
100000005782886100,100000005782886100,terminal,0.3,6,0.0117,"Possible final recipient (hop 4 truncated): received 14,000 KZT from 1 payers; chain stopped, needs follow-up.",1,0,14000.0,0.0,0.0003635318365000818,0.0,4,False,True,False,False,False,
100000002622822100,100000002622822100,terminal,0.3,19,0.0356,"Possible final recipient (hop 4 truncated): received 750,000 KZT from 1 payers; chain stopped, needs follow-up.",1,0,750000.0,0.0,0.000907686113992107,0.0,4,False,True,False,False,False,
100000003718715100,100000003718715100,terminal,0.3,11,0.021,"Possible final recipient (hop 4 truncated): received 915,000 KZT from 1 payers; chain stopped, needs follow-up.",1,0,915000.0,0.0,0.0005755764809645311,0.0,4,False,True,False,False,False,
100000006491963100,100000006491963100,terminal,0.3,4,0.0087,"Possible final recipient (hop 4 truncated): received 16,000 KZT from 1 payers; chain stopped, needs follow-up.",1,0,16000.0,0.0,0.0002941316880806304,0.0,4,False,True,False,False,True,
100000004526651100,100000004526651100,terminal,0.3,19,0.0085,"Possible final recipient (hop 4 truncated): received 33,000 KZT from 1 payers; chain stopped, needs follow-up.",1,0,33000.0,0.0,0.00028991069887926234,0.0,4,False,True,False,False,False,
100000008331280100,100000008331280100,terminal,0.3,21,0.0098,"Possible final recipient (hop 4 truncated): received 41,000 KZT from 1 payers; chain stopped, needs follow-up.",1,0,41000.0,0.0,0.00031806648242539286,0.0,4,False,True,False,False,False,
100000004177936100,100000004177936100,terminal,0.3,20,0.0106,"Possible final recipient (hop 4 truncated): received 10,000 KZT from 1 payers; chain stopped, needs follow-up.",1,0,10000.0,0.0,0.00033700711990315843,0.0,4,False,True,False,False,False,
100000002922000100,100000002922000100,terminal,0.3,16,0.016,"Possible final recipient (hop 4 truncated): received 448,000 KZT from 1 payers; chain stopped, needs follow-up.",1,0,448000.0,0.0,0.00045972245214284343,0.0,4,False,True,False,False,False,
100000002404112100,100000002404112100,terminal,0.3,21,0.0103,"Possible final recipient (hop 4 truncated): received 60,000 KZT from 1 payers; chain stopped, needs follow-up.",1,0,60000.0,0.0,0.0003300834785756558,0.0,4,False,True,False,False,False,
100000000634341100,100000000634341100,terminal,0.3,24,0.0201,"Possible final recipient (hop 4 truncated): received 24,000 KZT from 1 payers; chain stopped, needs follow-up.",1,0,24000.0,0.0,0.00055493827193886,0.0,4,False,True,False,False,False,
100000001822650100,100000001822650100,terminal,0.3,19,0.0092,"Possible final recipient (hop 4 truncated): received 112,000 KZT from 1 payers; chain stopped, needs follow-up.",1,0,112000.0,0.0,0.00030590273887598653,0.0,4,False,True,False,False,False,
100000004791226100,100000004791226100,terminal,0.3,16,0.0195,"Possible final recipient (hop 4 truncated): received 20,000 KZT from 1 payers; chain stopped, needs follow-up.",1,0,20000.0,0.0,0.0005414836607379305,0.0,4,False,True,False,False,False,
100000007841978100,100000007841978100,terminal,0.3,7,0.018,"Possible final recipient (hop 4 truncated): received 449,000 KZT from 1 payers; chain stopped, needs follow-up.",1,0,449000.0,0.0,0.0005063238893873197,0.0,4,False,True,False,False,False,
100000006866831100,100000006866831100,terminal,0.3,5,0.0119,"Possible final recipient (hop 4 truncated): received 16,500 KZT from 1 payers; chain stopped, needs follow-up.",1,0,16500.0,0.0,0.00036767719063950316,0.0,4,False,True,False,False,False,
100000002999140100,100000002999140100,terminal,0.3,13,0.0085,"Possible final recipient (hop 4 truncated): received 10,000 KZT from 1 payers; chain stopped, needs follow-up.",1,0,10000.0,0.0,0.0002894826040557577,0.0,4,False,True,False,False,False,
100000002884708100,100000002884708100,terminal,0.3,19,0.0205,"Possible final recipient (hop 4 truncated): received 1,171,644 KZT from 1 payers; chain stopped, needs follow-up.",1,0,1171644.0,0.0,0.0005625754563953265,0.0,4,False,True,False,False,False,
100000001130553100,100000001130553100,terminal,0.3,20,0.0196,"Possible final recipient (hop 4 truncated): received 18,000 KZT from 1 payers; chain stopped, needs follow-up.",1,0,18000.0,0.0,0.0005436529519802218,0.0,4,False,True,False,False,False,
100000006351075100,100000006351075100,terminal,0.3,16,0.0086,"Possible final recipient (hop 4 truncated): received 40,000 KZT from 1 payers; chain stopped, needs follow-up.",1,0,40000.0,0.0,0.0002910853306876047,0.0,4,False,True,False,False,False,
100000005616568100,100000005616568100,terminal,0.3,7,0.0147,"Possible final recipient (hop 4 truncated): received 530,000 KZT from 1 payers; chain stopped, needs follow-up.",1,0,530000.0,0.0,0.0004319554143337925,0.0,4,False,True,False,False,False,
100000006381453100,100000006381453100,terminal,0.3,19,0.0211,"Possible final recipient (hop 4 truncated): received 45,000 KZT from 1 payers; chain stopped, needs follow-up.",1,0,45000.0,0.0,0.0005761677704875265,0.0,4,False,True,False,False,False,
100000004616845100,100000004616845100,terminal,0.3,1,0.0085,"Possible final recipient (hop 4 truncated): received 20,200 KZT from 1 payers; chain stopped, needs follow-up.",1,0,20200.0,0.0,0.000288817668252161,0.0,4,False,True,False,False,False,
100000004908173100,100000004908173100,terminal,0.3,4,0.0099,"Possible final recipient (hop 4 truncated): received 21,000 KZT from 1 payers; chain stopped, needs follow-up.",1,0,21000.0,0.0,0.0003208294523116968,0.0,4,False,True,False,False,False,
100000004433250100,100000004433250100,terminal,0.3,16,0.0093,"Possible final recipient (hop 4 truncated): received 8,000 KZT from 1 payers; chain stopped, needs follow-up.",1,0,8000.0,0.0,0.0003065701457455701,0.0,4,False,True,False,False,False,
100000003664994100,100000003664994100,terminal,0.3,16,0.013,"Possible final recipient (hop 4 truncated): received 338,271 KZT from 1 payers; chain stopped, needs follow-up.",1,0,338271.0,0.0,0.0003911208228878406,0.0,4,False,True,False,False,False,
100000004673335100,100000004673335100,terminal,0.3,25,0.0175,"Possible final recipient (hop 4 truncated): received 80,000 KZT from 1 payers; chain stopped, needs follow-up.",1,0,80000.0,0.0,0.0004940906043598346,0.0,4,False,True,False,False,False,
100000002487222100,100000002487222100,terminal,0.3,7,0.0094,"Possible final recipient (hop 4 truncated): received 90,000 KZT from 1 payers; chain stopped, needs follow-up.",1,0,90000.0,0.0,0.0003104273146144327,0.0,4,False,True,False,False,False,
100000000018102100,100000000018102100,terminal,0.3,5,0.0099,"Possible final recipient (hop 4 truncated): received 7,000 KZT from 1 payers; chain stopped, needs follow-up.",1,0,7000.0,0.0,0.0003204029472448961,0.0,4,False,True,False,False,False,
100000008638859100,100000008638859100,terminal,0.3,5,0.0195,"Possible final recipient (hop 4 truncated): received 34,000 KZT from 1 payers; chain stopped, needs follow-up.",1,0,34000.0,0.0,0.0005396486131466575,0.0,4,False,True,False,False,False,
100000001131403100,100000001131403100,terminal,0.3,1,0.0194,"Possible final recipient (hop 4 truncated): received 1,570,000 KZT from 1 payers; chain stopped, needs follow-up.",1,0,1570000.0,0.0,0.00053804192960076,0.0,4,False,True,False,False,False,
100000001733216100,100000001733216100,terminal,0.3,16,0.0137,"Possible final recipient (hop 4 truncated): received 60,000 KZT from 1 payers; chain stopped, needs follow-up.",1,0,60000.0,0.0,0.00040765311721545095,0.0,4,False,True,False,False,False,
100000004400480100,100000004400480100,terminal,0.3,1,0.017,"Possible final recipient (hop 4 truncated): received 21,700 KZT from 1 payers; chain stopped, needs follow-up.",1,0,21700.0,0.0,0.0004845728560785352,0.0,4,False,True,False,False,False,
100000007539296100,100000007539296100,terminal,0.3,8,0.0202,"Possible final recipient (hop 4 truncated): received 46,000 KZT from 1 payers; chain stopped, needs follow-up.",1,0,46000.0,0.0,0.0005573238796527796,0.0,4,False,True,False,False,False,
100000008757301100,100000008757301100,terminal,0.3,24,0.0191,"Possible final recipient (hop 4 truncated): received 58,398 KZT from 1 payers; chain stopped, needs follow-up.",1,0,58398.0,0.0,0.0005305464848242217,0.0,4,False,True,False,False,False,
100000002752565100,100000002752565100,terminal,0.3,20,0.0106,"Possible final recipient (hop 4 truncated): received 57,000 KZT from 1 payers; chain stopped, needs follow-up.",1,0,57000.0,0.0,0.00033823599365261585,0.0,4,False,True,False,False,False,
100000002734815100,100000002734815100,terminal,0.3,19,0.0095,"Possible final recipient (hop 4 truncated): received 110,000 KZT from 1 payers; chain stopped, needs follow-up.",1,0,110000.0,0.0,0.00031219587687641694,0.0,4,False,True,False,False,False,
100000008333492100,100000008333492100,terminal,0.3,19,0.015,"Possible final recipient (hop 4 truncated): received 216,400 KZT from 1 payers; chain stopped, needs follow-up.",1,0,216400.0,0.0,0.000438010856156945,0.0,4,False,True,False,False,False,
100000006527156100,100000006527156100,terminal,0.3,16,0.0088,"Possible final recipient (hop 4 truncated): received 48,500 KZT from 1 payers; chain stopped, needs follow-up.",1,0,48500.0,0.0,0.0002960785446390128,0.0,4,False,True,False,False,False,
100000003448713100,100000003448713100,terminal,0.3,12,0.0091,"Possible final recipient (hop 4 truncated): received 266,750 KZT from 1 payers; chain stopped, needs follow-up.",1,0,266750.0,0.0,0.00030345492477779225,0.0,4,False,True,False,False,False,
100000004780083100,100000004780083100,terminal,0.3,16,0.0087,"Possible final recipient (hop 4 truncated): received 9,999 KZT from 1 payers; chain stopped, needs follow-up.",1,0,9999.0,0.0,0.00029338523165935545,0.0,4,False,True,False,False,False,
100000004798515100,100000004798515100,terminal,0.3,13,0.0118,"Possible final recipient (hop 4 truncated): received 200,000 KZT from 1 payers; chain stopped, needs follow-up.",1,0,200000.0,0.0,0.0003638354909866272,0.0,4,False,True,False,False,False,
100000004232712100,100000004232712100,terminal,0.3,7,0.019,"Possible final recipient (hop 4 truncated): received 12,500 KZT from 1 payers; chain stopped, needs follow-up.",1,0,12500.0,0.0,0.0005292762077277109,0.0,4,False,True,False,False,False,
100000005209352100,100000005209352100,terminal,0.3,20,0.0142,"Possible final recipient (hop 4 truncated): received 5,000 KZT from 1 payers; chain stopped, needs follow-up.",1,0,5000.0,0.0,0.00042028195414468963,0.0,4,False,True,False,False,False,
100000000561160100,100000000561160100,terminal,0.3,16,0.0149,"Possible final recipient (hop 4 truncated): received 240,000 KZT from 1 payers; chain stopped, needs follow-up.",1,0,240000.0,0.0,0.00043625462329844033,0.0,4,False,True,False,False,False,
100000003568904100,100000003568904100,terminal,0.3,11,0.0191,"Possible final recipient (hop 4 truncated): received 49,000 KZT from 1 payers; chain stopped, needs follow-up.",1,0,49000.0,0.0,0.0005317310119569392,0.0,4,False,True,False,False,False,
100000000470237100,100000000470237100,terminal,0.3,26,0.0214,"Possible final recipient (hop 4 truncated): received 32,500 KZT from 1 payers; chain stopped, needs follow-up.",1,0,32500.0,0.0,0.0005846333941764128,0.0,4,False,True,False,False,False,
100000008560263100,100000008560263100,terminal,0.3,7,0.0095,"Possible final recipient (hop 4 truncated): received 100,000 KZT from 1 payers; chain stopped, needs follow-up.",1,0,100000.0,0.0,0.0003131893168807817,0.0,4,False,True,False,False,False,
100000000542087100,100000000542087100,terminal,0.3,7,0.0084,"Possible final recipient (hop 4 truncated): received 8,507 KZT from 1 payers; chain stopped, needs follow-up.",1,0,8506.91,0.0,0.0002864146027372091,0.0,4,False,True,False,False,False,
100000004403548100,100000004403548100,terminal,0.3,20,0.0119,"Possible final recipient (hop 4 truncated): received 5,000 KZT from 1 payers; chain stopped, needs follow-up.",1,0,5000.0,0.0,0.00036786566472081733,0.0,4,False,True,False,False,False,
100000003010908100,100000003010908100,terminal,0.3,17,0.0133,"Possible final recipient (hop 4 truncated): received 17,000 KZT from 1 payers; chain stopped, needs follow-up.",1,0,17000.0,0.0,0.00039940942699817443,0.0,4,False,True,False,False,False,
100000006756956100,100000006756956100,terminal,0.3,16,0.0094,"Possible final recipient (hop 4 truncated): received 121,200 KZT from 1 payers; chain stopped, needs follow-up.",1,0,121200.0,0.0,0.00031094703412755853,0.0,4,False,True,False,False,True,
100000007357489100,100000007357489100,terminal,0.4,19,0.0179,"Possible final recipient (hop 4 truncated): received 164,500 KZT from 2 payers; chain stopped, needs follow-up.",2,0,164500.0,0.0,0.00031295949170801585,0.0,4,False,True,False,False,False,
100000002599729100,100000002599729100,terminal,0.3,16,0.0171,"Possible final recipient (hop 4 truncated): received 65,000 KZT from 1 payers; chain stopped, needs follow-up.",1,0,65000.0,0.0,0.00048578643675265784,0.0,4,False,True,False,False,False,
100000005849862100,100000005849862100,terminal,0.3,16,0.0198,"Possible final recipient (hop 4 truncated): received 13,000 KZT from 1 payers; chain stopped, needs follow-up.",1,0,13000.0,0.0,0.0005484355639203494,0.0,4,False,True,False,False,False,
100000008762843100,100000008762843100,terminal,0.3,19,0.0084,"Possible final recipient (hop 4 truncated): received 7,000 KZT from 1 payers; chain stopped, needs follow-up.",1,0,7000.0,0.0,0.0002872637131137807,0.0,4,False,True,False,False,False,
100000002723674100,100000002723674100,terminal,0.3,15,0.0102,"Possible final recipient (hop 4 truncated): received 30,000 KZT from 1 payers; chain stopped, needs follow-up.",1,0,30000.0,0.0,0.00032717446121334877,0.0,4,False,True,False,False,False,
100000008758106100,100000008758106100,terminal,0.3,19,0.0084,"Possible final recipient (hop 4 truncated): received 10,000 KZT from 1 payers; chain stopped, needs follow-up.",1,0,10000.0,0.0,0.00028688487138758524,0.0,4,False,True,False,False,False,
100000001286703100,100000001286703100,terminal,0.3,7,0.0084,"Possible final recipient (hop 4 truncated): received 20,500 KZT from 1 payers; chain stopped, needs follow-up.",1,0,20500.0,0.0,0.0002872398381747619,0.0,4,False,True,False,False,False,
